tree
version=v4
num_class=1
num_tree_per_iteration=1
label_index=0
max_feature_idx=80
objective=binary sigmoid:1
feature_names=Column_0 Column_1 Column_2 Column_3 Column_4 Column_5 Column_6 Column_7 Column_8 Column_9 Column_10 Column_11 Column_12 Column_13 Column_14 Column_15 Column_16 Column_17 Column_18 Column_19 Column_20 Column_21 Column_22 Column_23 Column_24 Column_25 Column_26 Column_27 Column_28 Column_29 Column_30 Column_31 Column_32 Column_33 Column_34 Column_35 Column_36 Column_37 Column_38 Column_39 Column_40 Column_41 Column_42 Column_43 Column_44 Column_45 Column_46 Column_47 Column_48 Column_49 Column_50 Column_51 Column_52 Column_53 Column_54 Column_55 Column_56 Column_57 Column_58 Column_59 Column_60 Column_61 Column_62 Column_63 Column_64 Column_65 Column_66 Column_67 Column_68 Column_69 Column_70 Column_71 Column_72 Column_73 Column_74 Column_75 Column_76 Column_77 Column_78 Column_79 Column_80
feature_infos=[-5.1993374824523926:5.1993374824523926] [-5.1993374824523926:5.1993374824523926] [-5.1993374824523926:5.1993374824523926] [-5.1993374824523926:5.1993374824523926] [-5.1993374824523926:5.1993374824523926] [-5.1993374824523926:5.1993374824523926] [-5.1993374824523926:5.1993374824523926] [-5.1993374824523926:5.1993374824523926] none none none [-5.1993374824523926:5.1993374824523926] [-5.1993374824523926:5.1993374824523926] [-5.1993374824523926:5.1993374824523926] [-5.1993374824523926:5.1993374824523926] [-5.1993374824523926:5.1993374824523926] [-5.1993374824523926:5.1993374824523926] none [-5.1993374824523926:5.1993374824523926] [-5.1993374824523926:5.1993374824523926] [-5.1993374824523926:5.1993374824523926] [-5.1993374824523926:5.1993374824523926] [-5.1993374824523926:5.1993374824523926] none none [-5.1993374824523926:5.1993374824523926] [-5.1993374824523926:5.1993374824523926] [-5.1993374824523926:5.1993374824523926] none none [-5.1993374824523926:5.1993374824523926] [-5.1993374824523926:5.1993374824523926] [-5.1993374824523926:5.1993374824523926] [-5.1993374824523926:5.1993374824523926] [-5.1993374824523926:5.1993374824523926] [-5.1993374824523926:5.1993374824523926] [-5.1993374824523926:5.1993374824523926] [-5.1993374824523926:5.1993374824523926] none none none [-5.1993374824523926:5.1993374824523926] [-5.1993374824523926:5.1993374824523926] [-5.1993374824523926:5.1993374824523926] [-5.1993374824523926:5.1993374824523926] [-5.1993374824523926:5.1993374824523926] [-5.1993374824523926:5.1993374824523926] [-5.1993374824523926:3.2902452945709229] [-5.1993374824523926:5.1993374824523926] [-5.1993374824523926:5.1993374824523926] [-5.1993374824523926:5.1993374824523926] [-5.1993374824523926:5.1993374824523926] [-5.1993374824523926:5.1993374824523926] [-5.1993374824523926:5.1993374824523926] none [-5.1993374824523926:5.1993374824523926] [-5.1993374824523926:5.1993374824523926] [-5.1993374824523926:5.1993374824523926] [-5.1993374824523926:5.1993374824523926] [-5.1993374824523926:2.967430591583252] [-5.1993374824523926:2.6117122173309326] [-5.1993374824523926:5.1993374824523926] [-5.1993374824523926:5.1993374824523926] [-5.1993374824523926:5.1993374824523926] [-5.1993374824523926:5.1993374824523926] [-5.1993374824523926:5.1993374824523926] [-5.1993374824523926:5.1993374824523926] [-5.1993374824523926:0.91658645868301392] [-5.1993374824523926:5.1993374824523926] [-5.1993374824523926:5.1993374824523926] [-5.1993374824523926:5.1993374824523926] [-5.1993374824523926:5.1993374824523926] [-5.1993374824523926:5.1993374824523926] [-5.1993374824523926:5.1993374824523926] [-5.1993374824523926:5.1993374824523926] [-5.1993374824523926:5.1993374824523926] [-5.1993374824523926:5.1993374824523926] [-5.1993374824523926:5.1993374824523926] [-5.1993374824523926:5.1993374824523926] [-5.1993374824523926:5.1993374824523926] [-5.1993374824523926:5.1993374824523926]
tree_sizes=3311 3405 3398 3414 3401 3416 3408 3404 3413 3426 3424 3425 3442 3427 3427 3437 3441 3435 3445 3457 3449 3453 3447 3441 3450 3445 3458 3447 3450 3473 3450 3453 3456 3447 3452 3455 3451 3463 3450 3478 3466 3463 3473 3457 3463 3461 3470 3455 3475 3475 3475 3458 3463 3475 3476 3452 3469 3480 3485 3466 3482 3480 3503 3477 3467 3489 3480 3492 3498 3486 3462 3509 3507 3488 3500 3487 3499 3524 3492 3502 3508 3528 3525 3494 3496 3510 3447 3456 3512 3480 3500 3518 3525 3517 3501 3522 3542 3459 3505 3537

Tree=0
num_leaves=31
num_cat=0
split_feature=21 5 11 61 25 80 25 60 52 22 60 60 25 25 60 45 25 59 4 13 60 35 15 21 25 49 35 33 42 45
split_gain=29524.2 15306 10565.9 7469.11 5173.63 1550.07 988.563 703.543 672.727 636.548 491.045 481.742 817.242 457.412 333.138 316.419 309.182 302.713 222.844 186.349 161.758 138.917 89.5527 89.1172 158.259 87.8883 70.5742 281.924 31.6209 111.512
threshold=1.0562039017677309 -0.98906767368316639 -0.64668455719947804 -1.5722193121910093 0.28473690152168279 0.77870967984199535 -2.4812740087509151 -0.13110261410474774 0.27533003687858587 -0.090487860143184648 1.7683537006378176 -0.34476159512996668 0.54497653245925914 0.54497653245925914 -0.13287790864706037 2.4979021549224858 -2.5739797353744502 0.91707691550254833 2.9342174530029301 2.3348006010055546 -0.13110261410474774 1.123503625392914 3.6377472877502446 1.0472381114959719 0.54497653245925914 1.0023526549339297 1.0859044790267947 0.49922898411750799 0.54671487212181102 1.298930883407593
decision_type=2 2 2 2 2 2 2 2 2 2 2 2 2 2 2 2 2 2 2 2 2 2 2 2 2 2 2 2 2 2
left_child=1 2 3 4 5 -1 9 -7 20 -3 26 12 -4 -2 -11 16 17 -13 22 -20 -5 -22 23 -8 -25 -24 -9 -28 -18 -30
right_child=13 6 11 8 -6 7 18 10 -10 14 -12 15 -14 -15 -16 -17 28 -19 19 -21 21 -23 25 24 -26 -27 27 -29 29 -31
leaf_value=1.4901107892337475 0.87342518466322583 0.88903810840898922 0.87316033440249774 1.4688384103207366 1.490110407963279 1.466681969507297 1.4882985116139844 0.88413743243651721 1.484837467573999 0.87315975821872849 1.4901104093410287 1.4584720391148778 1.4901103844743215 1.4901104023424212 1.4901104606882083 0.87316060296511844 1.485723172572589 0.87898049940747836 1.490110550966546 0.87316046758071564 0.87852601101747885 1.4901104475962075 1.4901104582826192 0.97057418153728925 1.4901105070954566 0.87316051709609499 1.4803178230085985 0.88437760529907239 1.2337720574238566 1.4762151351708475
leaf_weight=64.024751827120781 1133.9659225195646 44.087875813245773 37.766430422663689 4.7005301117897025 539.26595832407475 25.609862223267555 8333.9061557352543 309.74976785480976 18.964289858937263 10.535694122314451 14.749985426664351 18.964272916316986 49.760951474308968 12.156581878662108 51.705994874238968 8.9148262143135053 1048.3809081166983 17.181294620037079 8.9148270785808563 10.859878838062286 987.76305617392063 3.7280264794826499 4.538457512855528 9.2390128970146197 16.046676635742188 4.7005444318056107 10.211538314819334 35.65929639339447 23.016459435224533 107.95044468343258
leaf_count=395 6996 272 233 29 3327 158 51416 1911 117 65 91 117 307 75 319 55 6468 106 55 67 6094 23 28 57 99 29 63 220 142 666
internal_value=1.36456 1.41155 1.22971 1.08588 1.27996 1.03359 1.48275 0.959781 0.894832 1.17975 0.924731 1.45055 1.22391 0.879966 1.38568 1.46675 1.47111 1.18302 1.48659 1.15129 0.8836 0.880826 1.48739 1.48773 1.30028 1.17622 0.901281 1.01704 1.47994 1.43361
internal_weight=12967 11820.9 3326.36 2014.43 999.271 460.005 8494.54 395.98 1015.16 106.33 370.371 1311.94 87.5274 1146.12 62.2417 1224.41 1215.49 36.1456 8388.21 19.7747 996.192 991.491 8368.43 8359.19 25.2857 9.239 355.621 45.8708 1179.35 130.967
internal_count=80000 72929 20522 12428 6165 2838 52407 2443 6263 656 2285 8094 540 7071 384 7554 7499 223 51751 122 6146 6117 51629 51572 156 57 2194 283 7276 808
is_linear=0
shrinkage=1


Tree=1
num_leaves=31
num_cat=0
split_feature=21 5 11 61 25 80 25 25 34 60 22 52 60 61 25 45 4 60 14 44 26 60 21 25 15 35 49 45 46 35
split_gain=18817.1 12444.5 7048.16 3828.39 3546.15 902.906 819.286 395.872 785.838 382.81 362.724 353.081 264.379 249.979 238.246 224.851 183.19 147.816 133.795 96.3281 92.855 83.4231 79.304 106.762 74.6468 64.6062 52.842 37.4888 276.213 28.7723
threshold=1.0562039017677309 -0.98906767368316639 -0.64668455719947804 -1.575651943683624 0.28473690152168279 0.77870967984199535 -2.4973684549331661 0.28473690152168279 -0.23098829388618466 -0.13110261410474774 -0.090487860143184648 0.27533003687858587 1.7683537006378176 -0.61464563012123097 0.54497653245925914 0.8680177927017213 2.8717479705810551 0.24725124984979632 2.3750598430633549 -0.10748568922281264 1.0565259307622912 -0.13110261410474774 1.0472381114959719 0.54497653245925914 3.6377472877502446 1.0859044790267947 1.0023526549339297 1.4362195134162905 0.96220111846923839 1.0859044790267947
decision_type=2 2 2 2 2 2 2 2 2 2 2 2 2 2 2 2 2 2 2 2 2 2 2 2 2 2 2 2 2 2
left_child=1 2 3 4 5 -1 10 8 17 -7 -3 21 29 27 -2 -12 22 20 -18 -19 -4 -5 24 -24 -8 -23 -26 28 -10 -11
right_child=14 6 7 11 -6 9 16 -9 13 12 15 -13 -14 -15 -16 -17 18 19 -20 -21 -22 25 23 -25 26 -27 -28 -29 -30 -31
leaf_value=0.12253594545898586 -0.33930367783502779 -0.33081331249678281 -0.34868011619772199 0.10034764678588755 0.12253476656396863 0.098136661370469849 0.12067223321998427 0.11932312692350622 0.1227200377076539 -0.33348908793479864 0.12253489586529634 0.11697762864978918 0.12253477470667445 -0.35173871284626002 0.12253477881934127 -0.33944646815113638 0.12254296694992624 0.10386243166788314 -0.34786807872764935 -0.42120194523362375 0.12323793838659335 -0.33653906026995412 -0.28470988164373895 0.12253470276408383 0.12253488234709671 0.072848638957214273 -0.33944672102038581 0.12272415273894517 -0.42992635411865304 -0.25630639802011934
leaf_weight=59.283924251794815 1453.6782151758671 56.153781116008759 69.102712154388428 4.411084532737731 499.32972797751427 24.065118730068207 7722.8539637178183 870.60267071425915 58.475304543972015 395.32768112421036 47.876818060874939 17.618444606661797 13.657647550106047 12.79810158908367 11.256302833557127 13.507631778717039 10.358210921287537 15.563639506697657 14.524264812469482 4.5055331885814658 4.4371047168970099 1263.1823139637709 11.358350947499275 14.858340263366699 4.2023530602455121 3.8666224777698508 6.0264799147844315 198.70416760444641 10.698373556137083 55.020618379116058
leaf_count=395 6996 272 341 29 3327 158 51398 5769 388 1911 319 117 91 63 75 65 69 102 71 25 29 6092 57 99 28 25 29 1317 60 283
internal_value=0.00176005 0.0448206 -0.109831 -0.212256 -0.0701785 -0.245983 0.114901 0.0823485 -0.00365602 -0.290745 -0.147143 -0.327618 -0.310914 0.0800239 -0.335755 0.020876 0.118857 -0.254561 -0.152043 -0.0140146 -0.320206 -0.333778 0.119726 -0.0539035 0.120315 -0.33529 -0.149649 0.100652 0.037248 -0.324059
internal_weight=12947.3 11482.4 3580.65 2335.76 1046.68 547.355 7901.72 1244.89 374.285 488.071 117.538 1289.08 464.006 280.676 1464.93 61.3844 7784.18 93.609 24.8825 20.0692 73.5398 1271.46 7759.3 26.2167 7733.08 1267.05 10.2288 267.878 69.1737 450.348
internal_count=80000 72929 20522 12428 6165 2838 52407 8094 2325 2443 656 6263 2285 1828 7071 384 51751 497 140 127 370 6146 51611 156 51455 6117 57 1765 448 2194
is_linear=0
shrinkage=0.1


Tree=2
num_leaves=31
num_cat=0
split_feature=21 5 11 61 25 25 80 25 34 45 60 52 61 60 25 4 80 60 14 21 25 43 15 35 49 45 46 22 45 25
split_gain=13791.3 10499.1 5251.05 2447.26 2696 704.1 626.142 355.812 599.256 260.593 255.904 233.533 192.774 176.347 157.377 157.354 121.54 95.7541 94.4492 71.4136 79.6809 67.3484 64.301 41.5921 37.5811 34.8813 198.25 21.5599 21.4416 35.0874
threshold=1.0562039017677309 -0.98906767368316639 -0.64668455719947804 -1.5722193121910093 0.28473690152168279 -2.4812740087509151 0.77870967984199535 0.28473690152168279 -0.23098829388618466 -0.35179598629474634 -0.13110261410474774 0.27533003687858587 -0.61464563012123097 1.7683537006378176 0.54497653245925914 2.8717479705810551 0.77870967984199535 0.24725124984979632 2.3750598430633549 1.0472381114959719 0.54497653245925914 -0.11553573980927466 3.6377472877502446 1.0859044790267947 1.0023526549339297 1.4362195134162905 0.96220111846923839 2.0354989767074589 2.0314731597900395 1.0897794961929324
decision_type=2 2 2 2 2 2 2 2 2 2 2 2 2 2 2 2 2 2 2 2 2 2 2 2 2 2 2 2 2 2
left_child=1 2 3 4 6 9 -1 8 17 -3 -8 23 25 -12 -2 19 -11 27 -17 22 -21 -19 -7 -5 -24 26 -10 -4 -9 -30
right_child=14 5 7 11 -6 15 10 28 12 16 13 -13 -14 -15 -16 18 -18 21 -20 20 -22 -23 24 -25 -26 -27 -28 -29 29 -31
leaf_value=0.11993662144732514 -0.27041083898551882 0.096532291703999795 -0.26961879775400555 -0.26713750616447646 0.11993596435976572 0.11795081010536462 0.094364713274720291 0.11879555781117473 0.12009831746910445 0.1208697676649355 -0.258644678345336 0.11403063100824747 -0.27775175962007059 0.11993596912558342 0.11993600701108023 0.11994307670643348 -0.26315610187623623 0.1002557584868892 -0.27553731351365168 -0.22766738835097114 0.11993597318931169 -0.31367049920993467 0.11993600425698275 0.068759716013215441 -0.27052535743730644 0.12009970243063886 -0.31529557207646774 -0.067329583906612436 0.12023563782192769 -0.18506656427752793
leaf_weight=54.743522316217422 1629.9588212668896 36.827369689941406 76.570026025176048 1420.5480876863003 461.09565129876137 7140.8322664052248 22.600702568888664 790.11664901673794 54.005971863865852 9.2399936914443952 504.26575882732868 16.332613974809647 14.476766884326933 12.611874580383299 10.394400596618651 9.5651385784149188 76.255109369754791 14.563174635171892 16.379916191101074 12.697309821844101 13.720605850219727 5.384023278951644 3.8805763721466047 3.6959537863731375 6.7572662383317947 183.52061548829079 12.969475865364073 5.6579841822385779 9.658170282840727 6.1686484813690177
leaf_count=395 6996 255 334 6121 3327 51398 158 5658 388 66 2194 117 63 91 75 69 335 102 71 57 99 25 28 25 29 1317 60 36 69 42
internal_value=0.00254463 0.0428975 -0.0951853 -0.177202 -0.06151 0.11205 -0.202306 0.0793154 -0.00228192 -0.125857 -0.235005 -0.261954 0.0770518 -0.249407 -0.267937 0.11609 -0.221652 -0.208019 -0.129736 0.116979 -0.0471335 -0.0114686 0.117585 -0.266266 -0.128089 0.0975567 0.0357864 -0.2557 0.116487 0.00124129
internal_weight=12635.5 10995.1 3668.99 2495.89 1055.32 7326.16 594.222 1173.09 367.148 122.322 539.478 1440.58 264.973 516.878 1640.35 7203.83 85.4951 102.175 25.9451 7177.89 26.4179 19.9472 7151.47 1424.24 10.6378 250.496 66.9754 82.228 805.943 15.8268
internal_count=80000 72929 20522 12428 6165 52407 2838 8094 2325 656 2443 6263 1828 2285 7071 51751 401 497 140 51611 156 127 51455 6146 57 1765 448 370 5769 111
is_linear=0
shrinkage=0.1


Tree=3
num_leaves=31
num_cat=0
split_feature=21 5 11 61 25 25 80 25 34 80 60 52 66 4 60 25 41 14 60 21 25 15 6 43 45 43 35 60 45 34
split_gain=10755.4 9013.93 4122.09 1733.08 2150.39 614.9 469.552 320.422 479.1 201.465 187.342 170.622 156.734 137.413 129.109 115.117 108.293 72.0921 68.2098 64.5548 62.5021 57.0382 55.8152 51.5795 32.2672 155.705 30.0481 54.4573 25.2663 20.7519
threshold=1.0562039017677309 -0.98906767368316639 -0.64668455719947804 -1.5722193121910093 0.28473690152168279 -2.4812740087509151 0.77870967984199535 0.28473690152168279 -0.23098829388618466 -1.0000000180025095e-35 -0.13110261410474774 0.27533003687858587 -0.56423303484916676 2.8717479705810551 1.7683537006378176 0.54497653245925914 2.1218419075012211 2.3750598430633549 0.24725124984979632 1.0472381114959719 0.54497653245925914 3.1775089502334599 -0.30290576815605158 -0.11553573980927466 1.4362195134162905 0.77217972278594982 1.0859044790267947 -0.13110261410474774 -0.57483366131782521 -0.54144781827926625
decision_type=2 2 2 2 2 2 2 2 2 2 2 2 2 2 2 2 2 2 2 2 2 2 2 2 2 2 2 2 2 2
left_child=1 2 3 4 6 9 -1 8 18 -3 -8 26 24 19 29 -2 28 -15 -4 21 -21 -7 -23 -20 25 -10 27 -5 -11 -12
right_child=15 5 7 11 -6 13 10 -9 12 16 14 -13 -14 17 -16 -17 -18 -19 23 20 -22 22 -24 -25 -26 -27 -28 -29 -30 -31
leaf_value=0.11768290175497431 -0.23000062585145767 0.11980735568779839 -0.21694826384309818 0.10668445582500639 0.11768273457865373 0.11562641169684398 0.090756081635333719 0.11398699157744517 0.11782517315551683 -0.0060473477581807896 -0.22734556105255224 0.11136466653323661 -0.23509164229808666 0.11768909357487015 0.11768275744957075 0.11768275649427573 0.11979471829954896 -0.23362353493045496 0.096837529134100708 -0.19159112013327048 0.11768271272618738 -0.26577510923397862 0.11773482958563253 -0.25795126935256668 0.11782506423423034 -0.25746014765625341 0.0648265390142269 -0.22808718977747533 -0.23341810907972907 -0.17107674088754762
leaf_weight=50.433387845754623 1718.9411899745464 28.944573044776917 86.91768054664135 4.8749792575836173 424.79256489872932 6584.0295458287001 21.221406117081642 744.57181313633919 49.76063796877861 5.2088743448257437 456.93995589017868 15.113937094807623 15.336712792515753 8.8121196031570452 11.618908822536467 9.5760240554809553 10.595343410968779 17.325535774230957 13.61861637234688 13.527471110224724 12.64036750793457 7.7668194770812988 7.4206357449293119 5.861246943473815 169.0965281277895 14.213390126824377 3.5366707742214194 1494.5955898314714 79.177039623260498 76.517741069197655
leaf_count=395 6996 219 370 29 3327 51363 158 5769 388 35 1867 117 63 69 91 75 78 71 102 57 99 34 58 25 1317 60 25 6092 324 327
internal_value=0.00296799 0.0412412 -0.0852349 -0.154795 -0.0554519 0.109544 -0.174704 0.0767196 -0.00148761 -0.111162 -0.200743 -0.22295 0.0745628 0.113656 -0.212092 -0.228074 -0.181547 -0.115181 -0.179043 0.114558 -0.0421965 0.11518 -0.078391 -0.00991398 0.094939 0.0344464 -0.226312 -0.226999 -0.219383 -0.219275
internal_weight=12163 10434.5 3659.02 2559.65 1041.52 6775.45 616.731 1099.38 354.805 123.926 566.298 1518.12 248.407 6651.52 545.077 1728.52 94.9813 26.1377 106.398 6625.38 26.1678 6599.22 15.1875 19.4799 233.071 63.974 1503.01 1499.47 84.3859 533.458
internal_count=80000 72929 20522 12428 6165 52407 2838 8094 2325 656 2443 6263 1828 51751 2285 7071 437 140 497 51611 156 51455 92 127 1765 448 6146 6121 359 2194
is_linear=0
shrinkage=0.1


Tree=4
num_leaves=31
num_cat=0
split_feature=21 5 11 61 25 25 41 25 34 80 60 52 65 4 64 60 25 41 59 21 14 15 25 35 76 45 22 35 45 35
split_gain=8694.03 7822.43 3341.31 1305.12 1765.77 541.621 369.5 288.487 392.443 162.643 144.621 131.923 129.264 121.066 117.667 100.86 89.1301 84.718 60.4771 58.6659 57.5043 50.9031 50.4935 45.1139 44.401 29.8533 127.45 23.1084 22.1318 29.82
threshold=1.0562039017677309 -0.98906767368316639 -0.64668455719947804 -1.5722193121910093 0.28473690152168279 -2.4812740087509151 -0.2461886331439018 0.28473690152168279 -0.22271029651165006 -1.0000000180025095e-35 -0.13110261410474774 0.27533003687858587 -0.56422829627990712 2.8717479705810551 -1.1460160613059995 1.7683537006378176 0.54497653245925914 2.1218419075012211 0.87904053926467907 1.0472381114959719 2.3750598430633549 3.1775089502334599 0.54497653245925914 0.8510744869709016 -1.0000000180025095e-35 1.4362195134162905 -0.4864691942930221 1.0859044790267947 2.0314731597900395 1.0383262038230898
decision_type=2 2 2 2 2 2 2 2 2 2 2 2 2 2 2 2 2 2 2 2 2 2 2 2 2 2 2 2 2 2
left_child=1 2 3 4 6 9 -1 8 18 -3 -8 27 25 14 -7 -12 -2 -11 -4 21 -15 -16 -21 -20 -23 26 -10 -5 -9 -30
right_child=16 5 7 11 -6 13 10 28 12 17 15 -13 -14 20 19 -17 -18 -19 23 22 -22 24 -24 -25 -26 -27 -28 -29 29 -31
leaf_value=0.11626549153649016 -0.20325689189693527 0.11763995927292124 0.070880222055016248 -0.20039425150930346 0.1157196151362367 -0.73124133028359362 0.087271949471933424 0.11435993018681233 -0.22196853488575718 -0.19332070608103163 -0.19289120219032152 0.10892615144333068 -0.20726747139618365 0.11572497462973833 0.11372971556047524 0.11571957256096699 0.11571955830675953 0.11757429298099638 -0.20429837379189142 -0.16626569808179406 -0.20606155542491594 -0.23133739689085731 0.11571978077166481 0.025092213681689179 0.11576500826198484 0.11584384017250127 0.11584557172569823 0.061034205860547266 -0.17046951388449097 0.11683372357106191
leaf_weight=46.286919914186001 1748.5032560750842 26.647777676582336 10.455392897129057 1526.7447859719396 390.55276624858379 1.652759552001952 19.92926824837923 672.0946539491415 14.799212217330931 86.064517378807068 545.15540064126253 13.966152325272558 15.392640441656111 8.1018722057342547 6061.728620544076 10.799777664244173 8.804165840148924 9.7587758302688581 88.646378085017204 13.999761641025543 17.6555495262146 8.0141773223876935 11.621490478515625 9.4914918392896634 6.8228307515382758 155.48675332218409 45.519666738808155 3.388659454882144 6.4625577032566062 8.1921988129615766
leaf_count=391 6996 219 68 6121 3327 14 158 5658 60 359 2197 117 62 69 51349 92 75 78 368 57 71 34 99 64 58 1317 386 25 44 67
internal_value=0.00321685 0.0398222 -0.0779765 -0.139162 -0.0509423 0.107338 -0.15556 0.07442 -0.000944657 -0.100888 -0.177408 -0.197023 0.0727085 0.111499 0.112412 -0.186896 -0.201659 -0.161659 -0.157754 0.11264 -0.104845 0.113277 -0.0383605 -0.182113 -0.0717216 0.0926782 0.032963 -0.199815 0.111709 -0.00986328
internal_weight=11592.7 9835.43 3583.36 2556.82 1012.72 6252.07 622.171 1026.54 339.792 122.471 575.884 1544.1 231.198 6129.6 6103.84 555.955 1757.31 95.8233 108.593 6102.19 25.7574 6076.57 25.6213 98.1379 14.837 215.806 60.3189 1530.13 686.749 14.6548
internal_count=80000 72929 20522 12428 6165 52407 2838 8094 2325 656 2447 6263 1825 51751 51611 2289 7071 437 500 51597 140 51441 156 432 92 1763 446 6146 5769 111
is_linear=0
shrinkage=0.1


Tree=5
num_leaves=31
num_cat=0
split_feature=21 5 11 61 25 25 80 25 34 45 60 66 4 52 60 25 64 80 21 59 14 15 25 60 60 60 45 46 45 25
split_gain=7194.39 6835.71 2765.32 1022.57 1476.5 479.656 299.318 259.93 327.215 135.848 115.367 110.128 107.239 105.603 79.6457 71.5351 69.053 56.929 53.2568 48.2464 47.1786 45.4631 41.5857 37.4091 38.9176 36.4396 27.3791 107.062 20.8862 25.1432
threshold=1.0562039017677309 -0.98906767368316639 -0.64668455719947804 -1.5722193121910093 0.28473690152168279 -2.5739797353744502 0.77870967984199535 0.28473690152168279 -0.22271029651165006 -0.35179598629474634 -0.13110261410474774 -0.56423303484916676 2.8717479705810551 0.27533003687858587 1.7683537006378176 0.54497653245925914 -1.1460160613059995 -1.0000000180025095e-35 1.0472381114959719 0.87904053926467907 2.3750598430633549 3.1775089502334599 0.54497653245925914 0.24725124984979632 0.26029552519321447 -1.0000000180025095e-35 1.4362195134162905 0.96220111846923839 2.0314731597900395 1.0897794961929324
decision_type=2 2 2 2 2 2 2 2 2 2 2 2 2 2 2 2 2 2 2 2 2 2 2 2 2 2 2 2 2 2
left_child=1 2 3 4 6 9 -1 8 19 -3 -8 26 16 -5 -12 -2 -7 -11 21 -4 -14 -18 -20 -21 -25 -23 27 -10 -9 -30
right_child=15 5 7 13 -6 12 10 28 11 17 14 -13 20 -15 -16 -17 18 -19 22 23 -22 25 -24 24 -26 -27 -28 -29 29 -31
leaf_value=0.11410605373315044 -0.18423195945012755 0.088204404123168392 0.066651887863810919 -0.18075901267443048 0.114001803004472 -0.40403298441930702 0.083882080813842408 0.11248781031168083 0.11411309256932256 0.11467281125973811 -0.17357284332911513 -0.18750465276996367 0.11400650477797741 0.10666816422727583 0.11400181474863365 0.11400181429725725 0.11184143296738105 -0.17899490208111421 -0.14723760674228412 -0.18875619135243782 -0.18652974751737236 0.11404164639960808 0.11400178344684855 0.11792292961765026 -0.2254436456630883 -0.20780895128213428 0.11411076746898281 -0.19786041708515523 0.11506422831872881 -0.14712737538617224
leaf_weight=42.725462429225445 1736.4906977936625 30.855990648269653 10.029656812548636 1522.4366191625595 358.43751848489046 2.6071243286132804 18.724227301776409 617.73794640600681 41.781041987240314 7.1806252896785727 545.13300085812807 15.315639361739157 7.4356926977634457 12.890931367874144 9.8039737939834577 8.0801982879638654 5572.733355268836 81.803093701601028 14.214195527136326 84.268017753958702 17.555972576141357 6.2620428800582877 10.66585636138916 8.7009724229574186 5.3185859322547904 8.0269251167774183 142.71702837198973 14.931389182806013 7.7803045362234098 6.9021700322628021
leaf_count=395 6996 255 68 6146 3327 14 158 5658 386 66 2194 62 69 117 91 75 51349 335 57 341 71 58 99 68 23 34 1317 60 69 42
internal_value=0.00337562 0.0385936 -0.0723761 -0.127488 -0.0473872 0.105369 -0.141237 0.0724077 -0.000567639 -0.092601 -0.160255 0.0709084 0.109576 -0.178346 -0.168492 -0.182851 0.110496 -0.155297 0.110735 -0.142273 -0.0971121 0.111385 -0.0352466 -0.163592 -0.0123397 -0.0667601 0.0907538 0.0319759 0.109686 -0.00819095
internal_weight=10969.5 9224.98 3465.63 2510.15 974.824 5759.34 616.387 955.483 323.062 119.84 573.661 214.745 5639.5 1535.33 554.937 1744.57 5614.51 88.9837 5611.9 108.317 24.9917 5587.02 24.8801 98.2876 14.0196 14.289 199.429 56.7124 632.42 14.6825
internal_count=80000 72929 20522 12428 6165 52407 2838 8094 2325 656 2443 1825 51751 6263 2285 7071 51611 401 51597 500 140 51441 156 432 91 92 1763 446 5769 111
is_linear=0
shrinkage=0.1


Tree=6
num_leaves=31
num_cat=0
split_feature=21 5 11 61 25 25 80 25 34 52 80 4 61 60 60 75 60 25 64 21 60 15 14 26 25 60 41 45 46 35
split_gain=6052.21 6003.76 2323.19 818.326 1248.26 426.755 251.892 235.078 265.682 114.496 113.927 95.3264 94.347 94.0889 65.0255 60.8389 60.521 58.8418 52.4968 48.4135 43.7726 40.6768 39.4672 39.3568 34.7113 30.5238 27.046 24.7894 91.3959 22.9634
threshold=1.0562039017677309 -0.98906767368316639 -0.55473172664642323 -1.575651943683624 0.28473690152168279 -2.5101424455642696 0.77870967984199535 0.28473690152168279 -0.22271029651165006 0.27533003687858587 0.77870967984199535 2.8717479705810551 -0.61464563012123097 -0.13110261410474774 1.7683537006378176 1.9772537350654604 -0.13110261410474774 0.54497653245925914 -1.1460160613059995 1.0472381114959719 0.24725124984979632 3.1775089502334599 2.3750598430633549 1.0565259307622912 0.54497653245925914 -1.0000000180025095e-35 -0.2461886331439018 1.4362195134162905 0.96220111846923839 1.0859044790267947
decision_type=2 2 2 2 2 2 2 2 2 2 2 2 2 2 2 2 2 2 2 2 2 2 2 2 2 2 2 2 2 2
left_child=1 2 3 4 6 10 -1 8 20 16 -3 18 27 -8 29 -12 -5 -2 -7 21 23 -20 -13 -4 -21 -23 -22 28 -10 -15
right_child=17 5 7 9 -6 11 13 -9 12 -11 15 22 -14 14 -16 -17 -18 -19 19 24 26 25 -24 -25 -26 -27 -28 -29 -30 -31
leaf_value=0.11258377598159486 -0.17002607327485009 0.11435694684759123 -0.17352537140708774 0.11666439664277194 0.11249323950124453 -0.30286242718138606 0.080562888786228054 0.10886857318239414 0.11259186453479571 0.10643648126974213 -0.16098572408576103 0.11249737753608538 -0.1727554212263524 -0.16676870961713122 0.11249320846984255 0.11594943722517169 -0.16773291188583961 0.1124932049681705 0.11014053626538954 -0.13222587136477715 0.098909266857814024 0.11252828470481656 -0.17198060707196777 0.12434889342459748 0.11249304770339053 -0.19066347256121299 -0.20810622098072662 0.11259082076490701 -0.18041408121596741 -0.10519188650882028
leaf_weight=40.045974597334862 1695.3957222551107 22.801097512245178 82.960924625396729 7.520466871559619 328.55355508625507 3.0963573455810538 17.604720994830132 578.89883913099766 38.289608776569366 15.552077896893023 84.533580303192139 6.8137171864509609 14.976479962468146 467.11644954234362 8.9838529676198942 8.7542889118194562 1487.8808138221502 7.4042744636535636 5116.3008347526193 14.242162771522999 11.79967727512121 5.7384161949157715 17.156169414520264 4.6861621811985961 9.7736473083496094 7.8805475085973722 3.7912710011005393 126.33613494038582 14.745361030101774 69.583964250981808
leaf_count=404 6996 219 342 48 3328 14 158 5742 386 154 359 69 62 1911 91 78 6133 75 51349 57 101 58 71 30 99 34 17 1272 60 283
internal_value=0.00347462 0.0375195 -0.0679294 -0.118041 -0.0443428 0.103597 -0.12975 0.0717374 -0.00049447 -0.163495 -0.0860218 0.107846 0.0683716 -0.146978 -0.154319 -0.134998 -0.166303 -0.168798 0.108771 0.109018 -0.130136 0.109681 -0.0911145 -0.157599 -0.0326333 -0.0629122 0.0242519 0.0885043 0.0311272 -0.158785
internal_weight=10319.2 8616.42 3319.33 2442.84 931.889 5297.09 603.335 876.484 297.586 1510.95 116.089 5181 194.348 563.289 545.684 93.2879 1495.4 1702.8 5157.03 5153.94 103.238 5129.92 23.9699 87.6471 24.0158 13.619 15.5909 179.371 53.035 536.7
internal_count=80000 72929 20522 12510 6175 52407 2847 8012 2270 6335 656 51751 1780 2443 2285 437 6181 7071 51611 51597 490 51441 140 372 156 92 118 1718 446 2194
is_linear=0
shrinkage=0.1


Tree=7
num_leaves=31
num_cat=0
split_feature=21 5 11 61 25 25 25 34 80 45 52 4 65 60 60 60 25 21 79 60 15 13 5 59 76 42 45 44 35 45
split_gain=5153.86 5294.24 1974.95 673.657 1068.77 380.474 211.167 228.002 210.816 99.0733 95.5908 84.9413 82.029 78.1009 54.0237 50.7054 49.266 43.9044 39.6108 36.4193 36.3247 33.4865 29.8248 29.7307 25.9364 22.7101 22.6211 78.9037 22.2437 22.1123
threshold=1.0562039017677309 -0.98906767368316639 -0.55473172664642323 -1.5722193121910093 0.28473690152168279 -2.4973684549331661 0.28473690152168279 -0.22271029651165006 0.77870967984199535 -0.35179598629474634 0.27533003687858587 2.8717479705810551 -0.56422829627990712 -0.13110261410474774 1.7683537006378176 -0.13110261410474774 0.54497653245925914 1.0472381114959719 1.7867030501365664 0.24725124984979632 3.1775089502334599 2.3348006010055546 0.93317300081253063 0.87904053926467907 -1.0000000180025095e-35 -0.2461886331439018 1.4362195134162905 0.9688982665538789 1.09099817276001 2.0314731597900395
decision_type=2 2 2 2 2 2 2 2 2 2 2 2 2 2 2 2 2 2 2 2 2 2 2 2 2 2 2 2 2 2
left_child=1 2 3 4 8 9 7 19 -1 -3 15 17 26 -10 -15 -5 -2 20 -11 23 -7 -13 -19 -4 -22 -21 27 -9 -17 -8
right_child=16 5 6 10 -6 11 29 12 13 18 -12 21 -14 14 -16 28 -18 22 -20 25 24 -23 -24 -25 -26 -27 -28 -29 -30 -31
leaf_value=0.11124551167853802 -0.15904271525745992 0.083700307884366124 0.10131064855494923 0.11258543704018936 0.11116401035949225 0.10833917794572601 0.11047132142990555 0.111251760329194 0.077296908402509162 -0.15354680286926381 0.10457929146304837 0.11116745278719727 -0.16137145199173736 -0.14719322014686373 0.11116397853925995 -0.157132724338197 0.11116398383177116 0.12084752121470405 0.11480136954558795 0.096138045693231755 -0.17758386623512726 -0.1607492884328775 -0.11582946522966804 -0.16108925584367811 0.1111950038623451 -0.18834744248747395 0.11125010754506837 -0.16722779293382917 0.07732514310239931 -0.018652221170490067
leaf_weight=36.648948177695274 1634.3111951798201 27.626752138137817 4.5637958869338027 7.0386182665824881 300.65990276634693 4695.2683087661862 518.09593839943409 35.041717678308487 16.56806443631649 78.010218121111393 14.309307388961313 6.2352698519825962 14.456208117306231 521.84929993748665 8.2211384624242765 1433.927544824779 6.7756633758544913 8.3327591717243212 5.9179697260260573 10.968866430222986 7.6275196075439453 16.549890398979187 14.747421972453592 80.15886102616787 5.2513991296291334 3.7706906571984282 115.6205780506134 14.337321192026137 4.0579393655061713 13.610831826925276
leaf_count=404 6996 255 31 48 3328 51363 5631 386 158 344 154 69 62 2194 91 6108 75 87 57 101 34 71 69 341 58 17 1272 60 25 111
internal_value=0.0035357 0.0365771 -0.0643415 -0.110884 -0.0419918 0.101993 0.0701998 -0.000269642 -0.120937 -0.0805564 -0.152614 0.106277 0.0670407 -0.136504 -0.143186 -0.155161 -0.157927 0.107205 -0.134625 -0.121715 0.107879 -0.086338 -0.0303807 -0.146954 -0.0598338 0.0233606 0.0870527 0.0303946 -0.156471 0.107166
internal_weight=9660.56 8019.47 3153.91 2343.28 883.947 4865.57 810.625 278.918 583.287 111.555 1459.33 4754.01 179.456 546.639 530.07 1445.02 1641.09 4731.23 83.9282 99.4622 4708.15 22.7852 23.0802 84.7227 12.8789 14.7396 165 49.379 1437.99 531.707
internal_count=80000 72929 20522 12510 6175 52407 8012 2270 2847 656 6335 51751 1780 2443 2285 6181 7071 51611 401 490 51455 140 156 372 92 118 1718 446 6133 5742
is_linear=0
shrinkage=0.1


Tree=8
num_leaves=31
num_cat=0
split_feature=21 5 11 61 25 25 25 34 80 80 52 4 66 60 60 73 60 25 55 6 64 60 13 21 49 21 59 35 45 45
split_gain=4429.92 4680.99 1693.72 565.162 920.992 340.15 189.761 197.132 178.107 86.4334 80.9017 75.7964 71.7846 65.5205 45.3636 44.1329 43.0235 41.8001 40.3255 76.6935 45.8124 30.7238 28.7178 28.6239 33.8502 25.3888 25.1493 24.5692 134.285 21.1769
threshold=1.0562039017677309 -0.98906767368316639 -0.55473172664642323 -1.5722193121910093 0.28473690152168279 -2.4812740087509151 0.28473690152168279 -0.22271029651165006 0.77870967984199535 0.77870967984199535 0.27533003687858587 2.8717479705810551 -0.56423303484916676 -0.13110261410474774 1.7683537006378176 1.9772537350654604 -0.13110261410474774 0.54497653245925914 2.7187701463699345 -0.55353292822837818 -1.1460160613059995 0.24725124984979632 2.3348006010055546 1.0472381114959719 -1.0000000180025095e-35 1.0214189291000368 0.87904053926467907 1.0859044790267947 2.1639494895935063 2.0314731597900395
decision_type=2 2 2 2 2 2 2 2 2 2 2 2 2 2 2 2 2 2 2 2 2 2 2 2 2 2 2 2 2 2
left_child=1 2 3 4 8 9 7 21 -1 -3 16 18 -9 -10 27 -11 -5 -2 20 -20 -7 26 -13 -22 -25 -21 -4 -15 -29 -8
right_child=17 5 6 10 -6 11 29 12 13 15 -12 22 -14 14 -16 -17 -18 -19 19 25 23 -23 -24 24 -26 -27 -28 28 -30 -31
leaf_value=0.11006156364584943 -0.15032532794635903 0.11216977596850863 0.097658812407545759 0.10883951676160292 0.10998948417448731 -0.26695484043542983 0.10918578990481614 0.085782971127641355 0.074071347458009335 -0.14090685734372752 0.10281876085592166 0.10999283329995908 -0.15235494122399604 -0.1462857676765664 0.10998942781373407 0.1129231986693597 -0.14753989717575794 0.10998941685687964 -0.26608286385136481 0.11014120495740923 0.10747281933813753 0.022523930859362429 -0.151844137043669 -0.16277781294147561 0.099540710680733752 -0.22684487334689452 -0.15151261766058416 0.17613916136509988 -0.15807292819092167 -0.016569136351039637
leaf_weight=33.499580711126328 1559.9764720723033 19.880896747112274 4.2760197669267646 6.5767420008778563 274.80440321564674 3.2800292968749991 474.02959387749434 151.49439135193825 15.610865190625189 79.311510443687439 13.157986029982565 5.6990750357508668 13.812375463545321 435.34060550481081 7.5141572952270499 7.4972900152206412 1375.7148137763143 6.1929869651794425 8.3099514245986921 25.24564186483622 4277.7957944795489 13.899195671081541 15.806432843208313 8.5624168813228625 11.561816394329069 2.4529577717185012 76.87078894674778 15.580599389970301 52.638616636395454 13.780272632837294
leaf_count=404 6996 219 31 48 3328 14 5631 1718 158 359 154 69 62 1911 91 78 6133 75 46 302 51090 118 71 35 112 12 341 63 220 111
internal_value=0.00357164 0.035734 -0.0613594 -0.105033 -0.0399588 0.100499 0.0688406 -9.59605e-05 -0.113517 -0.0759106 -0.143971 0.104817 0.0658851 -0.127738 -0.133902 -0.118985 -0.14632 -0.149296 0.105746 0.000361271 0.106628 -0.114852 -0.0824559 0.106913 -0.01207 0.0802981 -0.138383 -0.137542 -0.0817422 0.105633
internal_weight=9010.17 7444 2978.6 2230.44 834.989 4465.4 748.163 260.353 560.184 106.69 1395.45 4358.71 165.307 526.685 511.074 86.8088 1382.29 1566.17 4337.21 36.0086 4301.2 95.046 21.5055 4297.92 20.1242 27.6986 81.1468 503.56 68.2192 487.81
internal_count=80000 72929 20522 12510 6175 52407 8012 2270 2847 656 6335 51751 1780 2443 2285 437 6181 7071 51611 360 51251 490 140 51237 147 314 372 2194 283 5742
is_linear=0
shrinkage=0.1


Tree=9
num_leaves=31
num_cat=0
split_feature=21 5 11 61 25 25 25 34 80 45 52 4 36 60 60 64 60 21 25 80 55 76 35 60 14 35 44 72 63 45
split_gain=3835.56 4150.03 1462.17 477.687 800.422 304.461 172.687 169.004 152.367 75.3143 69.1026 67.7505 62.5248 55.7904 38.6291 38.1021 36.8186 36.6158 35.8313 31.3838 28.5896 66.0269 26.9304 26.8957 24.8338 22.5736 25.3105 22.2533 22.5312 21.7211
threshold=1.0562039017677309 -0.98906767368316639 -0.55473172664642323 -1.575651943683624 0.28473690152168279 -2.5081498622894283 0.28473690152168279 -0.22271029651165006 0.77870967984199535 -0.35179598629474634 0.27533003687858587 2.8717479705810551 1.5531140565872195 -0.13110261410474774 1.7683537006378176 -1.1460160613059995 -0.13110261410474774 1.0472381114959719 0.54497653245925914 -1.0000000180025095e-35 2.7472001314163212 -0.4293548166751861 1.1079714894294741 0.24725124984979632 2.3750598430633549 0.52141025662422191 -0.10115293040871619 0.082898695021867766 1.0000000180025095e-35 1.4070260524749758
decision_type=2 2 2 2 2 2 2 2 2 2 2 2 2 2 2 2 2 2 2 2 2 2 2 2 2 2 2 2 2 2
left_child=1 2 3 4 8 9 7 23 -1 -3 16 15 29 -10 25 -7 -5 20 -2 -11 -17 -22 -18 -4 -13 -15 -27 -19 -29 -9
right_child=18 5 6 10 -6 11 -8 12 13 19 -12 24 -14 14 -16 17 22 27 -20 -21 21 -23 -24 -25 -26 26 -28 28 -30 -31
leaf_value=0.10901287647815827 -0.14326373426426528 0.079562034847059745 -0.13135946603051829 0.10535285795591559 0.10894899745294831 -0.22784318677115017 0.10420312826706098 0.024309919273122867 0.070877816572882932 0.1106882344118237 0.1011327214073359 0.10895185703473947 -0.1387283607252478 -0.14546477654308171 0.10894896301868953 0.10610572975752477 -0.14091908393757535 -0.16327178972312079 0.1089489563993653 -0.13862010358982554 -0.24587579305439 0.10908094158080824 0.12621431951407983 0.020528975722212441 -0.14463526023695605 0.093119366038404539 -0.10772139421310034 -0.16622469206612039 0.12577158420730228 0.1092383357020051
leaf_weight=30.588651955127716 1477.4221709594131 24.795708656311035 77.136937491595745 6.1376798897981635 250.90635776519775 3.4478864669799796 447.21488473564386 43.456452645361423 14.729193821549414 5.4347174167633048 12.094286344945429 5.2034707963466653 13.950585708022116 318.81061099469662 6.8606951385736457 3922.1540550366044 1303.221572034061 7.5951747745275524 5.6544189453124991 71.202669739723206 7.6501786708831814 16.637088671326637 3.7848298251628867 13.733975663781164 14.977395057678223 6.5390068292617789 155.27452884614468 3.5687499940395329 10.18265625089407 98.087128393352032
leaf_count=404 6996 255 372 48 3328 14 5742 444 158 66 154 69 69 1469 91 51179 6110 32 75 335 44 218 23 118 71 30 695 15 109 1267
internal_value=0.00358926 0.034968 -0.0587848 -0.100208 -0.0383193 0.099164 0.0671681 -5.99388e-05 -0.107671 -0.0719269 -0.136807 0.103512 0.0632561 -0.120868 -0.126662 0.104441 -0.138998 0.104729 -0.142302 -0.12094 0.105436 -0.00272589 -0.140146 -0.108403 -0.0792499 -0.130025 -0.0996053 -0.0258872 0.049993 0.0831638
internal_weight=8378.45 6895.38 2802.53 2108.95 783.709 4092.85 693.58 246.365 532.803 101.433 1325.24 3991.42 155.494 502.214 487.485 3971.24 1313.14 3967.79 1483.08 76.6374 3946.44 24.2873 1307.01 90.8709 20.1809 480.624 161.814 21.3466 13.7514 141.544
internal_count=80000 72929 20522 12510 6175 52407 8012 2270 2847 656 6335 51751 1780 2443 2285 51611 6181 51597 7071 401 51441 262 6133 490 140 2194 725 156 124 1711
is_linear=0
shrinkage=0.1


Tree=10
num_leaves=31
num_cat=0
split_feature=21 5 11 61 25 25 25 34 80 22 4 52 45 65 60 55 13 60 64 60 25 59 21 18 11 77 62 18 26 60
split_gain=3340.46 3685.49 1268.63 410.021 697.129 273.126 156.878 144.654 130.711 66.9782 60.6139 59.5357 56.3398 56.1136 47.6384 33.3655 63.0035 32.9971 32.7844 31.7672 30.9651 28.9941 24.6324 144.065 111.585 43.8972 23.6491 33.7052 23.3982 25.667
threshold=1.0562039017677309 -0.98906767368316639 -0.55473172664642323 -1.5722193121910093 0.28473690152168279 -2.4812740087509151 0.28473690152168279 -0.23098829388618466 0.77870967984199535 -0.090487860143184648 2.8717479705810551 0.27533003687858587 0.8680177927017213 -0.56422829627990712 -0.13110261410474774 2.7187701463699345 0.33954559266567236 1.7683537006378176 -1.1460160613059995 -0.13110261410474774 0.54497653245925914 0.87904053926467907 0.9899585247039796 0.88940247893333446 0.49521200358867651 0.082898695021867766 4.6371676921844491 0.50818222761154186 1.0565259307622912 0.24725124984979632
decision_type=2 2 2 2 2 2 2 2 2 2 2 2 2 2 2 2 2 2 2 2 2 2 2 2 2 2 2 2 2 2
left_child=1 2 3 4 8 9 7 28 -1 -3 15 19 -11 -9 -10 18 -17 -16 -7 -5 -2 -18 26 24 -24 -25 -20 -28 29 -4
right_child=20 5 6 11 -6 10 -8 13 14 12 -12 -13 -14 -15 17 16 21 -19 22 -21 -22 -23 23 25 -26 -27 27 -29 -30 -31
leaf_value=0.10808435734322777 -0.13744931731363205 -0.13934297507799484 -0.13825817147159711 0.10207300753252257 0.10802526024343834 -0.20175863715699888 0.10277936306961229 0.079957688762784793 0.067711599466621905 0.11263633280595992 -0.076567593345949828 0.099498821187776129 -0.13948553276442971 -0.14027231450836825 -0.1231607391235327 -0.56719360146197872 0.10315304778578448 0.10802522109297641 0.10595665067915841 -0.13407592822541725 0.1080252271055207 -0.11234311535024635 -0.017086922950190771 -0.16313805619875354 -1.0331311129552494 0.10349564149105726 -0.53379575734411711 0.10820705003756284 0.11941668934514485 0.01470265266892431
leaf_weight=27.903209127485752 1390.4043642804027 55.868023276329041 69.519885249435902 5.7229189574718466 228.87150361388922 3.5007448196411124 409.97802845388651 133.39380194246769 13.918842948973177 27.013487845659256 18.847786672413349 11.11396664381027 13.191463798284529 12.668249040842054 457.92679872363806 1.8432849273085619 19.950620621442798 6.2581810355186454 3510.3900306001306 1233.3468534052372 5.1578416824340811 9.0874662771821004 2.2241578549146643 6.7337884157896033 2.1027949005365372 74.351496398448944 1.4018630832433694 1.9626085907220838 4.5252939760684958 13.025624573230742
leaf_count=404 6996 272 341 48 3328 14 5742 1720 158 319 140 154 65 63 2194 15 286 91 50082 6133 75 59 25 31 30 1021 20 28 34 112
internal_value=0.00359489 0.0342646 -0.0565283 -0.0960738 -0.0367956 0.0979224 0.0655351 3.89054e-05 -0.102299 -0.0685118 0.1023 -0.130918 0.0299138 0.0608567 -0.114578 0.103228 -0.00027351 -0.120044 0.104115 -0.132985 -0.136542 0.0357135 0.104413 0.0513516 -0.51086 0.0813528 0.105703 -0.159294 -0.101984 -0.114121
internal_weight=7772.2 6376.64 2628.17 1985.06 734.879 3748.47 643.111 233.133 506.007 96.073 3652.4 1250.18 40.205 146.062 478.104 3633.55 30.8814 464.185 3602.67 1239.07 1395.56 29.0381 3599.17 85.4122 4.32695 81.0853 3513.75 3.36447 87.0708 82.5455
internal_count=80000 72929 20522 12510 6175 52407 8012 2270 2847 656 51751 6335 384 1783 2443 51611 360 2285 51251 6181 7071 345 51237 1107 55 1052 50130 48 487 453
is_linear=0
shrinkage=0.1


Tree=11
num_leaves=31
num_cat=0
split_feature=21 5 11 61 25 25 25 34 41 80 4 52 65 45 45 35 21 60 64 60 22 25 60 35 45 45 22 35 55 70
split_gain=2924.03 3277.88 1103.91 354.821 608.684 244.639 142.681 124.685 112.919 58.1733 54.7259 51.562 48.6209 44.476 106.643 31.6754 30.7868 28.4397 28.4223 27.544 26.9859 26.9353 25.056 24.8536 24.7226 24.4667 71.6095 24.2974 24.0296 53.0083
threshold=1.0562039017677309 -0.98906767368316639 -0.55473172664642323 -1.5722193121910093 0.28473690152168279 -2.4812740087509151 0.28473690152168279 -0.23098829388618466 -0.2461886331439018 -1.0000000180025095e-35 2.8717479705810551 0.27533003687858587 -0.56422829627990712 1.304334878921509 2.1639494895935063 -1.0738758146762846 1.0472381114959719 0.33524894714355474 -1.1460160613059995 -0.13110261410474774 0.24717861413955691 0.54497653245925914 -0.13110261410474774 1.123503625392914 2.0314731597900395 1.4362195134162905 -0.4864691942930221 1.0383262038230898 2.7187701463699345 -0.44498737156391138
decision_type=2 2 2 2 2 2 2 2 2 2 2 2 2 2 2 2 2 2 2 2 2 2 2 2 2 2 2 2 2 2
left_child=1 2 3 4 8 9 7 -4 -1 -3 16 19 25 17 -15 20 18 22 -7 -5 -11 -2 -10 -21 -8 26 -9 -26 -20 -30
right_child=21 5 6 11 -6 10 24 12 13 15 -12 -13 -14 14 -16 -17 -18 -19 28 23 -22 -23 -24 -25 27 -27 -28 -29 29 -31
leaf_value=0.10885615049302595 -0.13259761592682068 0.10966403518695052 -0.09717267912084751 0.098950413475011989 0.10720354812255013 -0.18320666891070336 0.1060901975856182 -0.16763239124835638 0.09107542895165982 -0.18086532177942893 -0.069577344905425068 0.097899958439343654 -0.13510138646257674 0.13270683653664744 -0.12221695012972295 -0.13531210829001791 -0.024554021966941758 0.11885107272957827 0.10389708551139883 -0.12966683009150434 0.11619512251650872 0.10720347927309436 -0.12885875161999469 0.12642100226984135 -0.17304652052606301 0.10765606004440297 0.10833752217932513 0.11086834012841436 -0.20897464687641604 0.097554380964181162
leaf_weight=25.142298497259617 1301.7136816605926 15.575645387172697 82.509348824620247 5.3333595991134635 208.59764643758535 3.4706830978393546 363.61735828220844 14.283922135829924 5.2535070255398741 4.3376348614692679 18.676671899855137 10.212279267609118 11.878857307136057 24.500830553472042 49.694821000099182 59.607274726033211 19.088028378784657 4.8132628872990599 3274.5406601727009 1155.2710100412369 10.366647824645041 4.7009520530700675 369.96503030508757 3.8022313937544814 6.3951769396662694 84.003881253302097 27.514075316488743 5.7016930282115936 7.8825718164443996 19.843949660658836
leaf_count=391 6996 219 487 48 3328 14 5631 60 63 20 140 154 63 176 262 310 156 57 51090 6110 107 75 1898 23 44 1272 388 67 46 305
internal_value=0.00361664 0.0336283 -0.0545166 -0.0924186 -0.0353876 0.0967447 0.0639517 3.35212e-05 -0.0974361 -0.0660547 0.101121 -0.125821 0.0582873 -0.108855 -0.0380362 -0.102885 0.10208 -0.122681 0.102812 -0.127783 0.0285649 -0.131735 -0.125779 -0.128827 0.101411 0.076548 0.0140284 -0.0392272 0.103112 0.010409
internal_weight=7198.29 5891.88 2458.49 1862.59 687.967 3433.39 595.904 220.19 479.37 89.8872 3343.5 1174.62 137.681 454.227 74.1957 74.3116 3324.83 380.032 3305.74 1164.41 14.7043 1306.41 375.219 1159.07 375.714 125.802 41.798 12.0969 3302.27 27.7265
internal_count=80000 72929 20522 12510 6175 52407 8012 2270 2847 656 51751 6335 1783 2456 438 437 51611 2018 51455 6181 127 7071 1961 6133 5742 1720 448 111 51441 351
is_linear=0
shrinkage=0.1


Tree=12
num_leaves=31
num_cat=0
split_feature=21 5 11 61 25 25 25 34 80 80 4 52 61 35 21 18 11 72 35 60 64 60 14 25 22 44 59 42 33 55
split_gain=2569.48 2917.53 966.966 308.262 534.813 219.038 129.264 106.655 98.1732 51.1504 49.5966 44.9231 43.0561 40.8069 30.7825 81.2046 39.8796 38.9224 27.6803 27.4554 25.0482 24.0208 23.8786 23.5557 23.402 23.1332 33.0598 23.0975 35.2693 72.7133
threshold=1.0562039017677309 -0.98906767368316639 -0.55473172664642323 -1.5722193121910093 0.28473690152168279 -2.4812740087509151 0.28473690152168279 -0.23098829388618466 0.77870967984199535 -1.0000000180025095e-35 2.8717479705810551 0.27533003687858587 -0.61464563012123097 0.37023191154003149 0.9899585247039796 0.88940247893333446 1.1117503643035891 0.64795053005218517 -1.0738758146762846 0.41334261000156408 -1.1460160613059995 -0.13110261410474774 2.0097678899765019 0.54497653245925914 0.24717861413955691 -0.14808011054992673 0.91707691550254833 0.81265532970428478 -0.5498782992362975 0.80696877837181102
decision_type=2 2 2 2 2 2 2 2 2 2 2 2 2 2 2 2 2 2 2 2 2 2 2 2 2 2 2 2 2 2
left_child=1 2 3 4 8 9 7 25 -1 -3 14 21 -9 -10 20 16 -16 -17 24 -19 -7 -5 -8 -2 -11 26 -4 28 -15 -30
right_child=23 5 6 11 -6 10 22 12 13 18 -12 -13 -14 27 15 17 -18 19 -20 -21 -22 -23 -24 -25 -26 -27 -28 -29 29 -31
leaf_value=0.10658025339285436 -0.12850416665502992 0.10870970297016747 0.071750258775424056 0.095950365447217495 0.10647121779668123 -0.16924754312904292 0.10555993269699238 0.075566310021472793 -0.12878077333408974 -0.1694599223063023 -0.06316166890493001 0.096318646613639536 -0.13074252358396785 -0.083473677111832484 -0.078191424664448603 -0.15257222213218824 -0.58111857468693362 -0.19700499126697713 -0.13086053435872472 0.10825927339455187 0.10290979053550767 -0.12441869000892028 -0.030001858295293372 0.10647118009644206 0.11456464032686045 -0.1359122794865486 -0.12488380803863593 -0.13491942894553038 0.12626873437047756 -0.13938947670166593
leaf_weight=23.24206855520606 1213.4025682471693 14.210821479558943 16.948578305542469 4.9690327867865554 189.97878076508641 3.3855857849121085 330.4081701785326 115.34908886253834 263.88922150433064 4.1749152392148963 18.524797439575195 9.3844992965459806 11.088185153901575 82.660647787153721 3.5298590287566176 7.1192857511341563 2.8493945598602295 3.0935824960470191 55.673781551420689 61.880667131394148 2958.4241473786533 1083.9924698546529 13.525666639208792 4.2813568115234366 9.5067767575383169 46.257306769490242 17.255481660366058 36.82928866147995 27.65376953035593 16.421214491128922
leaf_count=404 6996 219 139 48 3328 14 5600 1720 1466 20 140 154 63 497 35 35 20 16 310 1014 50477 6133 142 75 107 251 97 186 213 81
internal_value=0.00361332 0.0330435 -0.0528072 -0.0893801 -0.0342538 0.095603 0.0626562 0.000198195 -0.0935726 -0.0641286 0.0999669 -0.121536 0.0574736 -0.104456 0.100961 0.039143 -0.302832 0.0694029 -0.0995428 0.0937249 0.102599 -0.123413 0.100229 -0.127678 0.0278956 -0.0898046 -0.0274489 -0.0652103 -0.0449528 0.0272913
internal_weight=6649.91 5432.23 2289.85 1739.02 640.675 3142.37 550.832 206.899 450.696 83.5663 3058.81 1098.35 126.437 427.454 3040.28 78.4728 6.37925 72.0935 69.3555 64.9742 2961.81 1088.96 343.934 1217.68 13.6817 80.4614 34.2041 163.565 126.736 44.075
internal_count=80000 72929 20522 12510 6175 52407 8012 2270 2847 656 51751 6335 1783 2443 51611 1120 55 1065 437 1030 50491 6181 5742 7071 127 487 236 977 791 294
is_linear=0
shrinkage=0.1


Tree=13
num_leaves=31
num_cat=0
split_feature=21 5 11 61 25 25 25 34 41 15 76 80 52 36 45 21 18 72 35 62 44 45 47 35 14 64 25 60 25 44
split_gain=2265.08 2599.18 847.331 269.282 470.352 196.114 117.69 92.4238 85.4096 48.1447 54.7432 45.1393 39.2526 38.4649 38.1712 26.4879 59.6198 35.4573 24.3016 23.1314 34.6457 23.0788 61.0563 23.0415 22.7289 22.2029 22.1321 21.1895 20.6917 20.5726
threshold=1.0562039017677309 -0.98906767368316639 -0.55473172664642323 -1.575651943683624 0.28473690152168279 -2.5101424455642696 0.28473690152168279 -0.23098829388618466 -0.2461886331439018 2.6874064207077031 -0.44498737156391138 0.77870967984199535 0.27533003687858587 1.5531140565872195 0.31369385123252874 0.9899585247039796 0.88940247893333446 0.64795053005218517 -1.0738758146762846 4.6371676921844491 -0.28388470411300654 1.4362195134162905 -0.086741335690021501 1.1079714894294741 2.0097678899765019 -1.1460160613059995 1.0897794961929324 -0.13110261410474774 0.54497653245925914 -0.14808011054992673
decision_type=2 2 2 2 2 2 2 2 2 2 2 2 2 2 2 2 2 2 2 2 2 2 2 2 2 2 2 2 2 2
left_child=1 2 3 4 8 11 7 29 -1 15 -11 -3 23 21 -10 19 -17 -18 -13 25 -21 22 -9 27 -8 -7 -26 -5 -2 -4
right_child=28 5 6 12 -6 9 24 13 14 10 -12 18 -14 -15 -16 16 17 -19 -20 20 -22 -23 -24 -25 26 -27 -28 -29 -30 -31
leaf_value=0.10724895246672878 -0.1250180671972152 0.10785428995730556 -0.02619949381271567 0.093039116249673162 0.10581763922465653 -0.15851700639270316 0.10476540608104901 0.10693142441238553 -0.12467001702294039 -0.14799841729218866 0.094750261271834724 0.027303608305135646 0.094740918674064201 -0.12217849506909471 -0.061508860887971008 -0.2234129498451384 -0.14540126056681243 0.096682661546106968 -0.12709037832016365 0.1080082424238489 -0.54781080551006212 0.10636583268907088 -0.15940872221357441 0.12636808582632653 0.094821283768207254 0.10263614802993155 -0.15853609205930042 -0.12138820688919463 0.10581761915416964 -0.13162736256833138
leaf_weight=20.890664875507355 1126.9563563838601 12.955265164375303 32.413071155548096 4.6296841092407695 172.90745973214507 3.2594709396362296 301.11766929551959 23.420781716704369 246.24108493328094 16.774028301239014 20.821848250925541 12.693179890513418 8.6257170066237432 11.122829742729662 156.49222298339009 7.6356693059206 6.7427880577743045 58.908397782593966 51.792326644062996 1.9601973928511145 1.3674879632890213 71.288370415568352 13.608061607927082 3.7978041172027579 7.2062375359237176 2680.7812009826303 6.6110117472708225 1007.6191762723029 3.896636724472045 43.146830350160599
leaf_count=391 6996 219 236 48 3328 14 5600 387 1466 100 374 127 154 69 990 55 35 1031 310 31 17 1267 60 23 99 50094 43 6110 75 251
internal_value=0.003603 0.032474 -0.0512216 -0.0865854 -0.0331707 0.0944997 0.0612084 0.000155593 -0.0899006 0.098844 -0.0135561 -0.0624794 -0.117682 0.0549133 -0.100127 0.100375 0.0410593 0.0718191 -0.0966998 0.101992 -0.161496 0.0730985 0.0090517 -0.119485 0.0990107 0.102319 -0.0264003 -0.120407 -0.124223 -0.0864018
internal_weight=6137.68 5006.83 2131.14 1621.2 596.531 2875.69 509.935 195 423.624 2798.25 37.5959 77.4408 1024.67 119.44 402.733 2760.66 73.2869 65.6512 64.4855 2687.37 3.32769 108.317 37.0288 1016.05 314.935 2684.04 13.8172 1012.25 1130.85 75.5599
internal_count=80000 72929 20522 12510 6175 52407 8012 2270 2847 51751 474 656 6335 1783 2456 51277 1121 1066 437 50156 48 1714 447 6181 5742 50108 142 6158 7071 487
is_linear=0
shrinkage=0.1


Tree=14
num_leaves=31
num_cat=0
split_feature=21 5 11 61 25 25 25 60 80 35 15 76 22 35 48 52 45 42 21 77 18 26 42 33 55 45 14 35 64 62
split_gain=2002.53 2317.11 743.464 239.675 411.597 176.224 106.481 82.2711 74.2815 52.5819 43.4687 48.4021 40.1282 38.0076 35.295 34.4505 32.2722 61.72 25.4929 48.8882 23.1721 22.015 21.7024 30.2408 62.2967 25.4523 21.3333 20.2398 19.6078 18.9895
threshold=1.0562039017677309 -0.98906767368316639 -0.55473172664642323 -1.5722193121910093 0.28473690152168279 -2.4812740087509151 0.28473690152168279 0.2386014983057976 0.77870967984199535 1.0859044790267947 2.6874064207077031 -0.44498737156391138 -0.090487860143184648 0.37023191154003149 1.0000000180025095e-35 0.27533003687858587 1.4292505979537966 -0.2461886331439018 0.9899585247039796 0.90313389897346508 0.88940247893333446 1.0565259307622912 0.81265532970428478 -0.5498782992362975 0.80696877837181102 1.253446161746979 2.0097678899765019 1.1034709215164187 -1.1460160613059995 4.6371676921844491
decision_type=2 2 2 2 2 2 2 2 2 2 2 2 2 2 2 2 2 2 2 2 2 2 2 2 2 2 2 2 2 2
left_child=1 2 3 4 8 12 7 9 -1 21 18 -12 -3 -10 -14 27 17 -9 28 -20 -21 -4 23 25 -25 -15 -8 -5 -7 -30
right_child=-2 5 6 15 -6 10 26 16 13 -11 11 -13 14 22 -16 -17 -18 -19 19 20 -22 -23 -24 24 -26 -27 -28 -29 29 -31
leaf_value=0.10541009144623013 -0.1212560078957923 -0.12172792758529545 -0.12373483097913439 -0.11702954273746946 0.10523346247751547 -0.14990424605813099 0.10403062468943708 0.10180711844081554 -0.1210663655779195 0.10617836472926404 -0.14486025520794579 0.092588979268143495 0.10883476571999789 -0.011297488468249789 -0.12317758214556473 0.093153553336531955 0.10572301681090537 -0.15371129904601682 -0.13984217899732584 -0.12562720762369317 0.098833202798497888 0.11799224653243885 -0.12794612955631376 0.12239668605734746 -0.13222041789509811 -0.12610161486665572 -0.023174579007949538 0.12323794336322601 0.10171400859972379 -0.12024413232463207
leaf_weight=19.377073209732771 1046.9691201411188 43.129288643598557 64.482919070869684 940.99180246517062 157.27721982076764 3.1095848083496085 274.2892496958375 21.402697242796421 229.09691905230284 13.521656375378369 15.489288806915281 19.258095160126686 19.304420441389084 35.527978323400021 9.9292895197868365 7.9312088042497626 61.850644942373037 16.931791696697474 12.461547981947659 5.0479527451097956 51.74147029966116 4.0014200694859019 33.440158694982529 26.968152947723866 14.928603395819662 42.307866297662258 13.849768172949551 3.5191416181623927 2446.5506424941123 3.8606097698211661
leaf_count=404 7071 272 404 6158 3328 14 5600 300 1466 248 100 374 319 248 65 154 1208 77 87 36 998 33 186 213 81 249 142 23 50094 48
internal_value=0.0035958 0.031941 -0.049717 -0.0838857 -0.0319017 0.0934727 0.0600811 0.000243902 -0.0856012 -0.0740304 0.097827 -0.0132584 -0.0604192 -0.0952835 0.0300313 -0.114392 0.0610408 -0.0110517 0.099357 0.0395224 0.0788812 -0.109611 -0.0567207 -0.0368281 0.0316718 -0.0736996 0.0979163 -0.116134 0.101046 0.101364
internal_weight=5658.55 4611.58 1981.7 1511.37 558.924 2629.88 470.33 182.191 401.647 82.006 2557.52 34.7474 72.363 382.27 29.2337 952.442 100.185 38.3345 2522.77 69.251 56.7894 68.4843 153.173 119.733 41.8968 77.8358 288.139 944.511 2453.52 2450.41
internal_count=80000 72929 20522 12510 6175 52407 8012 2270 2847 685 51751 474 656 2443 384 6335 1585 377 51277 1121 1034 437 977 791 294 497 5742 6181 50156 50142
is_linear=0
shrinkage=0.1


Tree=15
num_leaves=31
num_cat=0
split_feature=21 5 11 61 25 25 25 60 80 35 34 70 25 60 80 32 19 60 45 44 60 26 41 33 55 32 45 25 59 59
split_gain=1773.06 2068.16 655.002 210.743 363.603 158.018 95.6494 67.9637 64.9973 43.7863 40.652 83.5114 52.8526 53.1131 35.7861 35.6235 34.414 31.9211 30.0815 59.0731 29.5398 27.9062 22.4837 26.6288 54.8738 24.4297 20.792 19.9819 19.508 175.434
threshold=1.0562039017677309 -0.98906767368316639 -0.55473172664642323 -1.5722193121910093 0.28473690152168279 -2.4812740087509151 0.53510600328445446 0.2386014983057976 0.77870967984199535 1.0859044790267947 1.6773754358291628 -0.49852240085601801 0.54497653245925914 0.38566848635673529 0.77870967984199535 -1.5969517230987547 0.98291271924972545 -0.13110261410474774 1.4070260524749758 -0.10748568922281264 2.0516450405120854 1.0565259307622912 0.81265532970428478 -0.5498782992362975 0.80696877837181102 -0.56388962268829335 2.0314731597900395 0.54497653245925914 0.5151117891073228 0.88845559954643261
decision_type=2 2 2 2 2 2 2 2 2 2 2 2 2 2 2 2 2 2 2 2 2 2 2 2 2 2 2 2 2 2
left_child=1 2 3 4 8 14 7 9 -1 21 28 12 13 -12 -3 -10 -13 -5 19 -9 -19 -4 23 25 -25 -17 -8 -2 -7 -30
right_child=27 5 6 17 -6 10 26 18 15 -11 11 16 -14 -15 -16 22 -18 20 -20 -21 -22 -23 -24 24 -26 -27 -28 -29 29 -31
leaf_value=0.10486998959759941 -0.11945372044474881 0.10707591596163719 -0.1200678281418559 0.09779154607178292 0.10471070227630067 0.10439310431739711 0.10411184065536415 0.091706295973300836 -0.12078036595705371 0.10555646317384304 -0.58625293499308428 0.10494473020714395 0.10523492090570262 -0.1334345539099496 -0.091083772682156797 -0.0080668199734039488 -0.19380594727113085 -0.1140996740827359 0.10514885747263743 -0.15984238827966341 0.19811015775550758 0.11214905796637978 -0.11667318464370816 0.11786038305462213 -0.12822984825281916 -0.12055408114648336 -0.028249352726212658 0.1059081208960989 -0.14949709607412845 0.097811018922540946
leaf_weight=17.618533581495285 964.01883280277252 10.87990081310272 59.949113693088293 7.2421948686242095 142.98457086086273 1775.8316999971867 246.22942666709423 23.258867904543877 194.63604575395584 12.303302716463802 3.1041371859610125 70.774710729718208 7.5314381867647162 15.648924749344587 56.132526636123657 36.000511065125465 4.077993541955947 874.28356331959367 56.254770822823048 15.595340076833962 3.0410401709377757 5.6639704555273047 46.091304183006287 26.005269356071949 13.90642064809799 41.635800518095493 12.468928690999745 3.9505004882812491 30.737725131213665 429.28602195903659
leaf_count=404 6996 219 406 101 3328 39832 5522 362 1335 248 26 1580 167 117 437 256 22 6188 1208 78 46 77 290 215 81 266 111 75 442 9565
internal_value=0.00358171 0.0314655 -0.0484776 -0.0816127 -0.0310172 0.0924924 0.0592379 0.00168331 -0.0826461 -0.0675603 0.0968339 0.0348215 -0.118524 -0.208388 -0.0589113 -0.0918674 0.0886687 -0.111292 0.05841 -0.00926056 -0.113017 -0.100022 -0.0574778 -0.0342669 0.0321152 -0.0683929 0.0977322 -0.118534 0.0996389 0.0812865
internal_weight=5207.14 4239.17 1835.17 1403.45 518.878 2404.01 431.724 173.025 375.894 77.9164 2336.99 101.137 26.2845 18.7531 67.0124 358.275 74.8527 884.567 95.109 38.8542 877.325 65.6131 163.639 117.548 39.9117 77.6363 258.698 967.969 2235.86 460.024
internal_count=80000 72929 20522 12510 6175 52407 8012 2379 2847 731 51751 1912 310 143 656 2443 1602 6335 1648 440 6234 483 1108 818 296 522 5633 7071 49839 10007
is_linear=0
shrinkage=0.1


Tree=16
num_leaves=31
num_cat=0
split_feature=21 5 11 61 25 25 25 60 80 35 34 18 25 22 32 70 45 52 45 41 26 42 36 59 59 74 49 19 70 25
split_gain=1575.21 1847.19 577.989 185.643 321.784 142.617 85.8345 60.3183 57.0138 38.8065 37.1017 71.7235 42.2097 34.1263 33.6433 30.6705 29.7049 28.586 27.3627 52.0741 24.6346 20.2005 23.4445 19.9599 149.516 69.0056 158.289 23.8717 21.9422 60.4859
threshold=1.0562039017677309 -0.98906767368316639 -0.55473172664642323 -1.575651943683624 0.28473690152168279 -2.5739797353744502 0.53510600328445446 0.2386014983057976 0.77870967984199535 1.0859044790267947 1.6773754358291628 -0.49376437067985529 0.54497653245925914 -0.090487860143184648 -1.5969517230987547 0.92266523838043224 0.8680177927017213 0.27533003687858587 1.4070260524749758 -0.2461886331439018 1.0565259307622912 0.81265532970428478 -0.22017283737659452 0.5151117891073228 0.88845559954643261 0.41759742796421057 0.93197301030159008 0.89446368813514721 -0.75216507911682118 0.54497653245925914
decision_type=2 2 2 2 2 2 2 2 2 2 2 2 2 2 2 2 2 2 2 2 2 2 2 2 2 2 2 2 2 2
left_child=1 2 3 4 8 13 7 9 -1 20 23 12 -12 -3 -10 -13 -15 -5 19 -9 -4 22 -16 -7 25 26 -25 -27 29 -26
right_child=-2 5 6 17 -6 10 -8 18 14 -11 11 15 -14 16 21 -17 -18 -19 -20 -21 -22 -23 -24 24 28 27 -28 -29 -30 -31
leaf_value=0.1043837301473894 -0.11630500932249965 -0.11604240930448873 -0.11712324039886968 -0.11019982727601677 0.10424244142019574 0.10384864307396671 0.096652049726012018 0.099040868747474406 -0.11823110968956491 0.10500022121929063 -0.18519653323507709 0.1044520087038121 0.10472046808640559 0.10848335525487776 -0.043156143436250072 -0.18798719721104695 -0.11870749107871476 0.091123607431793513 0.1046349538871541 -0.14183792807966722 0.11091252311123437 -0.11299278846811618 0.16146546216599011 -0.13336296288089791 -0.6221090973863963 0.070614183387731955 -1.1117964448933937 -0.13179980914394177 0.099506206427277102 0.10443741109546961
leaf_weight=16.012429147958755 891.76973450928926 37.982481837272644 55.537430368363857 813.12940084934235 129.92930567264557 1614.834879565984 236.65039783716202 20.027571521699429 179.71528635919094 11.188452389091252 18.843376934528354 64.326222717761993 6.8464996218681327 17.278124719858173 106.5047829002142 3.7980744838714591 8.6292435824871045 7.1145654022693625 51.138659037649632 16.262308370321989 5.1791825890541068 42.993617966771126 5.9100656658411017 7.3841460607945901 1.5889472439885128 11.394259341061117 2.1304894685745239 11.923431538045405 387.20847330614924 4.109013132750988
leaf_count=404 7071 272 406 6181 3328 39832 5633 344 1335 248 143 1580 167 319 768 22 65 154 1208 96 77 290 50 85 20 223 39 95 9444 101
internal_value=0.00358446 0.0310294 -0.0473376 -0.0795282 -0.0302087 0.0915367 0.0584495 0.00170918 -0.0799591 -0.0661358 0.0959435 0.0344538 -0.107932 -0.0556825 -0.0887671 0.0881479 0.0328105 -0.108454 0.0575078 -0.00890232 -0.0976716 -0.0546948 -0.0323984 0.0987704 0.0795087 -0.125497 -0.352451 -0.0328896 0.0966395 -0.0981691
internal_weight=4787.34 3895.57 1697.29 1301.31 481.065 2198.28 395.984 159.334 351.136 71.9051 2134.39 93.8142 25.6899 63.8899 335.124 68.1243 25.9074 820.244 87.4285 36.2899 60.7166 155.408 112.415 2040.57 425.739 32.8323 9.51464 23.3177 392.906 5.69796
internal_count=80000 72929 20522 12510 6175 52407 8012 2379 2847 731 51751 1912 310 656 2443 1602 384 6335 1648 440 483 1108 818 49839 10007 442 124 318 9565 121
is_linear=0
shrinkage=0.1


Tree=17
num_leaves=31
num_cat=0
split_feature=21 5 11 61 25 25 25 60 42 35 34 6 25 32 22 60 70 48 60 45 44 45 26 59 59 72 14 25 19 25
split_gain=1400.59 1652.92 508.735 165.151 283.366 128.226 76.69 53.6012 49.7353 34.4539 33.5266 63.7648 36.562 33.5016 29.8841 28.6438 27.4173 26.556 26.2561 24.8875 45.4545 21.9628 21.7907 19.8833 124.049 39.5509 48.1049 19.417 19.1959 40.8846
threshold=1.0562039017677309 -0.98906767368316639 -0.55473172664642323 -1.5722193121910093 0.28473690152168279 -2.5739797353744502 0.53510600328445446 0.2386014983057976 -0.2461886331439018 1.0859044790267947 1.6773754358291628 -0.55353292822837818 0.54497653245925914 -1.5969517230987547 -0.090487860143184648 -0.13110261410474774 0.92266523838043224 1.0000000180025095e-35 2.0516450405120854 1.3535798192024233 -0.10748568922281264 2.0314731597900395 1.0565259307622912 0.5151117891073228 0.88845559954643261 0.90313389897346508 1.5910949110984804 0.54497653245925914 -2.9768817722797389 0.54497653245925914
decision_type=2 2 2 2 2 2 2 2 2 2 2 2 2 2 2 2 2 2 2 2 2 2 2 2 2 2 2 2 2 2
left_child=1 2 3 4 8 14 7 9 -1 22 23 12 -12 -10 -3 -5 -13 -16 -17 20 -9 -8 -4 -7 25 26 -25 -2 29 -26
right_child=27 5 6 15 -6 10 21 19 13 -11 11 16 -14 -15 17 18 -18 -19 -20 -21 -22 -23 -24 24 28 -27 -28 -29 -30 -31
leaf_value=0.10517275233583789 -0.11524662058507157 -0.1126849233215495 -0.11447293464611902 0.097310916538069947 0.10382244509292558 0.10334843174525972 0.1030528074951302 0.087712721298690469 -0.11598991950885369 0.1045021469556333 -0.17745557178500074 0.10401097280440857 0.10425829203205772 -0.050840797824705401 0.10768216426956359 -0.1086603377577598 -0.18351154152492943 -0.11661352393971905 0.20820259682497422 0.10417448121634931 -0.14776713622475227 -0.036516223909778517 0.10980901484507229 -0.13147826793516335 -0.46728142691654295 0.0016584871355867455 -0.56869478338041846 0.10596988159547571 0.098582714479297839 0.10399729858926177
leaf_weight=14.387029707431791 817.21684392169118 35.339574798941612 51.355615202337503 6.8870547302067271 118.01620760560036 1467.8770562857389 204.92472283169627 20.06596314907074 165.59339349716902 10.169519577175377 17.75622753798962 58.43916167318821 6.2210216075181952 150.82101870328188 15.744281455874445 751.00672579929233 3.5160441398620597 7.9410365223884574 2.6242294609546652 46.466267384588718 13.858854137361048 11.93127693608403 4.7310022935271254 14.038246374577286 1.8855162933468808 18.298607729375362 3.0661279261112204 3.9871366024017325 353.47796040028334 3.7329207584261894
leaf_count=391 6996 272 406 101 3328 39832 5522 362 1335 248 143 1580 167 1121 319 6188 22 65 46 1208 78 111 77 128 20 287 27 75 9444 101
internal_value=0.00361202 0.0306289 -0.0461323 -0.0773129 -0.0292082 0.0907749 0.0576021 0.00174686 -0.0766681 -0.0648481 0.095174 0.0341051 -0.104363 -0.0849362 -0.0544328 -0.105702 0.0876937 0.032482 -0.107557 0.0566326 -0.00848473 0.0953738 -0.0955544 0.0979918 0.0780607 -0.10053 -0.209854 -0.114173 0.0956678 -0.0877207
internal_weight=4401.38 3580.17 1572.84 1209.34 448.818 2007.33 363.503 146.647 330.801 66.2561 1948.31 85.9325 23.9772 316.414 59.0249 760.518 61.9552 23.6853 753.631 80.3911 33.9248 216.856 56.0866 1862.38 394.499 35.403 17.1044 821.204 359.096 5.61844
internal_count=80000 72929 20522 12510 6175 52407 8012 2379 2847 731 51751 1912 310 2456 656 6335 1602 384 6234 1648 440 5633 483 49839 10007 442 155 7071 9565 121
is_linear=0
shrinkage=0.1


Tree=18
num_leaves=31
num_cat=0
split_feature=21 5 11 61 25 25 25 60 33 35 34 76 25 41 22 60 60 60 60 60 70 60 60 45 41 45 59 59 72 25
split_gain=1248.32 1478.49 447.868 148.608 248.839 115.255 68.7063 47.6712 46.5785 30.6332 30.3075 56.6523 31.562 26.8031 26.1832 25.2847 24.6992 69.6392 32.5055 30.1458 24.5607 23.7712 23.3867 22.6572 40.2706 20.7757 20.0385 107.996 27.7309 24.9877
threshold=1.0562039017677309 -0.98906767368316639 -0.55473172664642323 -1.5722193121910093 0.28473690152168279 -2.4944734573364253 0.53510600328445446 0.2386014983057976 -1.7590013146400449 1.0859044790267947 1.6773754358291628 -0.49852240085601801 0.54497653245925914 0.81265532970428478 -0.090487860143184648 -0.13110261410474774 -0.12642072513699529 0.24532324075698855 0.33682362735271459 -0.13110261410474774 0.92266523838043224 -0.13287790864706037 2.0389630794525151 1.4227224588394167 -0.2461886331439018 2.0314731597900395 0.5151117891073228 0.88845559954643261 0.90313389897346508 1.2584727406501772
decision_type=2 2 2 2 2 2 2 2 2 2 2 2 2 2 2 2 2 2 2 2 2 2 2 2 2 2 2 2 2 2
left_child=1 2 3 4 8 14 7 9 -1 -4 26 12 -12 16 -3 -5 19 -18 -19 -10 -13 -16 -17 24 -9 -8 -7 28 29 -28
right_child=-2 5 6 15 -6 10 25 23 13 -11 11 20 -14 -15 21 22 17 18 -20 -21 -22 -23 -24 -25 -26 -27 27 -29 -30 -31
leaf_value=-0.11263179845993126 -0.11246091040850206 -0.10948577124756836 -0.09362178734735252 0.095090975684003765 0.10344549270343584 0.10288672624903338 0.10256068719854597 0.095996512422662772 0.065126211342784721 0.1040556620542169 -0.16938330341369184 0.10361503639510053 0.10384243501968843 -0.10772391492133732 -0.11478505677588885 -0.10612274041547221 0.18778688149980483 -0.084257944384475827 0.10561992611116525 -0.1060113648307439 -0.17993219924092191 0.10695869051398832 0.20830630181283391 0.10376149086444025 -0.13049949137657105 -0.032053275217089311 -0.21955915449224861 0.094661668256282583 0.0014945222064338965 0.11150332547237113
leaf_weight=152.7014901638031 753.78056455403566 32.863226041197777 51.737783562391996 6.3697779774665824 107.15476834401488 1333.848143985495 186.26818330958486 17.061555899679664 13.794559821486471 9.239230562001465 16.793350055813793 53.069646060466766 5.6504041403532019 38.934508860111237 7.2939195632934597 694.95916323363781 19.424379732459784 35.947314757853746 12.034133825451134 40.547766149044037 3.2414366006851187 14.337458506226538 2.3735779076814643 42.203228376805782 14.539505958557127 12.217034261673687 15.889847587794067 328.344422288239 18.276750434190035 2.6617574356496325
leaf_count=1360 7071 272 483 101 3328 39832 5522 344 224 248 143 1580 167 292 65 6188 258 239 197 277 22 319 46 1208 96 111 117 9565 287 38
internal_value=0.00361491 0.0302111 -0.0449537 -0.0751348 -0.028104 0.0900022 0.0568594 0.00175938 -0.0730845 -0.0636697 0.0943933 0.0337479 -0.100596 -0.0355015 -0.0532488 -0.103241 -0.0124051 0.0280368 -0.036635 -0.0625688 0.0872932 0.0321886 -0.105052 0.0558168 -0.00821328 0.094275 0.0972044 0.0764487 -0.0859298 -0.172059
internal_weight=4043.56 3289.78 1457.51 1124.24 420.539 1832.27 333.267 134.781 313.384 60.977 1777.78 78.7548 22.4438 160.683 54.4946 703.703 121.748 67.4058 47.9814 54.3423 56.3111 21.6314 697.333 73.8043 31.6011 198.485 1699.02 365.173 36.8284 18.5516
internal_count=80000 72929 20522 12510 6175 52407 8012 2379 2847 731 51751 1912 310 1487 656 6335 1195 694 436 501 1602 384 6234 1648 440 5633 49839 10007 442 155
is_linear=0
shrinkage=0.1


Tree=19
num_leaves=31
num_cat=0
split_feature=20 59 25 73 63 42 66 49 71 60 59 14 25 59 32 5 35 78 44 35 45 44 14 55 25 47 34 59 59 45
split_gain=1117.98 752.926 494.933 825.789 194.793 106.145 96.623 88.5587 48.2003 37.3046 36.8631 36.2307 51.487 30.5445 34.8957 25.3977 22.1452 37.0669 28.5276 20.9986 20.7975 59.9627 16.7187 16.2404 11.8669 11.0405 15.4202 8.76088 62.8427 65.979
threshold=0.29006839543581014 0.91851186752319347 0.51476201415061962 -2.801346510648727 1.0000000180025095e-35 -0.37158058583736414 -0.64029768109321583 1.1607456207275393 1.5589829683303835 1.7683537006378176 0.91707691550254833 1.5910949110984804 1.0897794961929324 0.87904053926467907 0.5920560657978059 -1.0000000180025095e-35 0.74974268674850475 1.0000000180025095e-35 -0.10115293040871619 0.8510744869709016 1.304334878921509 0.80484390258789074 1.6862860321998598 1.5053818225860598 1.0000000180025095e-35 -0.0070956822019070378 -0.60560569167137135 1.8967474699020388 1.9399086236953738 1.0567542314529421
decision_type=2 2 2 2 2 2 2 2 2 2 2 2 2 2 2 2 2 2 2 2 2 2 2 2 2 2 2 2 2 2
left_child=1 2 5 4 -4 6 10 8 9 16 -1 -5 -13 23 -15 -8 -7 18 -18 -6 25 -22 -14 -9 -3 26 -20 -26 29 -29
right_child=-2 24 3 11 19 7 15 13 -10 -11 -12 12 22 14 -16 -17 17 -19 20 -21 21 -23 -24 -25 27 -27 -28 28 -30 -31
leaf_value=0.098435883138076191 0.10301312358928644 -0.10906766089779207 0.10170674657673617 0.10535112820347732 -0.10657447776268424 -0.11153749414450416 -0.10368278089355527 0.10611863062348313 0.10794857367514879 0.11525619624716468 -0.11471753252595779 0.099893110602219989 -0.35500331268130814 0.10188825658087429 -0.11837010905152767 -0.47238071077110694 0.16575828011376079 -0.44586787207341771 -0.080980823142894065 0.11338109878605317 0.10961481868748019 -0.10714621323572004 -0.093874103198842707 -0.19899473610108551 0.098422656265993766 -0.11498377244275088 0.11846321591267528 -0.66569016180873919 0.099395222062276176 -0.039506070396127468
leaf_weight=64.816734176129103 867.01349005103111 2.9917848221957675 50.864489249885082 452.10813541896641 457.28047786094248 1014.5740370452404 37.412981510162354 29.583660650998358 10.776090316474436 7.6753041110932818 9.274411201477049 17.523376019671563 3.4525731429457656 10.484955124557017 22.90932210534811 1.9665347971022118 5.1104458868503562 2.6211161389946929 17.225584745407108 4.3819036167114964 20.829610604792833 32.949916835874319 8.4589184895157796 1.8538374304771412 353.09467158839107 87.885303305462003 5.0023304000496855 1.8794285356998468 92.449432402849197 16.073730871081352
leaf_count=1830 28539 29 1616 14719 4400 10193 367 953 273 138 83 454 19 214 235 14 38 21 122 53 184 256 72 10 11180 794 39 20 2875 260
internal_value=0.00360676 -0.0267032 -0.0494989 0.00432211 -0.0840236 -0.0881855 0.00447975 -0.0964683 -0.102596 -0.104496 0.0717543 0.0983522 -0.00914846 0.0173833 -0.0492146 -0.122095 -0.105918 -0.0726968 -0.0669091 -0.104487 -0.0741641 -0.0231914 -0.169563 0.0881264 0.0894536 -0.0990593 -0.0360965 0.090735 0.0661479 -0.105058
internal_weight=3710.52 2843.51 2377.02 994.07 512.527 1382.95 113.471 1269.48 1204.65 1193.87 74.0911 481.543 29.4349 64.8318 33.3943 39.3795 1186.2 171.624 169.003 461.662 163.893 53.7795 11.9115 31.4375 466.489 110.113 22.2279 463.497 110.403 17.9532
internal_count=80000 51461 37097 21333 6069 15764 2294 13470 12058 11785 1913 15264 545 1412 449 381 11647 1454 1433 4453 1395 440 91 963 14364 955 161 14335 3155 280
is_linear=0
shrinkage=0.1


Tree=20
num_leaves=31
num_cat=0
split_feature=20 59 25 73 63 42 65 49 74 14 25 60 59 59 32 35 53 78 45 43 32 64 55 80 47 34 25 59 59 45
split_gain=1004.85 670.505 437.594 738.662 173.151 94.3563 84.8207 78.3207 42.7474 34.3698 40.8572 33.0959 32.9327 27.3572 30.8025 21.8984 28.8351 28.3059 18.6758 51.8284 18.5846 15.5471 14.2165 10.7166 10.7113 13.6388 10.574 8.59749 54.403 38.9355
threshold=0.29006839543581014 0.91851186752319347 0.51476201415061962 -2.801346510648727 1.0000000180025095e-35 -0.37158058583736414 -0.64025864005088795 1.1607456207275393 1.5589829683303835 1.5910949110984804 1.0897794961929324 1.7683537006378176 0.91707691550254833 0.87904053926467907 0.5920560657978059 0.74974268674850475 0.91913339495658886 1.0000000180025095e-35 1.304334878921509 0.6072344481945039 -1.1376903653144834 -1.0000000180025095e-35 1.5053818225860598 0.53291606903076183 -0.028364703990519043 -0.60560569167137135 1.0000000180025095e-35 1.8967474699020388 1.9399086236953738 1.0567542314529421
decision_type=2 2 2 2 2 2 2 2 2 2 2 2 2 2 2 2 2 2 2 2 2 2 2 2 2 2 2 2 2 2
left_child=1 2 5 4 -4 6 12 8 11 -5 -11 15 -1 22 -15 -7 17 18 24 -20 -6 -8 -9 -12 25 -17 -3 -28 29 -29
right_child=-2 26 3 9 20 7 21 13 -10 10 23 -13 -14 14 -16 16 -18 -19 19 -21 -22 -23 -24 -25 -26 -27 27 28 -30 -31
leaf_value=0.097304849312420783 0.10267226668673608 -0.10681671904002764 0.10116457225340869 0.10515332215991258 -0.10464072260534817 -0.10968408201236873 -0.10107911278250768 0.10597930880664051 0.10727280055319575 0.098853615895979532 -0.27049276503657937 0.11464894567785187 -0.11312282273337743 0.10056276925761563 -0.11517909992776232 -0.076247441076143577 0.15925878073999344 -0.38610439057981677 0.10650587078527195 -0.10136293178516004 0.10740383302209532 -0.37413568363436411 -0.18343101208858578 -0.076378050341250503 -0.11280833399982669 0.11607875953542542 0.097548323687487254 -0.47007255351807509 0.098328029826724492 -0.035499485669092064
leaf_weight=59.296114752069116 786.97843584418297 2.7611625157296649 46.258639674633741 409.81326210312545 421.02139929682016 932.74858179874718 34.68045212328434 26.801732910797003 9.8089102227240783 16.014153519645337 4.2472409047186366 6.9798073358833781 8.504051208496092 9.6059825420379656 21.274573113769293 16.338395297527317 5.3149890825152388 2.9183906987309447 19.373404681682587 31.493031799793243 4.1742991022765628 2.218581771478056 1.8120773136615742 8.6086030192673189 81.271082708612084 4.7618825882673255 322.2136087231338 2.3645009063184288 84.514367774128914 16.09781700745225
leaf_count=1830 28539 29 1616 14719 4400 10193 367 953 273 454 22 138 83 214 235 121 39 20 174 266 53 14 10 69 797 37 11180 20 2875 260
internal_value=0.00361059 -0.0262213 -0.0486366 0.00433123 -0.0825698 -0.0864408 0.0045108 -0.0945763 -0.100562 0.0977241 -0.00773465 -0.102413 0.0709113 0.0172059 -0.0480685 -0.103798 -0.0697973 -0.0775935 -0.071718 -0.0221923 -0.102559 -0.117497 0.0876513 -0.140509 -0.0963264 -0.0328435 0.0882428 0.0895095 0.0643561 -0.091156
internal_weight=3400.27 2613.29 2185.34 910.138 471.454 1275.2 104.699 1170.5 1111.01 438.683 28.87 1101.2 67.8002 59.4944 30.8806 1094.22 161.471 156.156 153.238 50.8664 425.196 36.899 28.6138 12.8558 102.371 21.1003 427.951 425.19 102.977 18.4623
internal_count=80000 51461 37097 21333 6069 15764 2294 13470 12058 15264 545 11785 1913 1412 449 11647 1454 1415 1395 440 4453 381 963 91 955 158 14364 14335 3155 280
is_linear=0
shrinkage=0.1


Tree=21
num_leaves=31
num_cat=0
split_feature=20 59 25 73 63 42 65 49 73 14 25 60 59 59 32 45 44 31 33 55 66 25 76 77 41 45 71 41 31 63
split_gain=903.495 596.894 386.814 660.991 154.012 83.8467 74.5405 69.3008 38.1951 32.6303 33.3144 29.6731 29.4231 24.5063 27.1459 22.6256 47.6213 22.9593 16.4662 12.5283 10.0608 9.41298 8.51196 29.5428 12.2069 28.4365 11.1437 9.16864 8.19792 16.9559
threshold=0.29006839543581014 0.91851186752319347 0.5208691954612733 -2.801346510648727 1.0000000180025095e-35 -0.37158058583736414 -0.64025864005088795 1.1607456207275393 1.5321141481399538 1.5910949110984804 1.0897794961929324 1.7683537006378176 0.91707691550254833 0.87904053926467907 0.5920560657978059 1.3471909761428835 0.80484390258789074 -0.29199856519699091 -0.89017388224601735 1.5053818225860598 -1.0000000180025095e-35 -1.0000000180025095e-35 -0.61681210994720448 1.1669186353683474 0.69842341542243969 1.3439285755157473 1.0000000180025095e-35 0.77163583040237438 0.24708341807127002 1.0000000180025095e-35
decision_type=2 2 2 2 2 2 2 2 2 2 2 2 2 2 2 2 2 2 2 2 2 2 2 2 2 2 2 2 2 2
left_child=1 2 5 4 -4 6 12 8 11 -5 -11 15 -1 19 -15 -7 17 -17 -6 -9 -8 -3 23 24 28 27 -25 -26 -23 -30
right_child=-2 21 3 9 18 7 20 13 -10 10 -12 -13 -14 14 -16 16 -18 -19 -20 -21 -22 22 -24 26 25 -27 -28 -29 29 -31
leaf_value=0.096149508323949251 0.10236087231917164 -0.10458420010219183 0.10064196804305647 0.10499364078321644 -0.10280905029109165 -0.10552712739258514 -0.098483568168858282 0.10588417940443035 0.11053740503127288 0.097812176895278824 -0.11997823062380918 0.11397065457636993 -0.11171952108750022 0.099175534459422843 -0.11186349459687089 0.12050111978655842 -0.10857069260974704 -0.15730131531058625 0.10143921188483143 -0.17091871843332934 -0.3111280169796663 0.10404652934152581 0.10365740163945428 -0.36321404232232662 -0.15217551393906617 0.10328679223347159 -0.022376894903835719 0.083176799059349785 0.068821387893516189 -0.21188559576597796
leaf_weight=54.265777906402946 714.14367425441742 2.5489729046821585 42.062760375440121 371.3487957958132 387.39810150302947 948.27141138911247 32.165373861789703 24.271839478984479 8.6606986783444864 14.636744711548092 13.502991657704113 6.4186456166207781 7.7864708900451651 8.807363264262678 19.791892651468515 18.336549393832687 39.359929203987122 3.5511424187570801 3.9877160023897877 1.7532425522804249 2.3903275001794091 117.3035428263247 186.4030045978725 2.0090512782335277 8.8278029859066027 15.380256347358225 1.835777625441551 2.0372662022709838 54.378907516598701 2.2405225597321978
leaf_count=1830 28539 29 1616 14719 4400 10998 367 953 263 454 91 141 83 214 235 247 366 43 53 10 14 4474 7105 12 58 517 40 53 2062 14
internal_value=0.00360967 -0.0257535 -0.047803 0.00433479 -0.0811867 -0.0847365 0.00451586 -0.092726 -0.098577 0.0971263 -0.00669563 -0.10036 0.0700656 0.0170222 -0.0468724 -0.101722 -0.0428157 0.0754294 -0.100728 0.0872367 -0.113193 0.0869595 0.0882101 0.0740961 0.0793701 0.0157992 -0.200476 -0.108046 0.0889631 0.0577134
internal_weight=3115.88 2401.73 2008.77 832.937 433.449 1175.83 96.608 1079.22 1024.6 399.489 28.1397 1015.94 62.0522 54.6243 28.5993 1009.52 61.2476 21.8877 391.386 26.0251 34.5557 392.965 390.416 204.013 200.168 26.2453 3.84483 10.8651 173.923 56.6194
internal_count=80000 51461 37097 21333 6069 15764 2294 13470 12058 15264 545 11795 1913 1412 449 11654 656 290 4453 963 381 14364 14335 7230 7178 628 52 111 6550 2076
is_linear=0
shrinkage=0.1


Tree=22
num_leaves=31
num_cat=0
split_feature=20 59 25 73 63 41 66 49 71 14 25 50 35 59 59 32 60 33 55 34 80 47 60 60 60 22 4 35 15 76
split_gain=812.629 532.418 341.867 591.493 137.046 74.4823 65.5509 61.358 34.0018 31.1494 27.3987 26.6208 33.6869 26.2858 20.7535 24.1117 18.9007 14.6056 13.7278 22.9862 20.2583 16.3797 15.9613 32.2085 16.9768 11.0926 10.3098 16.0824 10.1256 8.87666
threshold=0.29006839543581014 0.91851186752319347 0.51476201415061962 -2.801346510648727 1.0000000180025095e-35 -0.37158058583736414 -0.64029768109321583 1.1694043278694155 1.5589829683303835 1.5910949110984804 1.0897794961929324 -1.4937851428985593 0.21043054014444354 0.91707691550254833 0.87904053926467907 0.5920560657978059 0.33524894714355474 -0.89017388224601735 1.4101628661155703 -0.49489046633243555 1.601990342140198 -0.028364703990519043 0.24099425226449969 0.24532324075698855 -0.13110261410474774 -0.86477649211883534 1.0000000180025095e-35 1.0859044790267947 1.9524421095848086 -0.61681210994720448
decision_type=2 2 2 2 2 2 2 2 2 2 2 2 2 2 2 2 2 2 2 2 2 2 2 2 2 2 2 2 2 2
left_child=1 2 5 4 -4 6 13 8 11 -5 -11 12 16 -1 25 -16 -7 -6 19 21 -21 22 24 -24 -14 -9 27 -13 -28 -3
right_child=-2 29 3 9 17 7 -8 14 -10 10 -12 26 18 -15 15 -17 -18 -19 -20 20 -22 -23 23 -25 -26 -27 28 -29 -30 -31
leaf_value=0.09496139620206244 0.10207534309782187 0.071198988491731549 0.10011652656517303 0.10486982255034423 -0.10105461143384059 -0.11043436279517255 -0.10912330208177726 -0.16074333588155154 0.10635637883519114 0.096760265675396834 -0.10289545556091598 -0.10852799461190565 0.11172114455085065 -0.11048098229056841 0.10446948151223563 -0.10915757469086369 0.15445738795545919 0.095489843092408266 -0.1084446294512732 0.10818718555516055 -0.11406675307976806 -0.09083561424748432 0.39740266605380886 0.003976859724663032 -0.098253816792498228 0.10587145796672981 0.10504290534795742 -0.35016639044203973 -0.10889153529463741 0.10268432646536961
leaf_weight=49.685317266732454 647.89964579790831 189.55741399526596 38.249536173418164 336.38684203475714 356.3092930316925 124.12911432981491 32.349694240838289 1.6814802885055566 8.1896611191332322 13.380636084824802 14.13317872956395 688.33924078755081 5.1852517165243652 7.1204223632812491 7.5827532894909409 17.423690114170313 2.7533938493579617 3.8214770387858144 18.344639109447598 21.26126674935222 5.0812843143939963 35.982693672180176 2.8138357847928983 7.9883929938077927 14.9588631503284 21.690206931903958 4.4685660377144796 2.7654206771403542 4.3817862421274185 169.71183250099421
leaf_count=1830 28539 7251 1616 14719 4400 1508 381 10 274 454 91 8979 58 83 205 221 36 53 168 294 47 345 15 71 117 941 102 18 61 7113
internal_value=0.00361313 -0.0253087 -0.0469803 0.00433558 -0.0798543 -0.0830603 0.00450237 -0.090906 -0.0965197 0.0965024 -0.00579803 -0.0982902 -0.0694369 0.0692098 0.0189409 -0.044379 -0.104686 -0.098969 -0.0293664 -0.0138133 0.065316 -0.0449577 0.0083865 0.106459 -0.0442046 0.0866898 -0.108121 -0.109495 -0.000875476 0.0860721
internal_weight=2853.63 2205.73 1846.46 762.281 398.38 1084.18 89.1554 995.022 946.643 363.901 27.5138 938.454 238.499 56.8057 48.3781 25.0064 126.883 360.131 111.616 93.2716 26.3426 66.929 30.9463 10.8022 20.1441 23.3717 699.955 691.105 8.85035 359.269
internal_count=80000 51461 37097 21333 6069 15764 2294 13470 12093 15264 545 11819 2659 1913 1377 426 1544 4453 1115 947 341 606 261 86 175 951 9160 8997 163 14364
is_linear=0
shrinkage=0.1


Tree=23
num_leaves=31
num_cat=0
split_feature=20 59 25 75 63 41 66 49 75 14 35 53 59 25 59 32 5 60 32 35 55 76 72 41 45 60 45 35 60 47
split_gain=731.387 471.928 303.612 529.326 121.983 66.2756 58.0712 54.9085 30.387 29.7799 25.5363 26.0137 23.4786 22.7895 19.6199 21.1323 18.7823 13.3768 13.0669 11.9931 9.87612 9.6479 24.7525 12.8492 26.9591 9.15524 8.79304 32.1622 16.8678 8.91862
threshold=0.29006839543581014 0.91851186752319347 0.51476201415061962 -2.801346510648727 1.0000000180025095e-35 -0.37158058583736414 -0.64029768109321583 1.1607456207275393 1.5321141481399538 1.5910949110984804 0.62262395024299633 0.91913339495658886 0.91707691550254833 1.0897794961929324 0.87904053926467907 0.66604739427566539 -1.3840833306312559 1.7683537006378176 -0.57271528244018544 1.09099817276001 1.5053818225860598 -0.61681210994720448 1.1074586510658266 0.69842341542243969 1.3439285755157473 0.24099425226449969 1.304334878921509 2.7432105541229252 -0.15174683928489682 -0.0070956822019070378
decision_type=2 2 2 2 2 2 2 2 2 2 2 2 2 2 2 2 2 2 2 2 2 2 2 2 2 2 2 2 2 2
left_child=1 2 5 4 -4 6 12 8 10 -5 17 16 -1 -11 20 -16 26 -7 -6 -18 -9 22 23 -3 -25 -13 29 28 -28 -12
right_child=-2 21 3 9 18 7 -8 14 -10 13 11 25 -14 -15 15 -17 19 -19 -20 -21 -22 -23 -24 24 -26 -27 27 -29 -30 -31
leaf_value=0.093731841973865693 0.10181244020316825 0.084689268828572251 0.099607258807961965 0.1047742146866608 -0.099104704141587369 -0.10562612176534841 -0.10638990806339804 0.10580725605380339 0.10963899916361773 0.095689343146259764 -0.017312003467262728 0.018503617727931673 -0.10938493399428975 -0.089220628232921526 0.095393597249308806 -0.10554518400328849 -0.10298370434885062 0.12420576802327388 0.11658000436838245 -0.31715283488730006 -0.15237578311586453 0.10231147804069272 -0.17428779775901432 -0.11034238611416723 0.10276237068173649 0.2718406789430905 -0.20460907919815688 -0.080929312165815906 0.12349636906729494 -0.10452115817819446
leaf_weight=45.517359789460897 587.68090834468603 150.70508050173521 34.77789862640202 304.63828467205167 328.47711145505309 704.44168378785253 29.985424872487783 19.928683280944828 7.1934346426278344 12.236010475084187 19.626097064465284 2.7593121454119673 6.5040740966796866 14.639882799237965 7.5416662506759193 17.103329848498106 53.751179859042168 2.5415370166301718 2.8331132400780907 2.748361360281705 1.6005960404872883 154.09327822178602 4.1138133108615866 10.890138436108829 13.050139445811508 2.9532775729894638 1.7289220541715646 25.274488627910614 16.716313220560551 29.134682487696409
leaf_count=1830 28539 6564 1616 14719 4406 9934 381 953 263 454 169 27 83 91 216 233 780 60 47 18 10 7113 52 118 517 17 30 266 187 307
internal_value=0.00358508 -0.0248865 -0.0462683 0.00433442 -0.0785582 -0.0816732 0.00444879 -0.0893915 -0.0950386 0.095872 -0.0967473 -0.0599448 0.0683368 -0.00503513 0.01687 -0.0440555 -0.0679749 -0.1048 -0.0972603 -0.113402 0.0866126 0.0839743 0.0681673 0.0738784 0.00582363 0.149473 -0.040222 -0.00765778 0.0927422 -0.0694197
internal_weight=2615.19 2027.51 1694.65 697.602 366.088 997.05 82.0069 915.044 868.869 331.514 861.676 154.693 52.0214 26.8759 46.1743 24.645 148.98 706.983 331.31 56.4995 21.5293 332.852 178.759 174.645 23.9403 5.71259 92.4805 43.7197 18.4452 48.7608
internal_count=80000 51461 37097 21333 6069 15764 2294 13470 12058 15264 11795 1801 1913 545 1412 449 1757 9994 4453 798 963 14364 7251 7199 635 44 959 483 217 476
is_linear=0
shrinkage=0.1


Tree=24
num_leaves=31
num_cat=0
split_feature=20 59 25 73 63 21 60 80 42 59 46 14 22 35 60 60 25 60 35 60 72 35 35 59 22 70 41 45 59 26
split_gain=658.112 419.576 268.113 473.695 108.606 61.6485 58.6818 46.6453 38.2663 34.5293 30.7956 28.5148 23.965 19.7749 25.2763 49.2157 19.1189 17.4676 14.7108 13.2737 18.8585 11.8259 9.99397 9.77511 15.9028 9.6287 21.5873 31.0169 13.0871 9.34226
threshold=0.29006839543581014 0.91851186752319347 0.5208691954612733 -2.801346510648727 1.0000000180025095e-35 1.0562039017677309 0.33439216017723089 -1.0000000180025095e-35 -0.49851812422275538 0.5151117891073228 0.64874452352523815 1.5910949110984804 0.75704821944236766 0.74974268674850475 0.24099425226449969 0.24532324075698855 1.0897794961929324 -0.23269558697938916 0.80164903402328502 -0.13110261410474774 -1.1420877575874326 0.8510744869709016 0.88470792770385753 0.40464635193347936 -0.86477649211883534 -0.61681210994720448 0.69842341542243969 1.3439285755157473 1.8967474699020388 1.0565259307622912
decision_type=2 2 2 2 2 2 2 2 2 2 2 2 2 2 2 2 2 2 2 2 2 2 2 2 2 2 2 2 2 2
left_child=1 2 5 4 -4 6 8 29 9 -1 12 -5 -9 -10 17 -16 -13 -15 -11 20 -19 -6 -17 24 -12 26 -3 28 -28 -8
right_child=-2 25 3 11 21 -7 7 10 13 18 23 16 -14 14 15 22 -18 19 -20 -21 -22 -23 -24 -25 -26 -27 27 -29 -30 -31
leaf_value=0.090684081854488952 0.10156915619431246 0.082001519117652452 0.099085954732096193 0.10470625936350464 -0.097697027222644769 -0.10702396464021741 0.10618396715905593 0.096436997621452261 -0.10761176141202991 -0.1148308669879738 -0.091234268292200757 0.094591834636175806 -0.067929528547972046 -0.42080890356700862 0.18635981699661233 0.13676861031352963 -0.077987867338289066 0.096693424514306819 0.058064786874832477 -0.10162945092738987 -0.19160131989171567 0.09022010599917811 -0.085643016061408284 -0.1340483832385207 0.10642201900298079 0.1019316285385322 0.10438752742460938 0.10262297685748019 -0.15628197984553169 -0.11399162948801506
leaf_weight=24.288163753226399 532.96479794383049 139.73053066059947 31.625392252579331 275.8179269246757 301.31252410262823 440.40880069509149 36.982715930789709 22.170181246474385 200.24645611271262 20.607919212430719 16.552957177162174 11.193635439500214 14.78698146343231 1.5543590784072865 11.33917313814163 2.221263803541663 15.049919396638868 8.2035894393920881 6.4650152046233407 56.310883974656463 3.1365024372935286 3.3865312766283742 22.334608905017376 25.036026075482368 5.3979567885398856 139.92300625890493 2.2878455873578796 11.954914193600414 12.178835341706872 2.0330847837030879
leaf_count=1124 28539 6566 1616 14719 4400 6993 1500 632 2858 295 203 454 232 14 61 15 91 143 175 703 27 53 214 311 233 7113 69 518 98 31
internal_value=0.0035735 -0.0244379 -0.0454604 0.00433407 -0.0773009 -0.0800098 -0.0552067 0.00436724 -0.0757422 0.00411818 -0.0376229 0.0952289 0.0306721 -0.0891752 -0.0540483 0.0140455 -0.00437763 -0.0893668 -0.0735434 -0.0817515 0.0169553 -0.0956085 -0.0655242 -0.0913397 -0.0426285 0.082604 0.0663275 -0.0165645 -0.115058 0.0947108
internal_weight=2397.5 1864.54 1558.46 638.386 336.324 920.077 479.668 122.96 356.708 51.3611 83.9441 302.061 36.9572 305.347 105.1 35.895 26.2436 69.2053 27.0729 67.651 11.3401 304.699 24.5559 46.9869 21.9509 306.075 166.152 26.4216 14.4667 39.0158
internal_count=80000 51461 37097 21333 6069 15764 8771 3142 5629 1594 1611 15264 864 4035 1177 290 545 887 470 873 170 4453 229 747 436 14364 7251 685 167 1531
is_linear=0
shrinkage=0.1


Tree=25
num_leaves=31
num_cat=0
split_feature=20 59 25 75 63 59 6 41 14 25 65 59 35 5 75 59 35 55 34 80 47 31 49 74 60 60 60 70 77 41
split_gain=592.696 374.558 237.952 427.615 86.4083 61.4783 76.1452 63.723 27.4271 25.2445 23.118 22.7834 18.3584 26.3115 16.236 14.2839 12.3473 10.6397 15.3156 14.8751 12.8322 10.5557 10.4066 9.54082 8.8689 16.4259 13.5738 8.75597 19.4899 9.35471
threshold=0.29006839543581014 0.88845559954643261 0.5208691954612733 -2.801346510648727 1.0000000180025095e-35 0.5151117891073228 -0.47659923136234278 -0.35950900614261622 1.5910949110984804 1.0000000180025095e-35 -0.64025864005088795 0.91707691550254833 0.21043054014444354 -1.3787628412246702 0.66915827989578258 0.87996390461921703 1.0383262038230898 1.4101628661155703 -0.49489046633243555 1.601990342140198 -0.028364703990519043 -0.41036905348300928 1.4870666861534121 1.2687115073204043 -0.086046099662780748 0.24532324075698855 -0.13110261410474774 -0.61681210994720448 1.0900488495826723 0.69842341542243969
decision_type=2 2 2 2 2 2 2 2 2 2 2 2 2 2 2 2 2 2 2 2 2 2 2 2 2 2 2 2 2 2
left_child=1 2 5 4 -4 6 7 10 -5 11 -1 -3 -9 17 16 23 -10 18 20 -20 24 -6 -17 -7 26 -26 -14 28 29 -11
right_child=-2 9 3 8 21 15 -8 12 14 27 -12 -13 13 -15 -16 22 -18 -19 19 -21 -22 -23 -24 -25 25 -27 -28 -29 -30 -31
leaf_value=0.09334321279412193 0.10134281252716677 0.10522461502285359 0.098163858516814279 0.10469794764818524 0.11363325307279858 -0.108536065824901 0.10520854802428821 -0.1020912784383611 -0.10338637871347756 0.083103925176853555 -0.064288094747570829 -0.10710584030012037 0.11085805003276335 -0.12259673159000206 0.10511521034650395 0.10375226462509093 0.11813451182983946 -0.10247153326943258 0.10166423007710837 -0.11056538453321277 -0.081969973004478225 -0.095766041710763236 -0.17656476173834917 0.15707115041446745 0.25804209719248344 -0.0010218724035811057 -0.090730919293330381 0.1026914247200596 -0.1458365458248827 0.0095361358069896429
leaf_weight=31.873030811548233 483.26907357573509 8.0323764923959988 25.544770549982786 246.24956366978586 2.4283817112445822 440.83127451129258 28.940634070895612 168.82620872743428 13.579758290201431 131.78393161296844 13.139362066984175 13.62661626935005 4.636078946292403 37.980787103995681 8.8717025294899923 5.3864853829145423 3.0884498301893464 14.602644763886927 17.662978183478121 4.0620474815368643 29.941772209480405 277.9043921418488 1.7561599761247633 1.3565649371594179 3.5672485660761577 7.7966850250959396 11.949201583862306 130.709088858217 4.1641800701618186 19.893623039126396
leaf_count=1609 28539 298 1429 14522 47 7531 1322 2702 120 6755 218 205 58 586 371 138 49 164 268 47 345 4406 21 52 17 71 108 7322 52 628
internal_value=0.00355632 -0.0240765 -0.0460192 0.00319385 -0.0779079 -0.0805072 -0.0506124 -0.0636444 0.0944675 0.0757361 0.0473298 -0.0283617 -0.0802383 -0.0523309 -0.00417224 -0.105455 -0.0623408 -0.0240058 -0.00961411 0.0619825 -0.0364825 -0.0939521 0.0348308 -0.107721 0.0122478 0.0803008 -0.0343808 0.0836043 0.0675954 0.073455
internal_weight=2193.46 1710.19 1401.98 577.667 305.878 824.309 374.979 346.038 271.789 308.21 45.0124 21.659 301.026 132.199 25.5399 449.33 16.6682 94.2187 79.616 21.725 57.891 280.333 7.14265 442.188 27.9492 11.3639 16.5853 286.551 155.842 151.678
internal_count=80000 51461 36201 20944 5882 15257 7515 6193 15062 15260 1827 503 4366 1664 540 7742 169 1078 914 315 599 4453 159 7583 254 88 166 14757 7435 7383
is_linear=0
shrinkage=0.1


Tree=26
num_leaves=31
num_cat=0
split_feature=20 59 25 75 63 59 18 42 14 25 0 59 35 64 73 59 59 35 55 34 80 47 49 71 11 45 31 63 60 60
split_gain=533.786 333.115 211.956 382.583 76.8986 56.9795 67.6834 56.3315 26.1439 22.2314 20.659 20.4546 17.2334 24.4306 13.9874 12.8076 10.4712 9.61241 9.53585 13.1609 12.9257 10.9677 9.33769 9.1381 21.889 23.5302 11.8018 15.8056 9.58929 226.112
threshold=0.29006839543581014 0.88845559954643261 0.51476201415061962 -2.801346510648727 1.0000000180025095e-35 0.5151117891073228 -0.38370376825332636 -0.35950900614261622 1.5910949110984804 -1.0000000180025095e-35 1.0000000180025095e-35 0.91707691550254833 0.21043054014444354 -1.3787316679954527 0.66915827989578258 0.87996390461921703 0.40464635193347936 0.8510744869709016 1.4101628661155703 -0.49489046633243555 1.601990342140198 -0.0070956822019070378 1.4870666861534121 1.0000000180025095e-35 -0.23843168467283246 1.3281593322753908 0.24708341807127002 1.0000000180025095e-35 0.1515610218048096 -0.16840299963951108
decision_type=2 2 2 2 2 2 2 2 2 2 2 2 2 2 2 2 2 2 2 2 2 2 2 2 2 2 2 2 2 2
left_child=1 2 5 4 -4 6 7 10 -5 11 -1 -3 -9 18 16 -7 -10 -6 19 21 -21 -14 -17 24 26 -26 -11 28 29 -28
right_child=-2 9 3 8 17 15 -8 12 14 23 -12 -13 13 -15 -16 22 -18 -19 -20 20 -22 -23 -24 -25 25 -27 27 -29 -30 -31
leaf_value=-0.047875587177831927 0.1011309290788579 0.104798394872467 0.097584085582401059 0.10467215577581773 -0.09441909222394429 -0.10679311935451674 0.10477213245955314 -0.10058436760155989 -0.0070705073196910238 0.10265387388209882 0.098740246248674515 -0.10609321380462955 0.010687557880343035 -0.12197248898470769 0.1046812247331205 0.102750642321065 -0.18437134295568092 0.085432096812139563 -0.10049730799105067 0.096829207396044878 -0.10945949331074367 -0.078310632609528141 -0.17544353050621289 0.10079163548201074 -0.13361716858949066 0.090912786719193436 0.10204744793315668 -0.22287376499347167 0.10356253805922058 -1.188963300148002
leaf_weight=14.984841734170912 438.14976972341537 7.2961428761482265 23.244266605935991 222.86756637133658 254.89983552228659 403.40672868490219 26.29116084612906 154.93388672731817 12.15356532298029 76.853381356224418 26.796332687139511 12.44158351421356 27.289745837450027 34.533439068123698 8.0590366367250663 4.9190256446599951 4.588656283915042 3.0067596118897191 13.45944709330797 16.739426691085104 3.7107236683368674 28.110060587525368 1.5986678749322889 129.98984057828784 10.723332650028171 8.2647213004529458 17.344875253736973 2.2397454269230357 17.730245318263769 1.4717501308769012
leaf_count=344 28539 298 1429 14522 4400 7583 1322 2702 147 4388 1483 205 258 586 371 138 22 53 164 268 47 341 21 7845 133 381 947 14 969 80
internal_value=0.00353706 -0.0237 -0.0453637 0.00320987 -0.0766217 -0.079306 -0.0494757 -0.0621267 0.0938338 0.0742434 0.0461564 -0.0281361 -0.0783554 -0.0505458 -0.00356106 -0.104546 -0.0556646 -0.0923223 -0.0229271 -0.00916236 0.0593977 -0.0344704 0.0345148 0.0818799 0.0636197 -0.0358885 0.0799589 0.0349902 0.0507932 0.00107051
internal_weight=2008.1 1569.95 1285.59 528.82 281.151 756.773 346.849 320.558 247.669 284.356 41.7812 19.7377 278.777 123.843 24.8013 409.924 16.7422 257.907 89.3094 75.85 20.4502 55.3998 6.51769 264.618 134.628 18.9881 115.64 38.7866 36.5469 18.8166
internal_count=80000 51461 36201 20944 5882 15257 7515 6193 15062 15260 1827 503 4366 1664 540 7742 169 4453 1078 914 315 599 159 14757 6912 514 6398 2010 1996 1027
is_linear=0
shrinkage=0.1


Tree=27
num_leaves=31
num_cat=0
split_feature=20 59 25 75 63 59 18 41 14 25 66 59 35 5 25 59 25 70 42 45 59 31 63 60 55 45 45 60 80 32
split_gain=479.754 299.057 187.841 342.11 68.3969 53.2028 59.9268 49.5697 24.9855 19.8177 18.9266 18.3704 16.5834 22.9091 12.4662 11.4587 9.14834 8.84066 16.0176 23.4179 10.5043 10.2809 13.5239 8.6629 8.59812 11.8804 12.747 10.4092 12.6708 8.54587
threshold=0.29006839543581014 0.88845559954643261 0.5208691954612733 -2.801346510648727 1.0000000180025095e-35 0.5151117891073228 -0.38370376825332636 -0.35950900614261622 1.5910949110984804 1.0000000180025095e-35 -0.64029768109321583 0.91707691550254833 0.21043054014444354 -1.3787628412246702 1.0897794961929324 0.87996390461921703 -2.4757107496261592 -0.61681210994720448 0.69842341542243969 1.3439285755157473 1.8967474699020388 0.24708341807127002 1.0000000180025095e-35 1.7683537006378176 1.4101628661155703 1.304334878921509 1.253446161746979 -0.16840299963951108 1.601990342140198 -0.57271528244018544
decision_type=2 2 2 2 2 2 2 2 2 2 2 2 2 2 2 2 2 2 2 2 2 2 2 2 2 2 2 2 2 2
left_child=1 2 5 4 -4 6 7 10 -5 11 -1 -3 23 24 -10 16 -7 18 21 20 -20 -11 -23 -9 25 26 -14 -27 -29 -6
right_child=-2 9 3 8 29 15 -8 12 14 17 -12 -13 13 -15 -16 -17 -18 -19 19 -21 -22 22 -24 -25 -26 27 -28 28 -30 -31
leaf_value=0.091269417576588463 0.10093121312164091 0.10440226397182124 0.096989977628333682 0.10465959391445578 -0.092441048617305954 0.10477398685640171 0.10431512507437279 -0.10162678204955927 0.091539829929399782 0.10095862682344076 -0.059185884028211788 -0.1051308297904021 0.0012975854873337998 -0.12136173586878048 -0.057863853422069136 0.034197620511379832 -0.10690116009547104 0.10230240220944709 0.10370730142681475 0.10218052333941258 -0.14418399110339886 0.052248637919350693 -0.2009146190382638 0.13708548823284236 -0.098544588946095663 -0.2015074489439036 -0.1039166388362429 0.10231223818571654 -0.10847871160473532 0.11127223028055294
leaf_weight=26.99634453188628 397.19914172589779 6.6255704965442446 21.15489318780601 201.68113894667476 235.36621726490557 2.0531897246837607 23.888995775021613 140.71881015971303 8.8120100330561417 74.764185399748385 12.112252836115657 11.355454742908476 32.789173037745059 31.39652618765831 15.249929647892712 5.9474773406982413 366.47827449440956 107.58050617203116 2.0413062134757647 9.8360271882265788 10.513619929552078 37.444547858089209 2.2360990755259982 1.5368497110903252 12.407748639583586 1.5232626199722314 17.747414985671639 18.059149024076763 3.3864037990570059 2.0774670466780654
leaf_count=1609 28539 298 1429 14522 4406 76 1322 2678 449 4674 218 205 330 586 91 159 7507 7322 69 518 91 2069 14 24 164 16 246 275 47 47
internal_value=0.00360473 -0.0231708 -0.04462 0.00321586 -0.0753079 -0.0778589 -0.0480913 -0.0602813 0.0931683 0.0733992 0.0446722 -0.027923 -0.0760946 -0.0482602 -0.00314895 -0.1035 -0.105722 0.0808532 0.0639899 -0.0133602 -0.103879 0.0791233 0.0379823 -0.0990479 -0.0215456 -0.00854814 -0.0356515 0.0510854 0.0690269 -0.0906587
internal_weight=1840.98 1443.78 1181.38 484.342 258.599 697.042 322.563 298.674 225.743 262.397 39.1086 17.981 259.565 117.31 24.0619 374.479 368.531 244.416 136.836 22.391 12.5549 114.445 39.6806 142.256 85.9132 73.5054 50.5366 22.9688 21.4456 237.444
internal_count=80000 51461 36201 20944 5882 15257 7515 6193 15062 15260 1827 503 4366 1664 540 7742 7583 14757 7435 678 160 6757 2083 2702 1078 914 576 338 322 4453
is_linear=0
shrinkage=0.1


Tree=28
num_leaves=31
num_cat=0
split_feature=20 59 25 73 63 59 18 42 14 25 0 59 35 64 75 71 59 35 76 72 49 33 60 55 60 60 60 60 42 36
split_gain=432.155 266.595 166.881 305.683 60.8184 49.4728 53.1459 43.6591 24.0177 17.6408 17.2453 16.5033 16.0768 21.4043 11.1385 10.7312 9.2161 9.06094 8.59844 14.5597 8.17287 7.83626 7.7528 7.73695 10.5603 28.312 11.6326 12.7481 7.40788 7.18918
threshold=0.29006839543581014 0.88845559954643261 0.5208691954612733 -2.801346510648727 1.0000000180025095e-35 0.5151117891073228 -0.38370376825332636 -0.35950900614261622 1.5910949110984804 1.0000000180025095e-35 1.0000000180025095e-35 0.91707691550254833 0.21043054014444354 -1.3787316679954527 0.66915827989578258 1.2687115073204043 0.87996390461921703 1.0383262038230898 -0.61681210994720448 1.0975242853164675 1.4870666861534121 -0.89017388224601735 1.7683537006378176 1.4101628661155703 -0.11694321408867835 0.24532324075698855 -0.13110261410474774 -0.23269558697938916 -0.2461886331439018 -2.9390299320220943
decision_type=2 2 2 2 2 2 2 2 2 2 2 2 2 2 2 2 2 2 2 2 2 2 2 2 2 2 2 2 2 2
left_child=1 2 5 4 -4 6 7 10 -5 11 29 -3 22 23 17 16 -7 -10 19 -11 -18 -6 28 24 26 -26 27 -14 -9 -1
right_child=-2 9 3 8 21 15 -8 12 14 18 -12 -13 13 -15 -16 -17 20 -19 -20 -21 -22 -23 -24 -25 25 -27 -28 -29 -30 -31
leaf_value=-0.078989748183705993 0.10074152641164745 0.10403908935346778 0.096369839003497312 0.10465879939051213 -0.091105696513544013 -0.10587334898350426 0.10380951966468584 0.17413775965667788 -0.079952478557593451 0.068791350878975838 0.097655614540736638 -0.10420175078054379 -0.24839899385123299 -0.1207270801700378 0.1044480509238339 0.14761802143322764 0.10085730098014421 0.1179891530238219 0.10211116107998155 -0.12319645999668068 -0.17469031251629219 0.081013635318530827 0.13639791184570504 -0.096589321329352315 0.16847651582214337 -0.025958110357450367 -0.083035172847542679 0.096420724363218482 -0.10252518630451379 0.10305063299976525
leaf_weight=11.258991241455076 360.04321805387735 6.0149529147893217 19.258751727640629 182.49016679171473 215.97647577337921 334.8033625613898 21.715124929323792 0.97519887052476306 13.867310483008628 122.45822495780885 22.465786918997765 10.361835211515425 1.2425819784402845 28.550687928684056 6.8644258836284271 1.7064716089516867 3.9395701587200156 2.7754394095391026 97.5159583222121 4.0817310865968457 1.4811039268970487 2.6779442671686402 1.3972702659666527 11.442806471139191 10.449132118374107 26.435687953606248 25.13687821850181 7.8173951059579796 127.7936094282195 2.687199428677558
leaf_count=232 28539 298 1429 14522 4400 7531 1322 4 120 7383 1483 205 7 586 371 60 130 49 7322 52 21 53 24 164 71 371 313 152 2674 112
internal_value=0.00358607 -0.0228013 -0.0439096 0.00322396 -0.0739924 -0.0765356 -0.0468519 -0.058635 0.0924037 0.0724725 0.043433 -0.027718 -0.0740408 -0.0460951 -0.00273441 -0.102524 -0.103779 -0.0469426 0.0797956 0.0625985 0.0255688 -0.0889977 -0.0978877 -0.020275 -0.00798981 0.0291234 -0.0480203 0.0491285 -0.10043 -0.0439136
internal_weight=1685.69 1325.64 1085.21 443.911 237.913 641.299 299.368 277.653 205.997 240.433 36.412 16.3768 241.241 111.075 23.5072 341.931 340.224 16.6427 224.056 126.54 5.42067 218.654 130.166 82.5245 71.0817 36.8848 34.1969 9.05998 128.769 13.9462
internal_count=80000 51461 36201 20944 5882 15257 7515 6193 15062 15260 1827 503 4366 1664 540 7742 7682 169 14757 7435 151 4453 2702 1078 914 442 472 159 2678 344
is_linear=0
shrinkage=0.1


Tree=29
num_leaves=31
num_cat=0
split_feature=20 59 25 73 63 59 19 42 14 35 64 0 25 59 75 74 71 11 45 31 60 60 31 59 59 20 49 41 36 35
split_gain=389.259 236.283 148.69 273.106 54.0319 45.693 47.2432 38.5417 22.9368 15.4877 19.8696 15.4685 15.3963 14.8282 9.70167 9.67797 9.06756 17.9805 17.0077 11.5351 12.4231 152.867 16.1295 8.25908 8.10537 7.54493 7.33559 7.12863 9.07003 6.95527
threshold=0.29006839543581014 0.88845559954643261 0.5208691954612733 -2.801346510648727 1.0000000180025095e-35 0.5151117891073228 -0.47659923136234278 -0.35950900614261622 1.5910949110984804 0.21043054014444354 -1.3787316679954527 -1.0000000180025095e-35 1.0000000180025095e-35 0.91707691550254833 0.66915827989578258 1.2687115073204043 -1.0000000180025095e-35 -0.23843168467283246 1.3281593322753908 0.24708341807127002 -0.16840299963951108 -0.14255850017070767 0.46006852388381964 0.87996390461921703 0.40464635193347936 3.7519656419754033 1.4870666861534121 0.80656781792640697 -0.22017283737659452 0.8510744869709016
decision_type=2 2 2 2 2 2 2 2 2 2 2 2 2 2 2 2 2 2 2 2 2 2 2 2 2 2 2 2 2 2
left_child=1 2 5 4 -4 6 7 11 -5 -9 27 -1 13 -3 24 23 17 19 -19 -14 -21 -22 -23 -7 -10 -2 -25 28 -11 -6
right_child=25 12 3 8 29 15 -8 9 14 10 -12 -13 16 -15 -16 -17 -18 18 -20 20 21 22 -24 26 -26 -27 -28 -29 -30 -31
leaf_value=-0.042086348143688564 0.10117176681543956 0.10370068350250522 0.095717958491743221 0.10466473388536308 -0.089402643292805395 -0.10490969917754434 0.10325513749786214 -0.096945574796385631 0.00013880823960303875 -0.015956353183104444 -0.120028581110584 0.097027462525951916 0.10156063211442434 -0.10328979318653818 0.10407258612800803 0.15024300639583635 0.099869120240858561 -0.12110344753658978 0.087201188137595448 0.10164130782212076 -0.96106096614532044 -0.20000442355849724 0.091358834434491651 0.099714831816947805 -0.15750536149451477 -0.27727099918520914 -0.1738743406295355 -0.086900050132964049 0.12995299951692982 0.075236469532121056
leaf_weight=13.120390068739651 325.81178525462747 5.4593624006956807 17.538674493320286 165.11506619956344 198.95912711136043 305.58657005243003 19.748888363130391 118.87316538300365 12.124277562834328 61.137216333299875 25.976682026870549 20.452927652746439 59.522777307778597 9.454393267631529 6.2324584936723104 1.5184374172240485 97.629125520586967 9.8991136280819791 6.4890478113666168 13.988298026844857 1.5941133983433271 2.1416030479595092 16.840724269859493 3.6034813597798339 4.4617267027497283 0.5276639387011518 1.3461264893412588 12.974612914025782 4.579436443746089 2.5994731755927196
leaf_count=344 28503 298 1429 14522 4400 7531 1322 2702 147 753 586 1483 4388 205 371 60 7845 133 381 947 33 12 1018 130 22 36 21 209 116 53
internal_value=0.0035595 -0.0224092 -0.0432432 0.00323356 -0.0726304 -0.0753657 -0.0457937 -0.0572421 0.0916776 -0.0722466 -0.0441955 0.042662 0.0706305 -0.0275184 -0.00229791 -0.101603 0.0776643 0.0580415 -0.0386233 0.0748786 0.0289303 -0.0205002 0.058487 -0.102834 -0.0422683 0.10056 0.0253078 -0.0191624 -0.00578872 -0.0872793
internal_weight=1545.31 1218.97 995.949 407.031 219.097 588.918 276.863 257.114 187.934 223.541 104.668 33.5733 223.019 14.9138 22.8185 312.055 208.105 110.476 16.3882 94.0875 34.5647 20.5764 18.9823 310.536 16.586 326.339 4.94961 78.6913 65.7167 201.559
internal_count=80000 51461 36201 20944 5882 15257 7515 6193 15062 4366 1664 1827 15260 503 540 7742 14757 6912 514 6398 2010 1063 1030 7682 169 28539 151 1078 869 4453
is_linear=0
shrinkage=0.1


Tree=30
num_leaves=31
num_cat=0
split_feature=20 59 25 73 63 59 59 14 42 59 60 60 25 59 65 60 76 41 45 31 60 60 45 74 73 59 59 35 72 31
split_gain=349.996 211.246 131.125 243.809 47.9651 43.3406 41.6754 21.948 21.3591 14.8225 14.5579 40.8051 13.6817 13.3242 13.3148 13.307 8.74537 13.1549 18.0768 10.0204 10.9446 52.4805 13.9208 8.72555 8.50036 8.29121 7.39661 7.20002 6.9849 9.88068
threshold=0.29006839543581014 0.88845559954643261 0.5208691954612733 -2.801346510648727 1.0000000180025095e-35 0.5151117891073228 0.13478758186101916 1.5910949110984804 -0.35950900614261622 0.40464635193347936 0.23035334050655368 0.24532324075698855 1.0000000180025095e-35 0.91707691550254833 -0.64025864005088795 1.7683537006378176 -0.61681210994720448 0.69842341542243969 1.3439285755157473 0.24708341807127002 -0.16840299963951108 -0.14255850017070767 1.1792252659797671 1.2687115073204043 0.66915827989578258 1.8967474699020388 0.87996390461921703 1.0383262038230898 -0.84808698296546925 -0.52294510602951039
decision_type=2 2 2 2 2 2 2 2 2 2 2 2 2 2 2 2 2 2 2 2 2 2 2 2 2 2 2 2 2 2
left_child=1 2 5 4 -4 6 8 -5 14 -8 -10 -12 13 -3 -1 -13 17 19 25 -14 -21 -22 -23 26 27 -19 -7 -9 29 -2
right_child=28 12 3 7 -6 23 9 24 10 -11 11 15 16 -15 -16 -17 -18 18 -20 20 21 22 -24 -25 -26 -27 -28 -29 -30 -31
leaf_value=0.083109029245309329 0.10106501677108758 0.10339136405487144 0.095035417638398359 0.10467334377002002 -0.085515421637195915 -0.10389143688132876 0.10486194967810952 -0.066615535887593835 -0.090620664126705663 -0.0446234008335104 0.16138688157471762 -0.074576418189738605 0.099436989325420722 -0.10237861953247361 -0.065694990869057723 0.11544582572342393 0.10172138167015908 0.10304789772771217 0.10174073837245455 0.10148119585339539 -0.36366202790474794 0.089935786828457223 -0.18513126278516381 0.15281748655981267 0.10372583979566093 -0.13307461825352504 0.025029307806720347 0.11626415871322233 0.101060977084836 -0.74409782720462947
leaf_weight=15.897276163101198 0.33361897803843021 4.9538873368874183 15.978061854839323 149.3904071720317 185.96310406923294 279.08177134115249 23.103768441826105 13.928227195516234 127.77517832256854 9.3045873641967756 9.2671372927725297 60.585915148258209 58.090015827678144 8.6270104944705945 9.6714712381362897 3.9239620417356482 80.291468253359199 1.7572229988873012 7.6606356315314761 13.630204156041144 3.5588485822081593 15.531402439810337 2.0871046632528296 1.351949187926947 5.6572586037218562 9.6744181774556637 4.522390902042388 2.5463731009513131 295.23758303001523 0.23630431853234668
leaf_count=1251 32 298 1429 14522 4453 7531 1701 120 2894 214 60 1103 4674 205 193 99 7322 69 518 1017 33 1021 12 60 371 91 151 49 28491 16
internal_value=0.0036053 -0.0218691 -0.0424009 0.00323454 -0.0712298 -0.0737023 -0.0441392 0.0909049 -0.0592764 0.061944 -0.070199 -0.0348304 0.0696831 -0.0273202 0.0268234 -0.0630179 0.0765344 0.0584766 -0.0171243 0.0740141 0.031586 -0.0134 0.0573511 -0.100627 -0.00203239 -0.0967789 -0.101836 -0.038349 0.100386 -0.24936
internal_weight=1419.62 1123.81 917.949 373.463 201.941 544.485 259.529 171.522 227.121 32.4084 201.552 73.777 205.862 13.5809 25.5687 64.5099 192.281 111.99 19.0923 92.8976 34.8076 21.1774 17.6185 284.956 22.1319 11.4316 283.604 16.4746 295.808 0.569923
internal_count=80000 51461 36201 20944 5882 15257 7515 15062 5600 1915 4156 1262 15260 503 1444 1202 14757 7435 678 6757 2083 1066 1033 7742 540 160 7682 169 28539 48
is_linear=0
shrinkage=0.1


Tree=31
num_leaves=31
num_cat=0
split_feature=20 59 25 73 31 59 19 41 14 35 5 0 25 59 25 76 42 45 31 60 60 0 59 59 14 80 55 45 45 60
split_gain=315.005 188.043 115.676 217.23 43.061 40.6864 37.1453 29.8608 20.9911 17.7951 15.9945 13.6775 12.1786 11.9723 8.94787 8.3595 11.6686 12.36 10.2292 10.3263 33.3175 12.6119 9.96146 7.90843 7.68751 7.14912 7.07069 7.7668 11.4733 8.51119
threshold=0.29006839543581014 0.88845559954643261 0.51476201415061962 -2.801346510648727 0.16398638486862185 0.5151117891073228 -0.47659923136234278 -0.2461886331439018 1.5910949110984804 0.21043054014444354 -1.3787628412246702 1.0000000180025095e-35 1.0000000180025095e-35 0.91707691550254833 1.0000000180025095e-35 -0.61681210994720448 0.5665191411972047 1.3439285755157473 0.24708341807127002 -0.16840299963951108 -0.12642072513699529 1.0000000180025095e-35 1.8967474699020388 0.87996390461921703 1.6204254031181338 1.601990342140198 1.4101628661155703 1.304334878921509 1.253446161746979 -0.23269558697938916
decision_type=2 2 2 2 2 2 2 2 2 2 2 2 2 2 2 2 2 2 2 2 2 2 2 2 2 2 2 2 2 2
left_child=1 2 5 4 -4 6 7 11 -5 -9 26 -1 13 -3 -7 16 18 22 -14 -20 -21 -22 -18 -16 -10 -6 27 28 -11 -29
right_child=-2 12 3 8 25 14 -8 9 24 10 -12 -13 15 -15 23 -17 17 -19 19 20 21 -23 -24 -25 -26 -27 -28 29 -30 -31
leaf_value=-0.045021811365782489 0.10021982292392691 0.10310672128773218 0.10041864378611365 0.10468171692748185 -0.063594726312881933 0.10629090632997636 0.10242062423317121 -0.097044874632560285 -0.12943616339929248 0.0092839383506632556 -0.1128294994428215 0.09015931453075339 0.10058525612187733 -0.10145226026738303 -0.10350294510329226 0.10150924732303357 0.10325915656230869 0.08826740841821748 0.10133917746369332 -0.23696405026059658 -0.17455381876520604 0.094593239438036048 -0.1249969517394969 0.02715639583389581 0.026297839585731654 -0.10428422528860336 -0.095829771183329415 -0.23908986564437101 -0.099725853814389212 0.064141959110686611
leaf_weight=12.287065595388414 268.17462962120771 4.4942586412653309 13.797361988574265 135.16399235278368 89.828624522313476 2.0968408584594718 16.471198905259371 100.32305187825114 3.8637963570654419 29.855677883140743 21.322818501852453 19.149879440665245 52.248983733355999 7.8737558722496033 253.93732449039817 72.794981881976128 2.4120053090155134 7.3078248836100093 12.349524018354712 5.0599437803030023 2.0047099711373439 13.235582247376442 9.2224066313356161 4.718513522297143 17.644744199700654 83.151156967505813 9.3157007917761785 0.97326958179474132 14.26986833848059 18.913500594906509
leaf_count=347 28539 298 1253 14522 2482 78 1322 2697 48 327 577 1501 4629 205 7507 7322 109 539 1017 44 11 991 95 157 492 2147 162 4 246 332
internal_value=0.00362241 -0.0213803 -0.0415037 0.00324541 -0.0695935 -0.07202 -0.0425701 -0.053118 0.0900803 -0.0677006 -0.0365978 0.037324 0.0688096 -0.0271201 -0.0994515 0.0755266 0.0573121 -0.0136556 0.0731461 0.0292355 -0.0146283 0.0591896 -0.0776757 -0.101119 -0.00167823 -0.0831541 -0.0144306 -0.0025846 -0.025969 0.0493016
internal_weight=1304.26 1036.09 847.084 343.45 186.777 503.635 242.882 226.411 156.673 194.974 94.6508 31.4369 189.004 12.368 260.753 176.636 103.841 18.9422 84.8987 32.6498 20.3002 15.2403 11.6344 258.656 21.5085 172.98 73.328 64.0123 44.1255 19.8868
internal_count=80000 51461 36201 20944 5882 15257 7515 6193 15062 4345 1648 1848 15260 503 7742 14757 7435 743 6692 2063 1046 1002 204 7664 540 4629 1071 909 573 336
is_linear=0
shrinkage=0.1


Tree=32
num_leaves=31
num_cat=0
split_feature=20 21 5 11 25 60 61 25 80 32 31 44 45 3 78 22 25 79 25 60 60 25 32 36 47 45 59 34 60 59
split_gain=283.564 167.559 133.123 86.6497 36.2413 38.5775 33.9993 44.8098 23.9636 22.8006 20.5028 20.1265 21.209 19.1126 14.6735 12.9631 10.4665 14.2284 10.2791 13.3035 36.7409 9.94894 10.9594 9.62675 9.37756 8.49017 8.09733 7.57808 7.25197 6.65496
threshold=0.29006839543581014 1.0562039017677309 -0.98906767368316639 -0.55473172664642323 0.28473690152168279 -0.16840299963951108 -1.5722193121910093 0.28473690152168279 -1.0000000180025095e-35 -1.7770294547080991 -0.37536944448947901 -0.10966305434703826 1.4362195134162905 1.0478158593177798 1.0000000180025095e-35 1.6665880680084231 1.4209433794021609 -1.0000000180025095e-35 1.6904234290122988 0.1515610218048096 -0.16840299963951108 1.4529052376747134 -1.7109928131103513 2.3606957197189335 -0.11086240410804747 1.2633432745933535 1.1096598505973818 1.6773754358291628 1.9948104023933413 0.40464635193347936
decision_type=2 2 2 2 2 2 2 2 2 2 2 2 2 2 2 2 2 2 2 2 2 2 2 2 2 2 2 2 2 2
left_child=1 2 3 6 5 25 7 9 27 -1 13 -5 -13 -10 16 -6 28 -18 19 20 -17 22 -22 -14 -11 -4 29 -7 -8 -3
right_child=-2 26 4 11 15 8 14 -9 10 24 -12 12 23 -15 -16 18 17 -19 -20 -21 21 -23 -24 -25 -26 -27 -28 -29 -30 -31
leaf_value=-0.098401992030944865 0.10005069464245142 0.15116276010759969 -0.12135512124149905 0.084456716190432032 0.095326714321633352 0.093400249987681844 -0.084899193546636928 0.1008295744679214 -0.12009341670083769 0.073716234492035446 0.096294561322396638 -0.089663994843368081 0.067111188701793015 0.061689781015833195 0.23493859933904254 0.10114840159810752 -0.034085318311996869 0.3048566639376768 0.10519389359512776 0.083942106269862024 -0.49137535453187753 -0.44083944137193165 -0.0086737986934470514 -0.12898230931163876 -0.023480734573417438 -0.32646075607894509 0.21857654626411382 -0.11577913690665598 0.171565224243592 -0.10317176983489501
leaf_weight=44.875232994556427 243.04407700523734 1.0340057667344797 6.9963350305333716 63.548811502754688 151.8051182795316 38.156891179271042 215.19060432724655 26.926810159347951 20.741906329058114 11.66928585898131 10.086232071742414 17.353119211271405 27.336437262594703 8.0201998073607665 1.4934786274097849 4.2984505109488964 5.9497178941965103 1.5641271770000447 8.0934758856892568 5.7498865798115721 0.66682249773293767 2.4802642185240984 1.5964590143412367 2.7559255938976994 66.453364973887801 2.8363780220970511 0.79146894626319308 1.8142395596951235 1.1082377438433457 204.71915497630835
leaf_count=1362 28539 53 140 5787 16870 3355 6068 3328 445 307 628 518 1648 673 22 396 195 8 629 545 29 30 49 59 1178 25 25 54 42 6993
internal_value=0.0036013 -0.0209162 0.00105892 -0.0299555 0.0583227 0.00624747 -0.0529152 -0.0160144 0.0295468 -0.041594 -0.0263834 0.0476627 -0.00161943 -0.0694039 -0.07747 0.0847499 -0.0795546 0.0364709 0.0145909 -0.0349832 -0.110609 -0.302496 -0.15089 0.0491525 -0.00896229 -0.180521 -0.100666 0.0839059 -0.0835852 -0.101894
internal_weight=1199.16 956.112 749.568 486.225 263.343 88.6522 375.231 149.925 78.8195 122.998 38.8483 110.994 47.4455 28.7621 225.306 174.69 223.813 7.51385 22.8854 14.7919 9.042 4.74355 2.26328 30.0924 78.1227 9.83271 206.545 39.9711 216.299 205.753
internal_count=80000 51461 44390 20522 23868 5320 12510 6175 5155 2847 1746 8012 2225 1118 6335 18548 6313 203 1678 1049 504 108 78 1707 1485 165 7071 3409 6110 7046
is_linear=0
shrinkage=0.1


Tree=33
num_leaves=31
num_cat=0
split_feature=20 21 5 25 11 25 60 45 63 80 31 3 45 22 35 60 5 35 31 46 45 25 60 60 26 25 59 14 41 60
split_gain=255.026 152.165 117.407 75.9676 36.3604 32.551 33.1042 27.6672 26.5818 21.178 17.9731 16.7046 13.9375 12.1453 11.9919 10.2486 9.83215 9.1767 10.6787 10.1637 11.463 8.86495 10.2256 23.9077 7.71355 7.49 7.15384 7.08921 11.9351 6.98282
threshold=0.29006839543581014 1.0562039017677309 -0.98906767368316639 1.2581490874290469 -0.55473172664642323 0.28473690152168279 -0.16840299963951108 0.25360640883445745 1.0000000180025095e-35 0.77870967984199535 -0.37536944448947901 1.0478158593177798 0.8317365050315858 1.6665880680084231 0.84545230865478527 1.7683537006378176 -1.401383578777313 1.0383262038230898 0.47696602344512945 0.32419970631599432 1.4362195134162905 1.6904234290122988 0.1515610218048096 -0.16840299963951108 1.0565259307622912 1.0913319587707522 1.1096598505973818 1.5910949110984804 0.5665191411972047 -0.13110261410474774
decision_type=2 2 2 2 2 2 2 2 2 2 2 2 2 2 2 2 2 2 2 2 2 2 2 2 2 2 2 2 2 2
left_child=1 2 3 4 7 6 -4 14 -5 -8 11 -11 -9 27 15 29 -14 18 19 24 -21 22 23 -15 -6 -25 -3 -7 -29 -1
right_child=-2 26 5 8 17 13 9 12 -10 10 -12 -13 16 21 -16 -17 -18 -19 -20 20 -22 -23 -24 25 -26 -27 -28 28 -30 -31
leaf_value=0.072016631534675024 0.099882486789302602 -0.10159161682880867 -0.1709737914803954 0.11082481873300687 -0.064569341145414585 0.10094439002890498 0.082014222980922077 0.061954105531494746 -0.051850998653678829 -0.11616164040662441 0.094612984226852173 0.058020812859763529 -0.016344079326156169 0.10103807621043681 0.096182443204207602 0.12441170387034667 -0.11204288325366295 0.10378410093169202 0.099081656597895848 -0.067298553121926771 0.10114598843863257 0.1047911481116735 0.082355390581121998 0.10361745239471709 0.10401529056530207 -0.25968720820541819 0.20705208384318705 -0.10976615368455873 0.1031395781692889 -0.084597020817874902
leaf_weight=2.8838616805151096 220.26715235225856 186.6977978348732 9.3594238013029081 47.141849040053785 28.533110761083666 127.80194621486589 36.981627868954092 19.548041494097561 12.764544592238961 19.371384996920828 9.2807284696027619 7.6922544548287979 62.431636154651642 3.8934300462715328 3.9125067749992004 2.4174622828140846 12.965366048738359 11.100557659752665 9.998269993811844 6.0451345825567868 12.180127976462243 7.3500019386410704 5.2979402490891507 0.63790481025353241 2.9993505692109457 5.1390539184212685 0.75400550756603379 4.4207233795896155 6.5109376921318471 222.09373553236946
leaf_count=237 28539 7046 165 5190 790 16234 3409 1024 465 445 628 673 1384 396 151 147 405 875 1092 154 1159 629 545 32 200 76 25 65 571 7249
internal_value=0.00356351 -0.0203228 0.00108459 -0.0288078 -0.0446432 0.0571337 0.00613143 -0.0587449 0.0761627 0.0287374 -0.0254736 -0.066654 -0.0132917 0.0833187 -0.0774022 -0.0803888 -0.0328006 0.0202869 0.00477612 -0.0141735 0.0452746 0.0148517 -0.0293119 -0.090489 -0.0485337 -0.21957 -0.10035 0.0943332 0.0170413 -0.0825895
internal_weight=1108.47 888.205 700.753 457.016 397.109 243.737 82.6854 326.253 59.9064 73.326 36.3444 27.0636 94.945 161.052 231.308 227.395 75.397 70.8566 59.756 49.7577 18.2253 22.3183 14.9683 9.67039 31.5325 5.77696 187.452 138.734 10.9317 224.978
internal_count=80000 51461 44390 20522 14867 23868 5320 10597 5655 5155 1746 1118 2813 18548 7784 7633 1789 4270 3395 2303 1313 1678 1049 504 990 108 7071 16870 636 7486
is_linear=0
shrinkage=0.1


Tree=34
num_leaves=31
num_cat=0
split_feature=60 25 20 64 21 60 80 35 44 0 5 32 25 60 19 35 60 60 60 45 60 60 60 45 80 19 60 6 41 65
split_gain=229.648 141.546 146.422 82.5893 52.6544 41.638 26.0739 21.3741 21.6757 13.9152 13.0256 10.3163 10.2784 10.1742 9.92798 9.49086 8.99909 15.6529 8.79843 8.14804 11.8447 9.45238 8.04169 6.95685 12.6554 6.78532 6.654 6.37921 6.32958 6.22453
threshold=-2.773743629455566 0.53643253445625316 0.13274805247783664 -1.390686511993408 1.0562039017677309 0.33439216017723089 1.0000000180025095e-35 0.71683996915817272 -0.10045615211129187 1.0000000180025095e-35 -1.3840833306312559 -1.5480864048004148 -2.7895711660385127 0.34966996312141424 -0.01606732606887817 1.0383262038230898 0.1515610218048096 -0.16840299963951108 1.7683537006378176 1.304334878921509 0.24936844408512118 -0.23269558697938916 1.4526181817054751 1.3220438957214358 1.601990342140198 0.87114927172660839 -0.23269558697938916 0.90189492702484142 -0.35950900614261622 -0.56110054254531849
decision_type=2 2 2 2 2 2 2 2 2 2 2 2 2 2 2 2 2 2 2 2 2 2 2 2 2 2 2 2 2 2
left_child=-1 4 -3 9 5 7 -7 12 -9 15 19 16 29 -8 18 22 17 -5 23 -10 21 -21 -4 -15 -25 -16 -12 -27 -28 -2
right_child=1 2 3 11 -6 6 13 8 10 -11 26 -13 -14 14 25 -17 -18 -19 -20 20 -22 -23 -24 24 -26 27 28 -29 -30 -31
leaf_value=0.10072279139029937 0.11770470194257765 0.094301521304542224 -0.056569057284030111 0.10090222096262547 -0.10106234205774822 0.089603037779006633 0.30529529120134619 0.090495462904923038 -0.051455697907953873 0.17824118016797807 -0.33677119070521644 0.098884157472646492 -0.097374666083248629 -0.077713161100336603 0.10153218653623078 0.10312314424599341 0.10088260248125516 -0.16044954459002797 0.1041337641767234 -0.20012953037630457 -0.079917441770403511 0.11278598628889328 -0.10455943046837012 0.10246571711840546 -0.090831133282361837 -0.117999014956157 0.055245267968388773 0.089734471100465549 -0.12939797471525369 -0.10418098954561894
leaf_weight=196.51097106933594 3.6945240497589111 170.92712032422423 75.827082891017199 3.7942628767341375 169.41425732709467 35.367626260966063 0.97035406529903312 14.354046771302817 30.66159340320155 2.2039416655898085 1.3254278898239142 40.146545195952058 96.778081587981433 34.210058080498129 9.5519595714285952 2.9317495841532937 5.7993971123360089 5.7865257044322771 3.8142583277076474 1.0517637655138976 6.3560767099261275 11.750166506040841 64.719494478777051 6.8544416893273574 6.6957663148641586 3.6267433855682603 2.1639761328697213 2.4954021968878806 13.068537364713846 1.9220229387283314
leaf_count=28074 71 22168 2255 436 6996 3520 39 882 461 116 33 4619 3312 1022 878 41 679 80 154 6 110 266 2112 549 131 36 232 185 466 71
internal_value=0.00353578 -0.0195225 0.0262449 -0.0315692 -0.0568623 -0.0307451 0.0199242 -0.0594066 -0.020931 -0.0711228 -0.0450268 0.0722052 -0.0897421 -0.0162003 -0.0208393 -0.0749533 0.0025658 -0.0569469 -0.0420211 -0.0194885 0.0316736 0.0870779 -0.0786679 -0.0536934 0.00694906 0.0488578 -0.121867 -0.0333263 -0.103167 0.0417738
internal_weight=1024.77 828.263 372.136 201.209 456.127 286.713 103.587 183.126 80.7316 145.682 66.3775 55.5267 102.395 68.219 67.2486 143.478 15.3802 9.58079 51.5745 49.8196 19.158 12.8019 140.547 47.7603 13.5502 15.6741 16.5579 6.12215 15.2325 5.61655
internal_count=80000 51926 32506 10338 19420 12424 6514 5910 2456 4524 1574 5814 3454 2994 2955 4408 1195 516 1856 843 382 272 4367 1702 680 1099 731 221 698 142
is_linear=0
shrinkage=0.1


Tree=35
num_leaves=31
num_cat=0
split_feature=60 21 5 25 25 11 60 45 63 44 3 22 73 12 35 45 60 25 59 60 60 35 31 59 76 14 42 80 61 11
split_gain=206.952 125.275 90.8897 60.413 29.6344 28.2282 26.0259 24.0527 21.6814 16.6329 27.0114 11.3719 10.9929 10.4452 9.97925 9.04679 8.2191 7.69171 7.9868 9.49718 11.2308 7.65371 9.12097 7.85033 7.13418 6.93868 11.7778 6.51909 13.6085 6.20642
threshold=-2.773743629455566 1.0562039017677309 -0.98906767368316639 1.2581490874290469 0.28473690152168279 -0.55473172664642323 -0.16840299963951108 0.25360640883445745 1.0000000180025095e-35 0.59153312444686901 1.0478158593177798 1.6665880680084231 0.38152609020471578 1.2060654163360598 0.84545230865478527 0.8065604865550996 1.7683537006378176 1.6904234290122988 1.0045561492443087 -0.12642072513699529 -0.16840299963951108 1.0383262038230898 0.47696602344512945 1.9399086236953738 0.91489383578300487 1.5910949110984804 0.5665191411972047 0.77870967984199535 -1.575651943683624 0.33950030803680425
decision_type=2 2 2 2 2 2 2 2 2 2 2 2 2 2 2 2 2 2 2 2 2 2 2 2 2 2 2 2 2 2
left_child=-1 2 3 5 6 7 -4 14 -5 -8 -11 25 15 -12 16 -9 27 18 -13 20 -20 22 23 29 -3 -6 -27 28 -2 -7
right_child=1 24 4 8 11 21 9 12 -10 10 13 17 -14 -15 -16 -17 -18 -19 19 -21 -22 -23 -24 -25 -26 26 -28 -29 -30 -31
leaf_value=0.100653953164244 0.10087367311413729 0.070266835075594294 -0.16430658089578945 0.11075209638694733 0.10078091436191305 -0.041658372550965009 0.084007892435642009 0.075712307690336461 -0.045995361556545003 -0.099375967763626991 -0.15519238967607879 0.082275219611661912 -0.084020087754083192 0.09567218889767487 0.092529285982464807 -0.012476347825176478 0.12238879588137384 0.10510260383692858 0.10079579473487388 0.048015181663788015 -0.2262837415283396 0.10317300130602353 0.098706625905483139 0.10111051676900616 -0.10212039133824924 -0.10960146252967243 0.10229541746366114 -0.09830140221201468 -0.070010254943372999 0.095027527527790631
leaf_weight=177.92695617675781 4.9062171671539536 2.4390944773331276 8.2892439663410169 39.095546536613256 107.79688223963603 35.677572007291019 26.895606704521924 14.638153373263775 11.39684862596914 19.82395609235391 1.850027594249698 4.5296273166313794 16.923917735461146 16.135948464274406 3.518708197399973 56.649993082974106 2.0375699778087428 6.2704845741391173 1.3444966152310369 3.7148863230831903 4.7892822604626417 9.2499613319523615 8.6332841506227833 5.2632233388721934 152.41782572027296 4.3870135680772346 6.5238290936686099 94.155013329349458 92.952347986865789 3.6630214569158843
leaf_count=28074 653 106 165 5190 16577 1366 2469 934 465 681 43 460 597 1967 151 1276 147 629 172 378 39 875 1092 644 6965 64 745 3515 3268 293
internal_value=0.00350068 -0.019067 0.00129078 -0.026852 0.0541385 -0.0416726 0.00252199 -0.0549852 0.075372 0.0238939 -0.0188674 0.0811751 -0.0115681 0.0698684 -0.0743703 0.00563212 -0.0773966 0.0126823 -0.0276229 -0.0781676 -0.154589 0.0192119 0.00462362 -0.0135866 -0.0994052 0.0930892 0.0170963 -0.0795167 -0.0614429 -0.0289315
internal_weight=943.897 765.97 611.113 398.761 212.351 348.269 72.9948 285.782 50.4924 64.7055 37.8099 139.357 88.2121 17.986 197.57 71.2881 194.051 20.6488 14.3783 9.84867 6.13378 62.4871 53.2371 44.6038 154.857 118.708 10.9108 192.014 97.8586 39.3406
internal_count=80000 51926 44855 20466 24389 14811 5325 10541 5655 5160 2691 19064 2807 2010 7734 2210 7583 1678 1049 589 211 4270 3395 2303 7071 17386 809 7436 3921 1659
is_linear=0
shrinkage=0.1


Tree=36
num_leaves=31
num_cat=0
split_feature=60 21 5 25 25 11 60 45 63 47 3 22 55 12 35 60 60 60 45 45 60 35 31 45 59 25 80 59 60 60
split_gain=186.325 113.563 80.0965 52.9182 26.9789 24.7014 22.7319 22.6362 19.8267 14.6656 27.093 10.7989 10.3772 9.20952 8.77774 7.73074 15.9922 9.95092 8.27454 8.78825 7.2959 6.99605 8.1301 6.92909 6.88211 6.81118 6.72553 6.60367 7.27852 8.25304
threshold=-2.773743629455566 1.0562039017677309 -0.98906767368316639 1.2581490874290469 0.28473690152168279 -0.55473172664642323 -0.16840299963951108 0.25360640883445745 1.0000000180025095e-35 0.67240089178085338 1.0478158593177798 1.6665880680084231 0.87104249000549328 1.1685876250267031 0.84545230865478527 0.1515610218048096 0.24532324075698855 -0.13110261410474774 0.83636036515235912 1.3220438957214358 1.7683537006378176 1.0383262038230898 0.47696602344512945 1.304334878921509 1.9399086236953738 1.6904234290122988 1.601990342140198 1.0045561492443087 -0.12642072513699529 -0.16840299963951108
decision_type=2 2 2 2 2 2 2 2 2 2 2 2 2 2 2 2 2 2 2 2 2 2 2 2 2 2 2 2 2 2
left_child=-1 2 3 5 6 7 -4 14 -5 -8 -11 -6 15 -12 20 17 -17 -9 -18 -20 -2 22 24 -19 -7 27 -21 -13 29 -29
right_child=1 -3 4 8 11 21 9 12 -10 10 13 25 -14 -15 -16 16 18 23 19 26 -22 -23 -24 -25 -26 -27 -28 28 -30 -31
leaf_value=0.10059178766269164 -0.077793816806413438 -0.098965866918519912 -0.15885391475689917 0.11070208041894265 0.092743409340397542 -0.026291343072981511 0.077167516320274951 0.059007880963746685 -0.042857143600899227 -0.11155588562538339 -0.16989571747555901 0.080274279659130365 -0.095706267029720626 0.091923292581287744 0.087250311659396826 0.15716478635525108 0.079294405025402651 -0.076777584360046155 -0.091799864840023879 0.087421483032066497 0.1214200798626103 0.10290659565361626 0.098073530332725978 0.11368372754834036 0.10100878751697742 0.10470042212361166 -0.1046710773139661 0.1007194966026151 0.045378584926010247 -0.18882602522984349
leaf_weight=161.08955383300781 177.40670538693666 140.73255019821227 7.7449156492948523 35.390436756424606 107.82764012087137 38.924120262265205 27.460127620026469 9.2273436700925213 11.028195944614707 16.690321378875524 1.4740011002868438 4.1956090326420989 12.306212115567176 15.173625966068355 3.3666325854137531 8.3192535024136287 9.3178679444827157 24.167534463107589 11.696714906953277 7.039079765789209 1.8576474646106351 8.3902803827077133 7.859662157483398 2.0740546556189647 4.7669148612767449 5.6944606341421595 2.4595087170600891 1.2174255698919294 3.5466172839514893 5.1434589391574264
leaf_count=28074 7436 7071 165 5190 17386 1659 2596 243 465 543 28 460 402 1993 151 78 709 696 264 265 147 875 1092 101 644 629 49 172 378 39
internal_value=0.00346455 -0.018495 0.00131176 -0.0257372 0.0531016 -0.0398323 0.00249769 -0.0527575 0.0742193 0.0230519 -0.0215226 0.0802792 -0.0106517 0.0687415 -0.0727251 0.00343555 0.0342631 -0.0303153 0.000754602 -0.033773 -0.0757294 0.0182241 0.00444141 -0.0617241 -0.0124022 0.012393 0.0376822 -0.0248782 -0.069408 -0.133409
internal_weight=873.588 712.499 571.766 375.598 196.168 329.18 68.543 269.239 46.4186 60.7981 33.3379 127.625 86.6076 16.6476 182.631 74.3014 38.8324 35.4689 30.5132 21.1953 179.264 59.941 51.5507 26.2416 43.691 19.7976 9.49859 14.1031 9.9075 6.36088
internal_count=80000 51926 44855 20466 24389 14811 5325 10541 5655 5160 2564 19064 2807 2021 7734 2405 1365 1040 1287 578 7583 4270 3395 797 2303 1678 314 1049 589 211
is_linear=0
shrinkage=0.1


Tree=37
num_leaves=31
num_cat=0
split_feature=60 21 5 25 25 11 45 60 63 55 22 55 80 31 33 35 14 41 80 61 36 60 70 60 60 60 45 45 35 80
split_gain=167.769 102.598 69.6457 46.355 24.9801 21.7567 20.0751 19.6461 18.1511 13.9813 10.0352 9.23021 8.29816 9.28718 16.0713 7.82786 7.50155 10.7545 6.79889 12.3859 8.23729 8.24199 6.64232 6.60437 14.0316 8.55016 6.88524 7.46081 6.40853 7.35086
threshold=-2.773743629455566 1.0574470758438113 -0.98906767368316639 1.2581490874290469 0.28473690152168279 -0.55473172664642323 0.25360640883445745 -0.16840299963951108 1.0000000180025095e-35 1.4164080023765566 1.6665880680084231 0.87104249000549328 -1.0000000180025095e-35 -0.37536944448947901 0.98145747184753429 1.09099817276001 1.5910949110984804 0.5665191411972047 0.77870967984199535 -1.5722193121910093 -0.22017283737659452 0.34849394857883459 0.90779170393943798 0.1515610218048096 0.24532324075698855 -0.13110261410474774 0.83636036515235912 1.3220438957214358 1.0383262038230898 0.53291606903076183
decision_type=2 2 2 2 2 2 2 2 2 2 2 2 2 2 2 2 2 2 2 2 2 2 2 2 2 2 2 2 2 2
left_child=-1 2 3 5 7 6 15 -4 -5 12 16 23 -9 14 -14 18 -6 -18 19 -2 -20 -22 -3 25 -25 -8 -26 -28 29 -7
right_child=1 22 4 8 10 28 11 9 -10 -11 -12 -13 13 -15 -16 -17 17 -19 20 -21 21 -23 -24 24 26 -27 27 -29 -30 -31
leaf_value=0.10053545958895052 0.10084746266616221 0.072780940180677087 -0.15247276945347868 0.11059938703239236 0.10064906793044481 0.047755244537353934 0.055554858084872517 0.075104101963509362 -0.039815175688034769 -0.12221474196530316 0.012044094724449408 -0.093994591884193665 -0.11180798800131841 0.090482476800412007 0.1018820219035276 0.11181685336048675 -0.1082064111828533 0.10191399818230673 -0.098379166745236279 -0.062618029622761237 -0.072082674838239894 0.35364346204838198 -0.10162855537869249 0.15160037665508586 0.072397624137933811 -0.058979221663194317 -0.086464555927745629 0.035804157401251327 0.10265990902177208 -0.029286365790225467
leaf_weight=145.837158203125 4.9145236304029813 2.2224010434001675 7.3479869514703742 32.05096529237926 89.190371489152312 21.908165615983307 8.8414082876406592 27.837860325351357 10.70142696239054 6.082409336231648 18.936619626823813 11.327789348550139 11.499062752816831 7.071431382559239 5.0718613360077134 2.3266282617114475 4.3753168857656402 5.4952611271291971 79.881970771588385 81.57986196083948 1.0330485645681609 0.81234195642173279 125.1818326190114 7.789596013724803 9.192058873362841 24.801242228131741 11.203192046843471 8.9996694820001704 7.6091574402526012 28.490558262914419
leaf_count=28074 675 91 170 5190 16586 2396 243 3389 465 176 1678 402 308 629 685 133 64 751 3564 3272 48 42 6933 78 709 797 264 314 875 999
internal_value=0.00341873 -0.0179186 0.00124232 -0.0246791 0.0513345 -0.0381122 -0.0507904 0.00150814 0.0729489 0.0211641 0.0787441 -0.0101806 0.0381044 -0.00546117 -0.0464039 -0.0703525 0.0914945 0.00877423 -0.072872 -0.0533301 -0.0935538 0.115322 -0.0985862 0.0032242 0.0322698 -0.0288793 0.000647383 -0.0319981 0.0171184 0.00420338
internal_weight=809.613 663.776 536.372 353.464 182.908 310.711 252.703 64.9106 42.7524 57.5626 117.998 82.155 51.4802 23.6424 16.5709 170.548 99.0609 9.87058 168.222 86.4944 81.7274 1.84539 127.404 70.8272 37.1845 33.6427 29.3949 20.2029 58.0079 50.3987
internal_count=80000 51926 44902 20466 24436 14811 10541 5357 5655 5187 19079 2807 5011 1622 993 7734 17401 815 7601 3947 3654 90 7024 2405 1365 1040 1287 578 4270 3395
is_linear=0
shrinkage=0.1


Tree=38
num_leaves=31
num_cat=0
split_feature=60 21 5 25 25 80 45 60 63 47 32 77 55 53 33 60 22 45 44 25 59 53 33 47 35 14 14 60 25 59
split_gain=151.125 92.9886 58.002 40.5438 25.9382 19.2717 18.3118 18.1016 16.6356 16.3567 22.4802 16.1667 14.5288 12.8196 14.7413 11.2885 9.99987 9.3216 7.8186 7.58202 12.171 7.39266 20.9662 8.93696 9.63985 6.89089 9.847 6.5029 6.12227 5.56116
threshold=-2.773743629455566 1.0656911134719851 -0.98906767368316639 1.2581490874290469 0.28473690152168279 1.601990342140198 1.304334878921509 -0.16840299963951108 1.0000000180025095e-35 -0.055380485951900475 -1.5175569653511045 -1.5205285549163816 1.4164080023765566 1.3537861704826357 -1.1269662976264951 -0.16840299963951108 1.6665880680084231 2.0314731597900395 -0.11387927457690238 0.53643253445625316 1.8967474699020388 -0.2604051381349563 0.91427752375602733 0.67240089178085338 0.81440198421478283 1.5910949110984804 1.632716238498688 -0.13287790864706037 1.6904234290122988 1.0045561492443087
decision_type=2 2 2 2 2 2 2 2 2 2 2 2 2 2 2 2 2 2 2 2 2 2 2 2 2 2 2 2 2 2
left_child=-1 2 3 5 7 6 9 -4 -5 10 11 27 21 14 -12 -8 25 -17 -16 -11 -21 22 23 -9 -25 -6 -27 -2 29 -18
right_child=1 -3 4 8 16 -7 15 12 -10 19 13 -13 -14 -15 18 17 28 -19 -20 20 -22 -23 -24 24 -26 26 -28 -29 -30 -31
leaf_value=0.1004843500172326 0.10452018505135874 -0.10014920357209714 -0.13778755985377045 0.11044373331673606 0.10059069552094464 -0.091292847772261987 -0.10370015067591805 0.023079693647153447 -0.036885647511112223 -0.091627855794650839 -0.065775287626935131 0.097336290591588132 -0.11617734104846165 0.10477447218331022 0.101373720816564 0.096095434843704752 0.077864201591730159 -0.0041537739601904223 0.0011406807042947163 0.14303980440511602 -0.20968393908943944 0.088442200420552897 0.098509264836696447 -0.095336097790723606 -0.44033891226341515 -0.10313800840795902 0.10215202461826861 -0.0782941587147893 0.10428107997142951 -0.063975851925195379
leaf_weight=132.02230834960938 2.008080997504293 111.29181883949786 8.5838538706302625 29.039854747243226 80.920302931685001 52.531257821246982 5.1932387510314575 6.7438518884591785 10.411962914280592 54.82217692444101 20.894135218113661 6.1270448090508571 7.0430660573765627 14.839238164946435 13.154582873918111 21.828086545690894 3.848862300161275 16.12889392953366 19.055667961947623 3.3565019769594064 1.3806622028350828 17.98477603378706 14.024799536913632 9.4548160559497738 0.885760912671686 4.226313943974672 5.2253278489224613 62.681303629651666 5.1129535287618628 9.8084779367782158
leaf_count=28074 177 6771 273 5190 16599 2286 185 497 465 2093 854 1017 264 1270 1362 1632 460 412 434 213 7 2073 2122 340 15 133 695 2869 629 589
internal_value=0.00335745 -0.0173712 0.0007881 -0.0236276 0.047615 -0.0364009 -0.0244593 -0.00254294 0.0715612 -0.0373046 -0.0184894 -0.0579147 0.0181372 0.0226029 -0.000358771 0.0345779 0.0773585 0.053497 0.0420756 -0.0811397 0.0402373 0.037406 0.00790114 -0.0664801 -0.124889 0.0911534 0.0103563 -0.0726193 0.0109411 -0.024003
internal_weight=750.63 618.608 507.316 333.453 173.863 294.001 241.47 64.7209 39.4518 198.319 138.76 70.8164 56.1371 67.9436 53.1044 43.1502 109.142 37.957 32.2103 59.5593 4.73716 49.094 31.1092 17.0844 10.3406 90.3719 9.45164 64.6894 18.7703 13.6573
internal_count=80000 51926 45155 20466 24689 14811 12525 5584 5655 10296 7983 4063 5311 3920 2650 2229 19105 2044 1796 2313 220 5047 2974 852 355 17427 828 3046 1678 1049
is_linear=0
shrinkage=0.1


Tree=39
num_leaves=31
num_cat=0
split_feature=60 21 5 25 25 65 60 20 63 55 72 32 77 22 53 31 80 60 53 33 56 34 44 35 47 14 41 47 32 60
split_gain=136.124 84.259 51.0481 35.5302 23.2557 17.8825 15.872 17.331 15.2633 13.5639 13.5616 17.0644 10.9044 9.72046 7.51567 13.0686 8.87012 7.28097 6.97178 17.1076 6.83671 7.34146 8.19893 6.64629 6.60929 6.47076 8.75484 6.33045 6.10329 6.03784
threshold=-2.773743629455566 1.0656911134719851 -0.98906767368316639 1.2581490874290469 0.28473690152168279 -0.58688607811927784 -0.16840299963951108 0.62567630410194408 1.0000000180025095e-35 1.4164080023765566 -0.80622786283493031 -1.5480864048004148 -1.5205285549163816 1.6665880680084231 1.3537861704826357 -0.41766525804996485 1.0000000180025095e-35 0.24532324075698855 -0.2604051381349563 0.91427752375602733 1.4459804296493532 -0.50646638870239247 0.63962796330451976 1.0859044790267947 0.67240089178085338 1.5910949110984804 0.5665191411972047 -0.013448053505271671 -1.5175569653511045 0.2386014983057976
decision_type=2 2 2 2 2 2 2 2 2 2 2 2 2 2 2 2 2 2 2 2 2 2 2 2 2 2 2 2 2 2
left_child=-1 2 3 5 6 10 -4 9 -5 18 11 12 -2 25 15 16 -13 -12 19 24 21 27 -23 -7 -8 -6 -27 29 -16 -18
right_child=1 -3 4 8 13 23 7 -9 -10 -11 17 14 -14 -15 28 -17 20 -19 -20 -21 -22 22 -24 -25 -26 26 -28 -29 -30 -31
leaf_value=0.10043903779013966 -0.071560911837362504 -0.09972697902842699 -0.13356412965852621 0.11023662320659065 0.10053559161910364 -0.099177313838220038 0.02098529143166835 -0.93081781043956413 -0.034081806386671527 -0.11465692381301805 -0.098104268049378829 0.089248489063177588 0.095253031174309694 0.010311507523311517 -0.022551502910854736 -0.071507151370720251 -0.033441676203357223 0.20316562666274907 0.091673702569117499 0.097899005742206557 -0.092933230278623172 0.10234705124038196 0.0024854011672914809 0.11549421790336001 -0.10756113736614251 -0.097651464554242895 0.10158316790342142 -0.061679627550858034 0.093818424215947757 0.065311073758352975
leaf_weight=119.51052093505859 55.291393352672458 101.10618023108691 8.0003228038549405 26.323344504460692 73.257613650523126 44.118017143104225 6.6788332751020816 0.19197705155238409 10.155651921406387 6.4596532271243623 26.982422030065212 12.505889893509446 4.2175743598490945 18.378837452735752 6.4591233730316189 24.167073689866811 12.76913495687768 0.82677066558971901 16.697750934865329 12.757888521533458 7.377086008898913 13.729244985850526 20.494859687052667 1.4909553951583792 9.971288728527723 4.0759690850973112 4.8063128837384284 19.536116119241342 14.912020156159995 12.018845555372534
leaf_count=28074 2845 6771 273 5190 16599 2256 497 5 465 263 1493 1558 740 1678 478 1065 245 21 2071 2121 193 1033 744 43 354 64 764 484 1270 343
internal_value=0.00331933 -0.0168399 0.000816003 -0.0227104 0.04653 -0.034932 -0.002313 0.0175904 0.0700588 0.0210541 -0.0236469 -0.014695 -0.0597383 0.0760528 0.00392336 -0.00561603 0.0105617 -0.0891475 0.040068 0.0107664 -0.000890642 0.00775381 0.0425456 -0.0921597 -0.0559975 0.0907624 0.0101569 -0.0191101 0.0586473 0.0144402
internal_weight=695.269 575.758 474.652 313.376 161.276 276.897 60.7577 52.7574 36.479 52.5654 231.288 203.478 59.509 100.519 143.969 122.598 98.4312 27.8092 46.1058 29.408 85.9253 78.5482 34.2241 45.609 16.6501 82.1399 8.88228 44.3241 21.3711 24.788
internal_count=80000 51926 45155 20466 24689 14811 5584 5311 5655 5306 12512 10998 3585 19105 7413 5665 4600 1514 5043 2972 3042 2849 1777 2299 851 17427 828 1072 1748 588
is_linear=0
shrinkage=0.1


Tree=40
num_leaves=31
num_cat=0
split_feature=60 21 52 25 66 37 72 32 79 80 60 25 34 22 43 60 55 45 45 35 41 31 31 35 45 35 59 59 35 47
split_gain=122.583 76.3562 45.5166 38.3652 23.9004 14.4142 13.8894 13.6605 16.8587 11.2866 7.75077 7.09391 6.8667 7.60146 11.6654 7.31908 7.68176 11.0829 7.88567 6.9449 6.59518 6.35792 9.57143 6.92653 6.12037 5.88905 5.30847 17.7392 6.41434 5.14146
threshold=-2.773743629455566 1.0656911134719851 0.76019585132598888 1.2581490874290469 -0.56900584697723378 -1.7589764595031736 -0.80622786283493031 -1.5480864048004148 -2.7532243132591243 1.601990342140198 0.2386014983057976 0.28473690152168279 -1.4337416887283323 0.59461581707000744 -0.11553573980927466 -0.23269558697938916 0.80696877837181102 1.304334878921509 1.253446161746979 1.0585178732872011 -1.1274986267089842 0.66447076201438915 0.68439662456512462 0.80164903402328502 2.0314731597900395 1.1370256543159487 0.87904053926467907 0.91851186752319347 0.19378332793712619 0.71303200721740734
decision_type=2 2 2 2 2 2 2 2 2 2 2 2 2 2 2 2 2 2 2 2 2 2 2 2 2 2 2 2 2 2
left_child=-1 2 3 4 6 11 7 8 -2 20 -8 -4 -9 14 -14 19 17 18 -17 -16 -5 23 -23 -15 -19 -6 -7 28 -28 -26
right_child=1 -3 5 9 25 26 10 12 -10 -11 -12 -13 13 21 15 16 -18 24 -20 -21 -22 22 -24 -25 29 -27 27 -29 -30 -31
leaf_value=0.10039672215661473 -0.066447761071738637 -0.099278160003935051 -0.11066396799828751 0.035938152209487366 -0.098112368529623614 0.098624874578916277 -0.097390243693560308 0.10135454013566564 0.098694836730561342 -0.088454579349163232 0.15740739631370315 0.10054601096533036 0.089656411727570162 -0.07386217048348058 0.029464378938017913 0.0097929551126963721 -0.079366809655040893 0.091863326781940813 -0.090555215558696195 -0.26850576824080707 0.10919684730217823 0.10148394879055267 -0.094508118146234305 0.076661816896634274 -0.021149599346925584 0.11393412496288034 0.031185086374549843 0.090323086533113869 -0.10094199815983912 0.141663092235224
leaf_weight=108.18058013916016 55.869045257568359 91.877758687362075 6.7785655141342414 22.939732074737549 49.878235253505409 41.899052641820163 25.421850826591257 7.3761152024380854 6.9507407674100241 4.6081434935331336 1.2526898973155756 2.0776188138406724 18.189453665865585 27.241494880989197 1.327198654180392 26.844997958047315 9.1025596773251873 21.436048260657117 11.056325465440748 1.9048673748038707 26.467210224829614 7.026168577373026 3.8609508611261845 3.4434939054772249 11.444718070328234 1.3450530520640303 6.7186518399976185 33.46598159102723 8.1086491453461331 2.3353762063197783
leaf_count=28074 3110 6771 360 2539 2698 9509 1511 1014 1400 183 143 485 2493 1253 86 857 314 2113 290 17 5677 270 220 304 230 67 606 7140 150 116
internal_value=0.00326268 -0.0162599 0.000827947 -0.0162248 -0.0304874 0.0606249 -0.0173566 -0.00892762 -0.0481754 0.0612225 -0.0854244 -0.0611151 0.00723035 0.00244931 0.0169397 0.00146108 0.00726362 0.0180484 -0.01948 -0.146149 0.0751827 -0.0336759 0.0319784 -0.0569702 0.0584383 -0.0925443 0.0725789 0.0499815 -0.0410716 0.00644302
internal_weight=646.429 538.249 446.371 347.322 293.307 99.0485 242.084 215.41 62.8198 54.0151 26.6745 8.85618 152.59 145.214 103.642 85.4521 82.22 73.1175 37.9013 3.23207 49.4069 41.5721 10.8871 30.685 35.2161 51.2233 90.1923 48.2933 14.8273 13.7801
internal_count=80000 51926 45155 26905 18506 18250 15741 14087 4510 8399 1654 845 9577 8563 6516 4023 3920 3606 1147 103 8216 2047 490 1557 2459 2765 17405 7896 756 346
is_linear=0
shrinkage=0.1


Tree=41
num_leaves=31
num_cat=0
split_feature=60 21 52 25 65 37 77 32 79 34 22 80 41 25 42 25 56 60 60 60 35 60 42 59 35 59 59 64 6 60
split_gain=110.412 69.1479 40.0167 33.1466 21.6732 12.7149 12.5713 11.7598 12.5458 11.4429 12.2201 9.79614 9.6494 7.09099 6.71981 6.29806 5.507 7.07745 9.69684 8.65578 8.82701 7.77839 5.65214 5.27481 5.22842 5.21744 15.7336 5.76971 5.61939 4.93267
threshold=-2.773743629455566 1.0656911134719851 0.76019585132598888 1.2581490874290469 -0.58688607811927784 -1.7589764595031736 -0.84808698296546925 -1.7444763183593748 -2.7532243132591243 -1.5993298292160032 0.59461581707000744 1.601990342140198 -0.35950900614261622 0.54497653245925914 -1.1274986267089842 0.28473690152168279 1.4459804296493532 0.1515610218048096 0.24532324075698855 0.25064854323863989 0.74554181098937999 -0.13110261410474774 0.69842341542243969 0.40464635193347936 1.1370256543159487 0.87904053926467907 0.91851186752319347 0.44030356407165533 0.87114927172660839 -0.23269558697938916
decision_type=2 2 2 2 2 2 2 2 2 2 2 2 2 2 2 2 2 2 2 2 2 2 2 2 2 2 2 2 2 2
left_child=-1 2 3 4 6 15 7 8 -2 -9 12 14 -11 -8 -5 -4 17 21 -19 -20 -21 29 -22 -3 -6 -7 27 -27 -29 -14
right_child=1 23 5 11 24 25 13 9 -10 10 -12 -13 16 -15 -16 -17 -18 18 19 20 22 -23 -24 -25 -26 26 -28 28 -30 -31
leaf_value=0.10035840302778878 -0.0840686856791895 0.21279729570364908 -0.10814869315448375 0.032911190726528025 -0.096207374153060632 0.098165095655447551 -0.097613685619913057 0.1017126059652632 0.096517938289261085 0.082795834611471955 -0.041017278839639897 -0.08575536154454845 -0.066144462788650146 0.13144067083001526 0.10891824243377146 0.10049397669254155 -0.082018511272670236 0.14562756593165893 -0.054783962446727841 0.12185545782558274 0.036768623262305081 -0.068294103695134598 -0.083091690512962377 -0.10082066515376219 0.11290825175508579 -0.10713327719645296 0.088369482396468274 0.10058428669485056 -0.067081971281708494 0.093416508139580634
leaf_weight=97.921089172363281 30.508445739746094 0.53978500235825677 6.2690574708394688 22.565256118774414 45.980969529598951 38.080657304963097 23.041760570835326 10.86122614238411 4.4021482793614259 18.034044465050101 58.05395710398443 4.2942863702774039 2.7904894375242293 1.4357579355128098 24.006775198504329 1.8808303442783652 7.1062758807092896 6.5628458373248568 12.563964288681744 9.8418828840367514 15.978530455613511 18.377205448225141 5.2193647595122448 82.982080414891243 1.2275521380361158 6.56810049409978 30.917492735665292 4.124875068664549 3.8784434087574482 6.337744439486416
leaf_count=28074 1959 20 360 2539 2698 9509 1487 1225 965 3596 3045 183 79 167 5677 485 220 78 239 1163 736 432 155 6751 67 183 7140 413 160 195
internal_value=0.00318522 -0.0156782 0.000814586 -0.0154609 -0.0290264 0.0592288 -0.0164144 -0.0083874 -0.0612971 0.00236865 -0.00433876 0.0587652 0.0163721 -0.0841782 0.072091 -0.0599982 0.00224245 0.00995155 0.0323031 0.0152465 0.0435928 -0.030815 0.00725651 -0.0987938 -0.0907698 0.0708561 0.0479947 -0.0376723 0.0193325 0.0446389
internal_weight=602.353 504.432 420.91 329.19 278.324 91.7195 231.116 206.638 34.9106 171.728 160.866 50.8663 102.812 24.4775 46.572 8.14989 84.7783 77.672 50.1666 43.6037 31.0398 27.5054 21.1979 83.5219 47.2085 83.5696 45.4889 14.5714 8.00332 9.12823
internal_count=80000 51926 45155 26905 18506 18250 15741 14087 2924 11163 9938 8399 6893 1654 8216 845 3297 3077 2371 2293 2054 706 891 6771 2765 17405 7896 756 573 274
is_linear=0
shrinkage=0.1


Tree=42
num_leaves=31
num_cat=0
split_feature=60 21 52 25 65 77 37 32 79 63 60 34 25 37 44 59 41 32 60 35 60 22 60 35 31 31 25 80 35 37
split_gain=99.4658 62.8058 35.2718 28.6194 19.5092 11.4136 11.2541 10.6307 12.8982 8.76 6.55671 5.73819 5.57908 5.2957 13.3314 7.09074 6.62188 5.89852 6.68474 5.76614 8.13764 5.39092 12.061 9.20926 6.64313 5.26123 7.36569 6.60065 6.02303 5.61376
threshold=-2.773743629455566 1.0656911134719851 0.76019585132598888 1.2581490874290469 -0.58688607811927784 -0.84808698296546925 -1.7589764595031736 -1.5480864048004148 -2.7532243132591243 1.0000000180025095e-35 0.2386014983057976 -1.4337416887283323 0.28473690152168279 0.41811378300189977 0.63962796330451976 1.5214625000953677 0.82738590240478527 -0.56388962268829335 -0.13110261410474774 1.0794804692268374 -0.23269558697938916 0.9383743703365327 -0.12642072513699529 0.59095495939254772 0.68439662456512462 0.72274863719940197 1.0899156928062441 1.0000000180025095e-35 0.26203788816928869 1.6878045201301577
decision_type=2 2 2 2 2 2 2 2 2 2 2 2 2 2 2 2 2 2 2 2 2 2 2 2 2 2 2 2 2 2
left_child=-1 2 3 4 5 7 12 8 25 -5 -7 -9 -4 14 16 17 -13 18 -15 -19 -21 22 -20 24 -23 27 28 -2 -27 -30
right_child=1 -3 6 9 -6 10 -8 11 -10 -11 -12 13 -14 15 -16 -17 -18 19 21 20 -22 23 -24 -25 -26 26 -28 -29 29 -31
leaf_value=0.10032423896981067 0.10129904940884821 -0.098568432829406999 -0.10537696355060243 0.077384006524108845 -0.088762189579340692 -0.095586828032483945 0.069424103775761831 0.10022507340892431 0.096788852940676601 -0.030034835279721162 0.15364307850823417 0.10028606528168643 0.10044702778133226 0.11273690159138426 -0.0058758133159210885 -0.15053989370149112 0.55950335455682898 -0.078023218237422615 -0.068934398944642039 -0.19121590240685171 0.072797013581319223 0.087288585884660902 0.077367353931876492 -0.08029876304607142 -0.085994197524083341 0.016978957520340395 -0.050392417313637465 -0.089793380068730805 0.13682317984264389 0.57311892588959812
leaf_weight=88.631050109863281 1.9051665500737716 75.738181164488196 5.8142473795451215 38.583739406894892 43.632377162459306 21.278593330876905 77.163957486161962 6.2927590918261549 5.8170263192150733 9.4514509201981109 1.1106627327390004 13.850546248489987 1.7026004097424445 5.8537503653205922 31.875906448345631 3.5381309501826754 0.32129515334963876 17.623943856218833 8.150120413862167 1.4259503874927757 6.4407316651195279 7.918992154067384 18.2588100922294 15.816506296396254 3.0701141990721226 2.241773455869406 10.423477539792655 35.292156891897321 0.85595779120922066 0.44993052445352077
leaf_count=28074 244 6771 360 7928 2765 1511 17405 1014 1400 471 143 1931 485 374 1914 94 14 718 156 45 389 266 1652 849 161 152 544 2105 43 22
internal_value=0.00312363 -0.0151324 0.000818959 -0.0147391 -0.0276826 -0.0155584 0.0580459 -0.00788465 -0.0443132 0.0562482 -0.0832233 0.006897 -0.0587569 0.00251897 0.0300012 -0.0118458 0.110697 -0.00604253 0.0113077 -0.0462474 0.0249408 0.000150183 0.0322168 -0.0314419 0.0388772 -0.0603542 -0.00803247 -0.080006 0.116426 0.287144
internal_weight=560.53 471.899 396.161 311.48 263.445 219.812 84.6808 197.423 56.9855 48.0352 22.3893 140.438 7.51685 134.145 46.0477 88.0971 14.1718 84.5589 59.0683 25.4906 7.86668 53.2145 26.4089 26.8056 10.9891 51.1685 13.9711 37.1973 3.54766 1.30589
internal_count=80000 51926 45155 26905 18506 15741 18250 14087 4510 8399 1654 9577 845 8563 3859 4704 1945 4610 3458 1152 434 3084 1808 1276 427 3110 761 2349 217 65
is_linear=0
shrinkage=0.1


Tree=43
num_leaves=31
num_cat=0
split_feature=60 21 80 25 41 60 45 35 60 14 44 59 76 31 32 25 25 59 25 60 78 13 59 22 44 60 60 60 60 25
split_gain=89.6581 56.7921 31.6255 41.4816 36.4762 22.2346 13.1828 11.5927 11.3799 10.7344 9.41938 9.39136 9.2313 8.33163 7.7371 7.52192 6.46166 6.20697 5.5945 8.56639 5.84835 5.303 4.97618 4.65434 7.89511 4.48751 15.0015 3.92364 5.8975 3.90171
threshold=-2.773743629455566 1.0656911134719851 1.601990342140198 0.53643253445625316 -1.1274986267089842 0.33439216017723089 1.3281593322753908 0.66663724184036266 -0.16840299963951108 1.5910949110984804 -0.10045615211129187 0.40464635193347936 0.43555018305778509 -1.5569313168525694 -2.6745302677154537 -2.7895711660385127 1.1690710783004763 1.0898586511611941 1.6904234290122988 -0.14161088317632672 1.0000000180025095e-35 0.48421026766300207 0.40464635193347936 0.78813621401786815 0.86635601520538341 0.24532324075698855 -0.12642072513699529 -0.13287790864706037 -0.16840299963951108 1.0899670124053957
decision_type=2 2 2 2 2 2 2 2 2 2 2 2 2 2 2 2 2 2 2 2 2 2 2 2 2 2 2 2 2 2
left_child=-1 2 3 5 8 7 11 15 -5 -6 -9 14 -13 25 -7 -2 -11 21 19 -10 29 -14 -3 24 -4 26 27 28 -12 -21
right_child=1 22 23 4 9 6 -8 10 18 16 13 12 17 -15 -16 -17 -18 -19 -20 20 -22 -23 -24 -25 -26 -27 -28 -29 -30 -31
leaf_value=0.10029335210583921 0.067131374596242077 0.21236722571719324 0.13959722466555144 0.10050872199683825 0.099142684136148768 0.86046635958039763 0.10292854507457111 0.063136175496658245 -0.15614593361811957 0.10130949097058267 -0.10178394806766405 -0.097511460418450491 0.081429403616986445 -0.12230711243345085 0.057441432565332143 -0.092340813664681637 -0.032012700102316397 0.10527101913458081 0.074252049125950181 0.024177077885238561 0.069915592407994887 -0.08367828037775206 -0.10036208362785524 -0.10157222713902694 -0.08205488130106986 -0.067827878476492603 0.13863479168937645 -0.073074168351370039 0.10963407110722373 -0.048780106401433147
leaf_weight=80.220550537109375 3.1364437043666831 0.51262885984033246 2.3161658961325875 8.2437927946448308 82.807355639291927 0.12107795476913352 16.070414382498711 11.253823904786257 5.1933598890900603 5.3713398841209736 2.1374818813055754 13.24720933660865 2.8379806240554881 9.5039774645119888 13.268581892829387 51.908612597733736 11.247593830572439 5.2187019505072376 5.2400319678708902 9.2138032212387753 6.173723832005634 6.1844676076434553 68.37274500541389 31.38196200504899 5.2484729140996933 11.600978833623229 6.4200583202764454 11.75900514423847 3.4474864397197953 35.857411748962477
leaf_count=28074 133 20 72 1780 23663 8 2440 974 32 912 29 542 277 761 1529 3407 121 1259 593 478 886 224 6751 2239 158 246 175 284 114 1819
internal_value=0.00297756 -0.014554 0.000723508 0.0105706 0.045503 -0.0246178 0.0261933 -0.050647 -0.0098394 0.0844228 -0.018666 -0.00397371 -0.0374263 -0.0391832 0.0647029 -0.0832542 0.0110778 0.0184653 -0.0245883 -0.0337652 -0.0213626 -0.0317442 -0.0980348 -0.0845996 -0.0141887 -0.0168445 0.00804428 -0.0402952 0.0287201 -0.0338656
internal_weight=525.517 445.297 376.411 337.465 169.348 168.116 56.9484 111.168 69.9221 99.4263 56.1228 40.878 27.4884 44.869 13.3897 55.0451 16.6189 14.2412 61.6783 56.4383 51.2449 9.02245 68.8854 38.9466 7.56464 35.365 23.764 17.344 5.58497 45.0712
internal_count=80000 51926 45155 42686 30284 12402 6279 6123 5588 24696 2583 3839 2302 1609 1537 3540 1033 1760 3808 3215 3183 501 6771 2469 230 848 602 427 143 2297
is_linear=0
shrinkage=0.1


Tree=44
num_leaves=31
num_cat=0
split_feature=60 21 80 25 42 60 45 35 14 60 60 80 60 77 60 31 60 25 35 26 55 33 41 35 60 25 60 78 3 22
split_gain=80.7991 51.5325 28.3269 36.1169 32.9028 19.2877 12.0513 10.8674 10.2811 10.0834 8.11851 8.05073 7.46899 7.43334 7.18225 5.87142 5.78817 5.73903 5.38523 5.33176 4.66233 10.2638 5.88885 6.95976 5.37854 4.66093 6.56625 5.0068 4.63767 4.4826
threshold=-2.773743629455566 1.0656911134719851 1.601990342140198 0.53643253445625316 -1.1274986267089842 0.33439216017723089 1.3439285755157473 0.16382502764463427 1.5910949110984804 -0.16840299963951108 0.34966996312141424 1.0000000180025095e-35 1.7683537006378176 -0.92491909861564625 -0.23269558697938916 -0.37536944448947901 -0.13110261410474774 1.1690710783004763 -0.64507363736629475 1.0565259307622912 0.80696877837181102 -0.5498782992362975 0.87818077206611644 1.0859044790267947 -0.12642072513699529 1.6904234290122988 -0.14161088317632672 1.0000000180025095e-35 1.0525763630867007 0.98187649250030529
decision_type=2 2 2 2 2 2 2 2 2 2 2 2 2 2 2 2 2 2 2 2 2 2 2 2 2 2 2 2 2 2
left_child=-1 2 3 5 9 7 10 -2 -6 -5 18 19 15 14 -9 28 -16 -10 -7 -12 21 24 23 -23 -18 26 -11 -28 -13 -26
right_child=1 -3 -4 4 8 6 -8 13 17 25 11 12 -14 -15 16 -17 20 -19 -20 -21 -22 22 -24 -25 29 -27 27 -29 -30 -31
leaf_value=0.10026466387834561 -0.089554203804390137 -0.097779719873532289 -0.084003739047502357 0.10046012751550651 0.098411555807001228 0.73390192550207511 0.10452365310023906 -0.13986424241275316 0.1011868467858629 -0.13685897021389734 0.090765364316335459 -0.10982728919436727 0.11067975379857505 -0.10349212205201985 0.085028666834237931 0.020473854204533778 -0.081254576929226496 -0.028785214266396991 0.12542606604890069 -0.10323459526972883 -0.12510390911729161 0.43030633503942001 -0.10527293196181903 0.090890724490225228 0.026580043270930817 0.068322344738568894 -0.031555200318207341 0.067539218849067037 0.027046893887035697 -0.10441835195856296
leaf_weight=72.605888366699219 39.97494446800556 62.485481569543481 35.478649888187647 7.462716467678546 75.456418308662251 0.23468123376369476 14.095626558177171 3.8940386511385432 4.8657799449283656 5.3247381141409269 9.6691011879593116 14.672752040438363 3.0266156177967778 9.798824488418175 7.0678772726096204 7.1889512911438933 12.728412743657822 11.257278607226906 0.3825478688813736 1.6598576789256174 3.3913962491787961 0.65487238019705341 1.3848901223391283 7.796836695400998 14.899498148588465 5.1314441114664069 43.664129771757871 5.7728272671811274 2.9778659984003744 3.1674667424522331
leaf_count=28074 2982 6771 2469 1780 23663 2 2363 156 912 32 1905 505 275 668 375 627 327 121 46 62 109 8 37 594 742 593 2297 886 494 125
internal_value=0.00293372 -0.0140715 0.000742516 0.0102093 0.0439029 -0.0235412 0.0250621 -0.048552 0.0829235 -0.00915108 -0.00307132 -0.0087381 -0.0376354 -0.0232516 -0.00895205 -0.0557071 0.00102572 0.0104391 0.356779 0.0623415 -0.0124608 -0.00305891 0.0858696 0.11719 -0.0314643 -0.0228087 -0.0313481 -0.0199838 -0.086735 0.00361365
internal_weight=488.172 415.567 353.081 317.602 158.935 158.667 53.908 104.759 91.5795 67.3559 39.8124 39.1951 27.8662 64.7841 54.9853 24.8396 51.0913 16.1231 0.617229 11.329 44.0234 40.632 9.8366 8.45171 30.7954 59.8931 54.7617 49.437 17.6506 18.067
internal_count=80000 51926 45155 42686 30284 12402 6279 6123 24696 5588 3916 3868 1901 3141 2473 1626 2317 1033 48 1967 1942 1833 639 602 1194 3808 3215 3183 999 867
is_linear=0
shrinkage=0.1


Tree=45
num_leaves=31
num_cat=0
split_feature=60 21 80 25 41 60 45 14 35 60 59 18 77 59 25 53 22 44 22 59 53 35 25 60 25 14 60 32 45 60
split_gain=72.8211 46.5545 24.7802 31.457 29.6332 16.6574 11.0102 9.83724 9.76228 8.93692 6.86165 7.73251 6.62775 6.16702 5.10665 5.10171 4.99887 6.92569 4.99399 4.6811 4.4925 4.46836 3.86546 5.12842 4.33246 3.80678 3.72352 4.5402 4.04083 4.74767
threshold=-2.773743629455566 1.0656911134719851 1.601990342140198 0.53643253445625316 -1.1274986267089842 0.33439216017723089 1.3439285755157473 1.5910949110984804 0.16382502764463427 -0.16840299963951108 0.40464635193347936 -0.45586231350898737 -1.1420877575874326 1.0898586511611941 1.1690710783004763 -0.030182154849171635 0.78813621401786815 0.86635601520538341 0.9383743703365327 0.40464635193347936 0.83437141776084911 0.27243846654891973 1.6904234290122988 -0.14161088317632672 1.3861135244369509 1.6379590630531313 -0.13110261410474774 -1.4790147542953489 0.7202698588371278 -0.12642072513699529
decision_type=2 2 2 2 2 2 2 2 2 2 2 2 2 2 2 2 2 2 2 2 2 2 2 2 2 2 2 2 2 2
left_child=-1 2 3 5 9 8 10 -6 18 -5 21 -12 26 15 -9 -13 17 -4 -2 -3 -14 -7 23 -11 -25 -16 -10 -28 -29 -30
right_child=1 19 16 4 7 6 -8 14 12 22 11 13 20 -15 25 -17 -18 -19 -20 -21 -22 -23 -24 24 -26 -27 27 28 29 -31
leaf_value=0.10024084635247349 -0.098189196479053512 0.21090078367446863 0.13943400345172605 0.10041617292232158 0.097604597329323028 0.13754050620862254 0.10425200833416855 0.10107558598703215 0.061922792149475991 -0.12142073141472215 -0.098595569096978877 -0.082256290757697761 -0.1000575237999049 0.10441016925946818 -0.12243779723588558 0.074175887690030237 -0.10130908146201617 -0.074994546818950736 0.0323089822733496 -0.099842457712142049 0.067277447827360656 0.013517756000870152 0.062515206894231887 -0.025834370652358659 0.10640494232883567 0.0091138117337080556 -0.12904336794484653 0.060299065609155079 -0.072903187705347636 0.01028730737020693
leaf_weight=65.711669921875 33.99815367301926 0.48898369260132213 2.2282927231863132 6.7553502148948601 68.812455537728965 4.4446663004346183 12.78585429349914 4.4073419219348571 7.3341536663938305 5.3971235770732156 10.554288137704132 6.5985981463454664 13.238100107759236 4.9564742723014197 2.9972177683375767 3.0476992588955927 26.203148414380848 4.6484484449028969 3.2093241792172185 56.387042220681906 1.8256699261255551 8.3860421264544112 5.0518277697265139 45.238993698265404 2.6210369425825766 8.2670361353084427 3.2421277789399019 7.4155631286557755 11.322657241951672 17.406148317269984
leaf_count=28074 2855 20 72 1780 23663 713 2363 912 350 32 432 232 1052 1392 23 296 2239 158 127 6751 375 851 593 2781 402 98 96 568 293 407
internal_value=0.00286845 -0.0135687 0.000736451 0.0098135 0.0422557 -0.0225816 0.0239853 0.0813202 -0.0464662 -0.00846839 -0.00303066 -0.0333827 -0.0220964 0.0137505 0.00981688 -0.0328323 -0.0813946 -0.00551257 -0.0869331 -0.0971709 -0.0797772 0.0564803 -0.0210831 -0.029013 -0.0185923 -0.0258897 -0.00349883 -0.015681 -0.00551245 -0.0224999
internal_weight=454.981 389.27 332.394 299.314 149.548 149.766 50.7736 84.4841 98.9919 65.0643 37.9878 25.1571 61.7844 14.6028 15.6716 9.6463 33.0799 6.87674 37.2075 56.876 15.0638 12.8307 58.309 53.2572 47.86 11.2643 46.7207 39.3865 36.1444 28.7288
internal_count=80000 51926 45155 42686 30284 12402 6279 24696 6123 5588 3916 2352 3141 1920 1033 528 2469 230 2982 6771 1427 1564 3808 3215 3183 121 1714 1364 1268 700
is_linear=0
shrinkage=0.1


Tree=46
num_leaves=31
num_cat=0
split_feature=60 21 80 25 41 60 45 14 35 60 35 60 80 72 60 55 33 60 25 31 45 25 22 75 35 47 59 25 33 31
split_gain=65.6245 42.2207 22.1541 27.237 26.796 14.3312 10.0181 9.28464 9.13613 7.91611 6.15888 6.12567 5.83724 5.77271 6.36394 5.07276 6.40913 5.91409 4.87615 4.65827 6.13971 4.56924 4.45587 4.43187 5.944 4.41494 4.18622 3.89245 3.81202 3.47583
threshold=-2.773743629455566 1.0656911134719851 1.601990342140198 0.53643253445625316 -1.1274986267089842 0.33439216017723089 1.3439285755157473 1.5910949110984804 0.16382502764463427 -0.16840299963951108 -0.64507363736629475 1.7683537006378176 0.77870967984199535 -0.92491909861564625 -0.23269558697938916 0.80696877837181102 -0.5498782992362975 -0.13110261410474774 -1.0000000180025095e-35 -0.10874246433377265 2.1639494895935063 1.1690710783004763 -0.22371076047420499 0.66915827989578258 0.54743602871894848 -0.052962565794587128 0.40464635193347936 0.28473690152168279 -0.6377468705177306 0.55929964780807506
decision_type=2 2 2 2 2 2 2 2 2 2 2 2 2 2 2 2 2 2 2 2 2 2 2 2 2 2 2 2 2 2
left_child=-1 2 3 5 9 8 10 -6 18 -5 -7 12 22 14 -10 16 17 -16 -2 20 -4 -9 -12 24 -18 28 -3 -20 -19 -11
right_child=1 26 19 4 7 6 -8 21 13 29 11 -13 -14 -15 15 -17 23 25 27 -21 -22 -23 -24 -25 -26 -27 -28 -29 -30 -31
leaf_value=0.10021797278002209 0.078698817022983231 0.20582747880720176 0.1390421612920531 0.10037644948335396 0.096717616249791596 0.093609913809563905 0.10394367749107628 0.10097448893862991 -0.13950199874396349 0.11274845125541187 0.10104015693821655 0.1121822406552556 -0.0724803883291507 -0.096256061420691097 0.10210247911906722 -0.12095253179299666 0.51985265341667819 -0.019581409110857189 -0.10001503083908757 -0.10118442334125555 -0.071436079180569226 -0.023841961890682939 -0.030001022026237969 -0.10485604584570352 0.081168159148462121 -0.094070215460577575 -0.09953978294334169 0.10275417127006004 0.11704765166708737 -0.023924680719224725
leaf_weight=59.471206665039062 1.7225239351391781 0.45290226489305396 2.0221132794395116 6.1147902617231003 62.806827452499419 5.6048977011814705 11.601755838841198 3.9917160361073902 3.4272979274392119 1.9255484358873207 4.2832193518988806 3.1308967396616927 16.730107054114342 8.6289336618501675 3.9633680917322556 3.1576088340952984 0.31845738482661445 19.187517924467102 31.606992133893073 23.738027938641608 4.4049277305603027 11.057270527351646 6.5830490959342605 1.2482934854924668 10.258389497874303 7.5208776725921913 51.16871047206223 0.97594723850488563 2.2852784111164501 55.311869798693806
leaf_count=28074 76 20 72 1780 23663 920 2363 912 156 422 1077 355 1071 668 109 110 8 874 2848 2239 158 121 493 37 859 280 6751 58 40 3386
internal_value=0.00280407 -0.013058 0.000736304 0.00940696 0.0405184 -0.0214798 0.0230423 0.0798137 -0.0441106 -0.00777298 -0.00279148 -0.0203759 -0.035415 -0.0205741 -0.00786057 0.00155071 0.0101885 -0.0124724 -0.085273 -0.0807368 -0.00521418 0.00926537 0.0216522 0.073345 0.0943765 -0.0281345 -0.0968606 -0.0939415 -0.00504043 -0.0193268
internal_weight=424.701 365.23 313.609 283.443 141.208 142.235 47.9339 77.8558 94.3015 63.3522 36.3322 30.7273 27.5964 59.996 51.3671 47.9398 44.7822 32.957 34.3055 30.1651 6.42704 15.049 10.8663 11.8251 10.5768 28.9937 51.6216 32.5829 21.4728 57.2374
internal_count=80000 51926 45155 42686 30284 12402 6279 24696 6123 5588 3916 2996 2641 3141 2473 2317 2207 1303 2982 2469 230 1033 1570 904 867 1194 6771 2906 914 3808
is_linear=0
shrinkage=0.1


Tree=47
num_leaves=31
num_cat=0
split_feature=60 21 80 25 42 60 45 14 35 60 59 60 60 45 42 61 43 33 75 60 22 44 14 35 60 60 22 43 53 60
split_gain=59.1525 38.2568 19.7915 23.5371 24.1237 12.4678 9.11055 8.85956 8.52219 7.01895 5.60269 5.09219 6.20247 4.78276 4.51957 4.8567 4.45302 8.03444 5.38022 4.72823 4.35513 5.45061 4.35145 4.23621 4.1526 4.21559 7.86407 4.36255 8.73507 4.1372
threshold=-2.773743629455566 1.0656911134719851 1.601990342140198 0.53643253445625316 -1.1274986267089842 0.33439216017723089 1.3439285755157473 1.5910949110984804 0.16382502764463427 -0.16840299963951108 1.8967474699020388 -0.16840299963951108 -0.13110261410474774 0.73726573586463939 -0.2461886331439018 -0.61464563012123097 0.6072344481945039 -0.5498782992362975 0.66915827989578258 -1.0000000180025095e-35 0.78813621401786815 0.86635601520538341 1.6204254031181338 -0.64507363736629475 -0.12642072513699529 0.24532324075698855 0.9383743703365327 -0.10813196003437041 1.461429297924042 1.7683537006378176
decision_type=2 2 2 2 2 2 2 2 2 2 2 2 2 2 2 2 2 2 2 2 2 2 2 2 2 2 2 2 2 2
left_child=-1 2 3 5 9 8 10 -6 14 -5 23 13 -13 -10 15 -2 17 24 -19 -18 21 -4 -9 -7 -14 26 -26 28 -27 -25
right_child=1 -3 20 4 7 6 -8 22 11 -11 -12 12 16 -15 -16 -17 19 18 -20 -21 -22 -23 -24 29 25 27 -28 -29 -30 -31
leaf_value=0.10019716911112234 0.072838035073455806 -0.096504598170737255 0.13892990835288771 0.10034052633888541 0.095746536142738176 0.098530319715561865 0.10359279359597295 -0.10475536860242017 0.068319447294687571 -0.017674024342644954 -0.09954394148666354 0.10849542887682398 -0.075054618654726832 -0.12669274662320104 -0.099476685801841006 -0.16554742288651933 0.12201894912964376 0.12911715953040068 -0.10425401936219443 -0.10465845725332311 -0.10107215093429851 -0.067808014861712437 0.034817211232236127 -0.017301285713537975 0.1276971989404736 0.13086395049065222 -0.074690405908103108 -0.10804699314748496 -0.17047498009523332 0.11165462199223455
leaf_weight=53.822357177734375 3.2345631718635559 46.875051599461585 1.8336131460964704 5.534771275240927 57.377804368617944 4.947581084445118 10.531517757568507 2.7483841323992229 1.5376358283683638 56.337540296837687 5.0848259134218088 4.2400001487694672 10.73548093438148 6.9063594052568078 27.033342753187753 1.1615386009216333 1.0349917635321624 6.1338118626736167 1.1775312311947344 8.2967803208157385 21.505592321045697 4.188099411316216 11.929115423699839 22.092772600008182 5.3670377563685197 2.8778009675443172 2.9892105460166931 4.8459591295104456 1.444963566958904 2.8035527023021123
leaf_count=28074 177 6771 72 1780 23663 882 2363 98 69 3808 186 292 327 351 2785 20 59 581 43 552 2239 158 935 2505 528 75 126 115 23 343
internal_value=0.00273468 -0.0125674 0.000728087 0.00900999 0.0386836 -0.0205424 0.0220656 0.0780117 -0.0423019 -0.00711706 -0.002516 -0.0194437 -0.0071175 -0.0911814 -0.0841847 0.0098518 -0.0180342 -0.00190488 0.0915315 -0.0795175 -0.0800245 -0.00485626 0.00868203 0.0140157 -0.0260781 0.00392407 0.0552988 -0.0428981 0.0301359 -0.00277968
internal_weight=396.63 342.807 295.932 268.405 133.928 134.477 45.4603 72.0553 89.017 61.8723 34.9287 57.5876 49.1436 8.444 31.4294 4.3961 44.9036 35.5718 7.31134 9.33177 27.5273 6.02171 14.6775 29.8439 28.2605 17.525 8.35625 9.16872 4.32276 24.8963
internal_count=80000 51926 45155 42686 30284 12402 6279 24696 6123 5588 3916 3141 2721 420 2982 197 2429 1818 624 611 2469 230 1033 3730 1194 867 654 213 98 2848
is_linear=0
shrinkage=0.1


Tree=48
num_leaves=31
num_cat=0
split_feature=60 21 71 25 60 65 25 72 32 34 79 20 59 59 53 36 59 22 45 60 59 59 31 34 35 59 34 25 35 25
split_gain=53.327 34.4817 17.6835 18.8979 9.87427 9.65155 7.47406 7.4292 6.38626 8.70798 6.43226 5.85524 5.12533 6.36066 5.06907 4.64207 5.02296 4.18956 6.8608 5.93723 5.81937 3.91834 3.81737 9.61594 5.58486 4.80282 4.65822 11.9156 4.36671 4.10468
threshold=-2.773743629455566 1.0656911134719851 0.41759742796421057 1.2581490874290469 1.7683537006378176 -0.58688607811927784 0.28473690152168279 -0.84808698296546925 -1.7444763183593748 -1.6525066494941709 -2.7532243132591243 0.13274805247783664 1.085493862628937 0.40464635193347936 -0.041138218715786927 -2.9390299320220943 1.0579559206962588 0.59461581707000744 0.73233556747436535 -0.23269558697938916 1.5214625000953677 0.40464635193347936 0.68439662456512462 -1.1749570965766905 0.34615287184715277 0.91851186752319347 -1.2654733061790464 1.098010838031769 0.82141366600990307 1.2070342898368838
decision_type=2 2 2 2 2 2 2 2 2 2 2 2 2 2 2 2 2 2 2 2 2 2 2 2 2 2 2 2 2 2
left_child=-1 2 3 4 5 7 12 8 10 -10 -2 -5 13 -4 -15 16 -13 18 -11 -20 22 -3 23 29 -24 28 -26 -28 -25 -19
right_child=1 21 6 11 -6 -7 -8 -9 9 17 -12 15 -14 14 -16 -17 -18 20 19 -21 -22 -23 24 25 26 -27 27 -29 -30 -31
leaf_value=0.1001781678099558 -0.080374246982165998 0.20208446002361016 0.10102349096062474 0.10206665421584878 0.10561038905954563 -0.0751915941159223 0.10036178119815745 -0.090853700536415394 0.12455222892671157 0.06781374153096463 0.093974986798899082 -0.027601186122955257 0.1029790511524728 -0.074056919004702335 0.078477958712033627 0.1060994986666515 0.10840081515510291 0.11690841770400306 -0.17617210981195944 -0.001245940007133577 -0.15270393284265341 -0.098823282221695827 0.041564691188712755 -0.072228220157066467 -0.078174076228717221 0.099646428788870825 -1.0403827582048759 0.1006827634691797 0.090694054004086214 -0.086412018050347969
leaf_weight=48.709339141845703 18.742011070251468 0.4372216435149302 4.0613016276620391 15.282802363857625 5.8147462123306459 33.743486475432292 21.790437400923111 12.296960662235504 5.272248789551667 15.450518712401388 2.3853525200393042 14.434260883834218 5.4377442337572566 10.40922939032316 2.7553646983578792 5.1137615840416393 3.3449234575964502 7.6108599193394202 2.0164447940187449 51.399156754137955 3.5339813954196861 42.297182995826006 4.4226835004519698 15.086091103148652 12.952326436061412 2.2965761271771035 0.17375840200110992 0.19334983523003757 1.846454617101698 1.1419018984306601
leaf_count=28074 1868 20 1178 7394 1305 4270 10445 1493 788 2621 951 1260 1761 673 330 1323 613 386 65 3484 91 6751 476 982 814 258 11 34 214 67
internal_value=0.00266665 -0.0120958 0.000716275 -0.0102437 -0.0227587 -0.0266756 0.0585446 -0.0162363 -0.00988744 -0.00118932 -0.0606896 0.0541344 0.0183386 -0.00838001 -0.0421312 0.022136 -0.00201417 -0.00680156 0.00912605 -0.00784942 -0.0290695 -0.0957447 -0.0195138 0.00349391 -0.0558004 -0.0360564 -0.0881302 -0.439402 -0.0544619 0.0903828
internal_weight=370.452 321.743 279.009 234.555 196.379 190.564 44.4541 156.821 144.524 123.396 21.1274 38.1757 22.6636 17.2259 13.1646 22.8929 17.7792 118.124 68.8661 53.4156 49.258 42.7344 45.724 27.9819 17.7421 19.2291 13.3194 0.367108 16.9325 8.75276
internal_count=80000 51926 45155 30768 20178 18873 14387 14603 13110 10291 2819 10590 3942 2181 1003 3196 1873 9503 6170 3549 3333 6771 3242 1907 1335 1454 859 45 1196 453
is_linear=0
shrinkage=0.1


Tree=49
num_leaves=31
num_cat=0
split_feature=60 19 71 25 76 60 60 79 20 34 44 32 34 79 46 6 36 59 25 80 80 25 25 65 25 60 55 35 60 34
split_gain=47.9948 31.4979 18.5652 15.9106 10.2428 8.58555 7.99418 5.91332 5.61042 5.4583 7.20376 5.22382 7.07001 5.83988 4.26332 4.24021 4.1477 4.43381 4.13483 4.5052 3.64038 6.23475 5.10189 3.60932 4.89282 5.29069 4.42843 4.6736 4.9551 3.60014
threshold=-2.773743629455566 0.99417230486869823 0.41759742796421057 1.2581490874290469 1.8685697317123415 1.7683537006378176 1.333107650279999 0.44102169573307043 0.13274805247783664 -0.49489046633243555 0.59153312444686901 -1.7444763183593748 -1.6525066494941709 -2.7532243132591243 0.35221031308174139 -0.4111552089452743 -2.9390299320220943 1.0579559206962588 0.28473690152168279 0.77870967984199535 -1.0000000180025095e-35 1.0946100950241091 1.1806719899177553 -2.9222109913825984 0.28473690152168279 -0.23269558697938916 0.80696877837181102 1.0859044790267947 -0.13110261410474774 1.0632785558700564
decision_type=2 2 2 2 2 2 2 2 2 2 2 2 2 2 2 2 2 2 2 2 2 2 2 2 2 2 2 2 2 2
left_child=-1 2 3 5 -3 6 7 11 -5 -8 -11 13 -13 20 23 -9 17 -10 19 -4 21 -2 -23 24 25 -14 27 28 -27 -16
right_child=1 4 18 8 -6 -7 9 15 16 10 -12 12 14 -15 29 -17 -18 -19 -20 -21 -22 22 -24 -25 -26 26 -28 -29 -30 -31
leaf_value=0.10016107445044042 0.10263049074140498 -0.10138015216083765 0.099693464040872815 0.10192932670357796 0.11890219869610526 0.10527957930273378 -0.10511823724362496 -0.090536844124563753 -0.024947294989875177 0.14819315002863928 -0.053106279055571817 0.11310537735219645 -0.18026056239200444 0.093194479598766644 0.11009898724860918 0.10048176884942553 0.10401956550252048 0.10805181063207553 0.10036157620736588 -0.0061127057824501207 -0.093375461131285975 -0.365446032049703 0.10510059149864026 -0.029739367388863031 0.07699659843862916 0.10716205446727747 -0.13780638164694045 0.071158568970492553 -0.021951074749921931 -0.054856608983065873
leaf_weight=44.080833435058594 2.5301953803282262 41.384636740200222 6.3605322134681055 13.846144992159678 2.2243138328194609 5.2771031185984603 18.38775330409408 13.716739257797597 14.376074528088798 2.1167647247202686 11.100560743827371 5.279697001213207 1.6689064671518199 2.3994783783564335 5.3781782400328657 1.2696430014912028 4.7096669033635399 3.0359013325069091 18.935405929689296 10.95654970407486 15.406400058418514 0.62906364991795261 0.36361260933335871 50.26765008375515 8.5195848917355743 3.2977664620848257 2.1842332612723103 9.2334874509833735 30.130140238325122 1.7547669061459599
leaf_count=28074 253 7002 1990 7394 811 1305 2096 1576 1260 157 861 809 14 1057 1166 508 1322 613 9866 1485 1718 45 50 3348 2509 97 82 973 1433 126
internal_value=0.00259139 -0.0114301 0.0016153 -0.00900249 -0.0901445 -0.0204969 -0.0240724 -0.0146723 0.0520081 -0.0698846 -0.020868 -0.00823964 1.09876e-05 -0.0537753 -0.00529969 -0.0743538 0.0207619 -0.00175796 0.0680647 0.0327497 -0.0724052 0.0193031 -0.193087 -0.0103677 0.00732615 -0.00543467 0.00107139 0.00818183 -0.00921366 0.0695185
internal_weight=350.822 306.741 263.132 226.88 43.609 190.912 185.635 154.03 35.9678 31.6051 13.2173 139.043 117.714 21.3288 112.435 14.9864 22.1216 17.412 36.2525 17.3171 18.9293 3.52287 0.992676 105.302 55.0341 46.5145 44.8456 42.6614 33.4279 7.13295
internal_count=80000 51926 44113 30772 7813 20183 18878 15764 10589 3114 1018 13680 10557 3123 9748 2084 3195 1873 13341 3475 2066 348 95 8456 5108 2599 2585 2503 1530 1292
is_linear=0
shrinkage=0.1


Tree=50
num_leaves=31
num_cat=0
split_feature=60 19 74 25 76 60 60 45 20 79 80 32 34 31 31 22 45 60 79 25 80 41 35 6 45 43 59 47 36 59
split_gain=43.2317 28.6154 16.2056 13.6998 9.247 7.59314 7.13118 5.55438 5.36651 5.28451 4.63144 4.58011 5.92233 5.24109 6.03828 5.46236 6.07476 6.2594 5.12014 4.10846 4.15686 3.80796 3.79098 3.74262 3.74078 6.18907 4.15424 3.73548 3.70267 3.91935
threshold=-2.773743629455566 0.99417230486869823 0.41759742796421057 1.2581490874290469 1.8685697317123415 1.7683537006378176 1.333107650279999 1.3439285755157473 0.13274805247783664 0.44102169573307043 1.601990342140198 -1.7444763183593748 -1.5993298292160032 0.68439662456512462 0.66447076201438915 1.3652850389480593 0.76639157533645641 -0.16840299963951108 -2.7532243132591243 0.28473690152168279 0.77870967984199535 2.6216775178909306 1.123503625392914 -0.4111552089452743 1.304334878921509 0.58200523257255565 0.16273404657840732 -0.055380485951900475 -2.9390299320220943 1.0579559206962588
decision_type=2 2 2 2 2 2 2 2 2 2 2 2 2 2 2 2 2 2 2 2 2 2 2 2 2 2 2 2 2 2
left_child=-1 2 3 5 -3 6 9 21 -5 11 -9 18 -13 14 15 16 -14 -18 -2 20 -4 22 -8 -11 27 -26 -27 -19 29 -10
right_child=1 4 19 8 -6 -7 7 10 28 23 -12 12 13 -15 -16 -17 17 24 -20 -21 -22 -23 -24 -25 25 26 -28 -29 -30 -31
leaf_value=0.10014595374022835 -0.069941319773054761 -0.10114564916986064 0.099334822485298846 0.10179693710032343 0.11872334525038415 0.10495568616852298 -0.10242503534295883 0.11290138280800353 -0.022531392338428113 -0.087972895553990016 -0.058479424484522181 0.082944762234958627 0.048221179973067643 -0.057972937274672669 0.086193834013604212 -0.07239665916054154 -0.10664968422831565 0.0035094386931433155 0.091656845999532471 0.10032801152394766 -0.0054983878874970077 0.33362658420429459 0.10829158046991821 0.10043782426425106 0.10167343717428289 -0.036039867578302597 0.10092153419540253 -0.082880296020714603 0.10182699775116366 0.10769092187871775
leaf_weight=39.891902923583984 17.64664459228516 37.528918089577928 5.7749835823196927 12.543987590586765 2.0155452862381926 4.7889159740880123 22.025729425251495 2.7488192403689018 14.32844648789615 12.75505846692249 3.6984738633036613 8.013967890175989 22.408843257813714 16.518891618703492 8.0068524769740161 10.430520453024654 6.4217501668026662 12.480865094810726 2.2057681612204751 17.13890833617188 10.962311327457428 0.20989444851875205 0.88822748884558578 1.149299110751598 7.5079907852923524 11.745317106950095 2.7291974395047864 8.3563757345546019 4.348639771458692 2.7557438807561985
leaf_count=28074 2066 7002 1990 7394 811 1305 2357 549 1260 1576 157 1197 3514 1462 458 686 436 513 1057 9866 1485 1 50 508 806 311 789 385 1322 613
internal_value=0.00253821 -0.0108823 0.00159328 -0.00846107 -0.0899391 -0.0193026 -0.0226466 -0.0674885 0.049848 -0.0137098 0.0145892 -0.00764137 3.92425e-05 -0.00619304 0.00330156 -0.00478444 0.00505822 -0.0145844 -0.0519864 0.0659134 0.0306729 -0.090373 -0.0942569 -0.0723993 -0.000777205 0.0279995 -0.0102155 -0.0311355 0.0194439 -0.00152605
internal_weight=330.027 290.135 250.59 216.714 39.5445 182.737 177.948 29.5711 33.9768 148.377 6.44729 134.473 114.621 106.607 90.0877 82.0809 71.6503 49.2415 19.8524 33.8762 16.7373 23.1239 22.914 13.9044 42.8197 21.9825 14.4745 20.8372 21.4328 17.0842
internal_count=80000 51926 44113 30772 7813 20183 18878 3114 10589 15764 706 13680 10557 9360 7898 7440 6754 3240 3123 13341 3475 2408 2407 2084 2804 1906 1100 898 3195 1873
is_linear=0
shrinkage=0.1


Tree=51
num_leaves=31
num_cat=0
split_feature=60 19 11 25 70 80 57 35 20 25 80 16 3 58 60 80 1 41 60 53 36 73 80 32 34 25 22 35 6 65
split_gain=38.9628 25.9665 14.1902 11.9629 8.34373 6.52414 6.42014 5.14975 5.0911 4.82226 4.07979 5.14877 4.65573 3.79619 3.6204 3.52056 3.36128 3.10965 3.03889 3.7305 2.99816 2.95731 3.62376 6.13979 7.35172 5.3462 4.34123 6.22785 3.5495 3.40312
threshold=-2.773743629455566 0.99417230486869823 0.33950030803680425 1.2581490874290469 1.8685697317123415 1.601990342140198 0.85555240511894237 1.1003580093383791 0.13274805247783664 0.28473690152168279 0.77870967984199535 1.1633009910583498 1.0478158593177798 1.9856336712837221 1.7683537006378176 1.601990342140198 1.0962417125701907 -0.37158058583736414 -0.16840299963951108 0.24475888907909396 -2.9390299320220943 0.38152609020471578 -1.0000000180025095e-35 -1.7444763183593748 -1.671649098396301 -2.4812740087509151 0.51218265295028698 1.0626791119575503 -0.4111552089452743 -2.9222109913825984
decision_type=2 2 2 2 2 2 2 2 2 2 2 2 2 2 2 2 2 2 2 2 2 2 2 2 2 2 2 2 2 2
left_child=-1 2 3 5 -3 6 7 14 -5 10 -4 -12 -13 -7 21 20 17 -8 19 -9 -10 22 26 -24 25 -25 27 -2 -23 -28
right_child=1 4 9 8 -6 13 16 18 15 -11 11 12 -14 -15 -16 -17 -18 -19 -20 -21 -22 28 23 24 -26 -27 29 -29 -30 -31
leaf_value=0.10013169509969118 0.099109007821554629 -0.10088127651769661 0.099082896096250289 0.1016591136709618 0.11837811207026668 -0.083987952495818072 -0.5711371270782114 0.024390745112506468 0.011672375140649192 0.10032975554355555 0.077143440408573682 -0.1058260108832217 0.043786802796264991 0.19678870299368634 0.10378982937506542 -0.10396108057385059 0.071396374986554989 -0.10483024766917581 0.081731993399434863 -0.29583159026959738 0.11085346991805689 -0.074181522586940329 -0.079503287560617447 0.80341211027878379 -0.013326036616211885 0.12492146394318114 0.02313558072647651 -0.16980348342070831 0.10081756141981493 -0.087919031534268069
leaf_weight=36.100486755371094 9.3157585691660643 34.042200455092825 5.5246940827928492 11.251697530969976 1.8288152813911427 17.398145580664281 0.14549093646928568 1.4474436138989393 14.857914566993717 16.087375544128008 5.1362992033828059 5.4573986497707647 3.3608226703945547 0.49523942638188501 2.6188234061701214 2.1199434995651236 1.1210907290223975 8.3879573199665156 9.2705955716082808 0.48593577311839897 3.8344459360232586 12.776115976972504 13.99995395191945 0.121729179285467 77.670229968614876 2.5263698197668409 8.3511753082275373 0.94895313587039787 1.274668582365847 4.1209351969882837
leaf_count=28074 3039 7002 2025 7375 811 2250 8 113 1701 9988 631 419 716 29 732 173 250 1037 1984 52 1321 1159 2110 7 4523 572 812 77 592 418
internal_value=0.00243639 -0.0103431 0.00151295 -0.00862436 -0.0897028 -0.0190517 -0.0124347 -0.00717473 0.0474655 0.0598118 0.0263491 -0.00244675 -0.0488052 -0.0762168 -0.012631 0.018167 -0.0913938 -0.112781 0.0579485 -0.056094 0.0320178 -0.0149565 -0.00975303 -0.0183918 -0.0077397 0.156111 0.0260828 0.0742486 -0.0583058 -0.0135582
internal_weight=312.079 275.978 240.107 204.541 35.871 172.477 154.583 144.929 32.064 35.5666 19.4792 13.9545 8.81822 17.8934 133.725 20.8123 9.65454 8.53345 11.204 1.93338 18.6924 131.106 117.055 94.3183 80.3183 2.6481 22.7368 10.2647 14.0508 12.4721
internal_count=80000 51926 44113 30334 7813 19764 17485 16190 10570 13779 3791 1766 1135 2279 14041 3195 1295 1045 2149 165 3022 13309 11558 7212 5102 579 4346 3116 1751 1230
is_linear=0
shrinkage=0.1


Tree=52
num_leaves=31
num_cat=0
split_feature=60 6 11 25 70 80 57 20 25 35 80 43 4 59 22 53 60 36 58 1 59 60 31 25 60 13 73 79 45 52
split_gain=35.101 23.5643 12.4735 10.2011 7.52428 5.81427 5.70046 4.86243 4.56951 4.35877 3.72114 4.46984 4.08706 3.26703 3.21434 3.35558 3.20983 3.17092 3.04482 2.96762 2.92311 5.0995 4.3122 3.88132 3.51987 2.73024 2.90412 3.22977 6.50829 4.55383
threshold=-2.773743629455566 0.99417230486869823 0.33950030803680425 1.2581490874290469 1.8685697317123415 1.601990342140198 0.85555240511894237 0.13274805247783664 0.28473690152168279 1.1003580093383791 0.77870967984199535 0.65717640519142162 1.4189280867576601 1.0579559206962588 0.78813621401786815 -0.55228936672210682 1.7683537006378176 -2.9390299320220943 1.9856336712837221 1.0962417125701907 1.0045561492443087 -0.14161088317632672 0.6754402518272401 3.7509558200836186 -0.16840299963951108 1.1004428863525393 0.38152609020471578 -2.7532243132591243 0.99723199009895336 0.27533003687858587
decision_type=2 2 2 2 2 2 2 2 2 2 2 2 2 2 2 2 2 2 2 2 2 2 2 2 2 2 2 2 2 2
left_child=-1 2 3 5 -3 6 9 -5 10 16 -4 -12 -13 17 15 18 25 20 -7 -8 22 24 -9 -24 -22 26 27 -2 -29 -30
right_child=1 4 8 7 -6 14 19 13 -10 -11 11 12 -14 -15 -16 -17 -18 -19 -20 -21 21 -23 23 -25 -26 -27 -28 28 29 -31
leaf_value=0.10011851961873348 -0.017083986316334922 -0.10058070047507546 0.098627368008160896 0.10153898441227437 0.11785675313958915 -0.093189091916459132 -0.11001950138577671 -0.071160758299002036 0.1002991796108289 0.054421660859858036 0.073387689481914209 -0.091669141306570084 0.061421097410984074 0.10933657606186663 -0.10065310262614791 0.14063852968357682 0.10351458179470407 0.093987961328179756 0.17201685146452295 0.067977498236779788 0.10032789612082334 0.10115331624749001 0.054402248167560896 0.49289573349561044 -0.16976317048607362 0.099529898440159581 -0.060644679243069412 0.083871270075971352 -0.10868603840695586 0.10038779291116007
leaf_weight=32.669002532958984 98.430571442004293 30.890193306840956 5.0208971196552747 10.192394516547212 1.6617550402879704 2.8872329527512197 7.8904689288465288 3.5037423204630631 14.560681388364172 10.807525545591487 4.9120762636885056 5.9350969194201735 2.4694722603308037 3.2132783022243521 12.130026980768887 1.2078731348738099 2.3755920242983839 2.9339500064961621 0.50926548801362503 1.0628263284452257 0.55933824996463943 1.2099032930564142 5.1040430632419884 0.21017347648739804 3.5128400325775146 2.0911188686732194 12.89348260744009 9.3004181990399939 3.9926475911634034 1.4095792111475018
leaf_count=28074 6843 7002 2025 7375 811 129 1045 309 9988 2149 597 466 703 714 2067 54 732 1221 29 250 175 201 548 12 15 187 1635 3724 338 582
internal_value=0.00235972 -0.00978918 0.00146637 -0.00803318 -0.0894296 -0.0177382 -0.0115109 0.0452074 0.0584749 -0.00660795 0.0252649 -0.00239562 -0.0466874 0.0168503 -0.0736512 -0.00251562 -0.0116625 -0.000596211 -0.0534245 -0.0888899 -0.0202774 -0.0791067 0.0149622 0.0717444 -0.132665 -0.0137981 -0.0156785 -0.0105538 0.0331639 -0.0541333
internal_weight=295.547 262.878 230.327 197.428 32.5519 166.989 150.254 30.4397 32.8982 141.301 18.3375 13.3166 8.40457 20.2473 16.7344 4.60437 130.493 17.034 3.3965 8.9533 14.1 5.28208 8.81796 5.31422 4.07218 128.118 126.027 113.133 14.7026 5.40223
internal_count=80000 51926 44113 30334 7813 19764 17485 10570 13779 16190 3791 1766 1169 3195 2279 212 14041 2481 158 1295 1260 391 869 560 190 13309 13122 11487 4644 920
is_linear=0
shrinkage=0.1


Tree=53
num_leaves=31
num_cat=0
split_feature=60 19 74 80 25 76 57 42 60 45 45 60 35 25 60 60 60 59 35 22 44 45 5 80 44 42 3 33 43 31
split_gain=31.6287 21.3663 11.084 8.65178 9.11526 6.78081 5.59241 5.02839 4.18933 3.72359 5.90758 5.555 4.7527 3.60592 3.43258 3.67919 4.12797 3.70008 3.32104 3.23592 3.30462 3.23407 3.17069 3.1379 2.9469 3.65154 2.90612 2.81511 5.75504 2.7098
threshold=-2.773743629455566 0.99417230486869823 0.41759742796421057 1.601990342140198 1.2581490874290469 1.8685697317123415 0.85555240511894237 -1.1274986267089842 1.7683537006378176 1.304334878921509 1.2027142047882082 -0.16840299963951108 0.99724403023719799 0.28473690152168279 -0.13110261410474774 -0.12642072513699529 1.0000000180025095e-35 0.5151117891073228 0.78418299555778515 0.78813621401786815 0.86635601520538341 2.0314731597900395 -0.98906767368316639 0.77870967984199535 -0.069152869284152971 0.87818077206611644 1.0578405261039736 0.98145747184753429 0.65717640519142162 -0.43976619839668268
decision_type=2 2 2 2 2 2 2 2 2 2 2 2 2 2 2 2 2 2 2 2 2 2 2 2 2 2 2 2 2 2
left_child=-1 2 3 4 6 -3 8 -6 9 10 12 -11 14 23 29 24 -17 22 -19 20 -5 -13 -18 -4 -16 -26 -8 28 -25 -2
right_child=1 5 13 19 7 -7 26 -9 -10 11 -12 21 -14 -15 15 16 17 18 -20 -21 -22 -23 -24 27 25 -27 -28 -29 -30 -31
leaf_value=0.10010735668108886 0.10280585737797177 -0.10023665307935477 0.097910371782268135 0.13252637469784406 0.015911782234098046 0.11715358999935584 -0.10932803952422053 0.10363615622909164 0.104260703219378 -0.084489704291091997 -0.092297540553778479 0.087746210275637629 0.10524054355957518 0.10024450853950953 -0.087229928010171209 0.10362615668736096 -0.0097955178285118565 -0.081279584230256718 0.085242154132444348 -0.10064361066242718 -0.055183269558960593 0.0078893323470031317 0.10034516813485927 0.066332376246813013 0.17022515701067656 -0.10160909380786576 0.034148149942887056 0.083590602203492473 -0.11389299459859573 0.000869814439199711
leaf_weight=29.563396453857422 4.2554727839305997 28.041844610008415 4.3359615833032885 1.2947213789448166 15.225425243377687 1.5122101120650757 7.8939782453235221 11.446547733037731 3.4340552469948298 3.698864086763936 9.1253832677029987 10.387391884985847 3.5554718560306346 12.706068386905825 11.289283162681384 3.047003469313494 57.629166347964187 11.49525956599973 1.3369471039623011 12.647680796682833 3.4029213842004538 9.909300832776351 2.7378861475736036 3.1050453165080398 1.0709419785998751 0.91753450362011779 1.7191901992773635 2.6731940233148634 4.1264586744364351 6.7355050080222991
leaf_count=28074 434 7002 1990 65 2219 811 1114 8187 1235 186 462 2089 1056 9866 984 645 5597 845 159 2239 158 221 1236 459 48 67 324 730 296 1202
internal_value=0.00227953 -0.00925405 0.00141565 -0.00692153 -0.000313377 -0.0891133 -0.00987748 0.0535596 -0.00483308 -0.00756382 -0.015149 0.0282184 -0.00838428 0.0615174 -0.0124035 -0.0188785 -0.0104187 -0.015166 -0.0639302 -0.0743202 -0.00344845 0.0487583 -0.0048002 0.0269636 -0.0674581 0.0447938 -0.0836692 -0.0040946 -0.0365083 0.0403373
internal_weight=280.32 250.757 221.203 194.256 176.911 29.5541 150.239 26.672 140.625 137.191 113.196 23.9956 104.07 26.9467 100.515 89.524 76.2463 73.1993 12.8322 17.3453 4.69764 20.2967 60.3671 14.2407 13.2778 1.98848 9.61317 9.9047 7.2315 10.991
internal_count=80000 51926 44113 30772 28310 7813 17904 10406 16466 15231 12735 2496 12273 13341 11217 9581 8482 7837 1004 2462 223 2310 6833 3475 1099 115 1438 1485 755 1636
is_linear=0
shrinkage=0.1


Tree=54
num_leaves=31
num_cat=0
split_feature=60 6 74 80 25 63 22 35 25 55 76 45 60 60 60 25 34 22 35 32 35 31 25 53 43 32 53 31 25 59
split_gain=28.5145 19.3458 9.84399 8.119 8.26243 12.1342 6.93999 8.48655 24.0381 6.16488 6.10627 5.73205 6.81184 5.21625 6.06303 5.18959 4.49426 7.60468 4.66283 5.17666 4.30404 4.27351 4.40568 4.04608 3.99166 4.16481 6.02607 4.74005 3.77089 3.54158
threshold=-2.773743629455566 0.99417230486869823 0.82767376303672802 1.601990342140198 0.53643253445625316 1.0000000180025095e-35 1.6665880680084231 0.64717748761177074 1.0999776721000674 1.0000000180025095e-35 1.8685697317123415 1.3471909761428835 -0.16840299963951108 0.1515610218048096 -0.16840299963951108 0.93434223532676708 -1.1749570965766905 1.8821412324905398 0.34615287184715277 -1.7444763183593748 0.98710462450981151 0.85254588723182689 1.0920314788818362 1.6896445751190188 0.63246935606002819 -1.4641957283020017 1.3289822936058047 0.83387354016304027 1.0000000180025095e-35 1.0935391187667849
decision_type=2 2 2 2 2 2 2 2 2 2 2 2 2 2 2 2 2 2 2 2 2 2 2 2 2 2 2 2 2 2
left_child=-1 2 3 4 9 6 -6 13 -9 11 -3 24 -13 14 -8 23 17 -17 19 -19 -18 -21 -23 -7 25 27 -27 29 -4 -2
right_child=1 10 28 -5 5 15 7 8 -10 -11 -12 12 -14 -15 -16 16 20 18 -20 21 -22 22 -24 -25 -26 26 -28 -29 -30 -31
leaf_value=0.10009709056964532 -0.072304597670246259 -0.099840881895335812 -0.040584853266344596 -0.073238618730260482 0.10378281904114467 0.0844927857381641 0.10027981232091956 -3.30732646565844 0.10024128556981489 -0.093306014840182042 0.11626648826713099 -0.096592278671627341 0.086519106466139861 0.10208052632335925 -0.06201480642640235 0.082297753067490889 -0.085136045021175305 -0.098535006672548039 -0.072925549808856779 0.047118607555485394 0.014228668217607815 0.95725948120070292 0.20066149854987284 0.63022894196714585 -0.10184137067403334 -0.010433471641774033 0.12162300154786387 0.065306016655331797 0.097084168139601301 -0.3683372374912155
leaf_weight=26.752622604370117 13.467935099732124 25.468972194474194 2.3304979928652729 15.919614796526728 21.086548300459981 3.6032585016801018 3.2185024349018923 0.029326251824385419 0.070395701448433101 10.283873739070257 1.3782384917139996 2.5330827236175546 10.261422124109227 5.6218727916711932 8.0824385465239228 9.3600221929373237 13.692834112909624 2.5571310395607734 10.492706566816194 6.6259362000273549 6.3952436768449834 0.098176438244990893 0.35619111824780703 0.14117559790611256 5.8370551832485935 39.241046691953677 3.7892025094479314 2.6265782604459664 13.602922235615551 0.41662903525866646
leaf_count=28074 1660 7002 452 2462 11733 1683 1684 2 42 1333 811 101 2122 2146 284 1191 879 231 778 970 40 21 46 17 578 2886 453 232 10074 13
internal_value=0.00219938 -0.00877776 0.00136169 -0.00478896 0.00126863 0.0223486 0.0654408 0.017945 -0.901857 -0.0205203 -0.0887467 -0.0109451 0.0502663 0.0233651 -0.0157934 -0.00844896 -0.0170225 0.00782683 -0.0268003 0.0234183 -0.0535023 0.0674631 0.364142 0.105069 -0.0229241 -0.0151876 0.00119529 -0.0578835 0.076948 -0.0811875
internal_weight=265.341 238.589 211.742 195.808 179.889 91.4318 38.1091 17.0225 0.099722 88.4568 26.8472 78.173 12.7945 16.9228 11.3009 53.3227 49.5782 29.4902 20.1301 9.63743 20.0881 7.0803 0.454368 3.74443 65.3784 59.5414 43.0302 16.5111 15.9334 13.8846
internal_count=80000 51926 44113 33587 31125 21747 15891 4158 44 9378 7813 8045 2223 4114 1968 5856 4156 3237 2046 1268 919 1037 67 1700 5822 5244 3339 1905 10526 1673
is_linear=0
shrinkage=0.1


Tree=55
num_leaves=31
num_cat=0
split_feature=60 6 61 80 25 70 42 50 49 75 25 32 31 80 22 25 25 22 25 46 44 58 53 53 53 25 25 34 53 25
split_gain=25.6382 17.628 8.7817 6.71713 6.68702 6.04269 4.22017 3.77095 4.00145 3.55909 3.71382 3.51568 5.54612 4.09288 3.48769 3.21911 4.30269 3.10964 3.10324 2.9815 2.86952 2.77934 2.76531 9.64319 2.72113 3.16015 6.88239 6.24427 2.67634 3.81859
threshold=-2.773743629455566 0.98986303806304943 0.45976278185844427 1.601990342140198 1.2584727406501772 1.8685697317123415 -1.1274986267089842 0.75656956434249889 -0.12645854800939557 0.38152609020471578 0.53643253445625316 -1.5480864048004148 0.7155541479587556 -1.0000000180025095e-35 0.78813621401786815 1.0899156928062441 1.0898879766464236 2.3282369375228886 1.0946100950241091 0.21918658912181857 0.86635601520538341 1.9856336712837221 1.6896445751190188 1.7068765759468081 1.4124126434326174 1.1147594451904299 1.1180030107498171 -1.3526492714881895 1.461429297924042 1.0955748558044436
decision_type=2 2 2 2 2 2 2 2 2 2 2 2 2 2 2 2 2 2 2 2 2 2 2 2 2 2 2 2 2 2
left_child=-1 2 3 4 7 -3 -6 8 9 11 -11 12 13 -2 20 16 22 18 -17 -4 -5 -22 -14 -24 -13 -26 -27 -28 -20 -30
right_child=1 5 19 14 6 -7 -8 -9 -10 10 -12 24 15 -15 -16 17 -18 -19 28 -21 21 -23 23 -25 25 26 27 -29 29 -31
leaf_value=0.10008839124854943 0.10125690944550148 -0.099479450939128383 -0.058850753762351361 0.13069630539339633 0.016304621999372299 0.11356018380165736 0.10324904593742364 -0.086354346462895984 0.097954147214379242 -0.072045182698105448 0.12511773489319286 0.0024959443189402648 -0.037040192161142627 -0.083752288843042713 -0.10054142465754699 -0.081612999715472756 0.61134225404832676 -0.10202437988304464 -0.15968163714588646 0.072737958032060027 -0.088339337237388349 0.16585175337967528 0.51993232610141848 0.045913886031497375 0.032005463091984258 0.99294086601101184 0.03577703844330609 0.52820628760853416 0.38074134956663586 0.053048838050714621
leaf_weight=24.208894729614258 1.2943646013736732 23.556388762197461 1.8839402325102153 1.2890200819820155 14.678953409194948 1.4111604802310456 9.0090663895243761 5.8892454592860295 3.6995352287776759 12.224976157129275 1.0363588643958781 76.226461044047028 2.0528408925747526 15.695701863209251 10.650735721457748 2.3607340730959532 0.14323344826698292 3.3167387396097183 0.51870337233413 20.014215488510672 2.6175479162484412 0.51473973132669915 0.492381572723389 3.3430361895589158 7.7013660686206986 0.098589499481022247 1.3104354678653178 0.32048786501400162 0.38671349908690889 4.4208947134902701
leaf_count=28074 255 7008 348 72 2456 960 7873 431 2079 2013 135 7505 150 2212 2239 285 16 301 5 12284 129 29 25 720 1406 32 345 16 17 580
internal_value=0.00223905 -0.00814331 0.00160027 -0.00562494 0.000171279 -0.0874385 0.0493715 -0.00800547 -0.00462869 -0.00748334 -0.0566371 -0.0020369 -0.0292307 -0.0696576 -0.0695481 0.0110889 0.0698043 -0.0210947 0.0138242 0.0614171 0.00511346 -0.0465672 0.0566312 0.106767 0.0087652 0.0594374 0.181589 0.132543 0.056124 0.0794077
internal_weight=252.367 228.159 203.191 181.293 166.221 24.9675 23.688 142.533 136.644 132.944 13.2613 119.683 34.0253 16.9901 15.072 17.0353 6.03149 11.0038 7.68705 21.8982 4.42131 3.13229 5.88826 3.83542 85.6573 9.43088 1.72951 1.63092 5.32631 4.80761
internal_count=80000 51926 43958 31326 28857 7968 10329 18528 18097 16018 2148 13870 4566 2467 2469 2099 911 1188 887 12632 230 158 895 745 9304 1799 393 361 602 597
is_linear=0
shrinkage=0.1


Tree=56
num_leaves=31
num_cat=0
split_feature=60 19 61 80 25 76 41 60 26 31 50 66 79 25 32 79 25 46 44 53 32 53 25 25 25 43 31 59 59 60
split_gain=23.1511 15.8571 7.52367 6.01022 5.6783 5.42097 4.08804 3.61541 3.59787 3.24111 2.98677 3.57344 2.95438 3.269 3.23584 3.36546 2.94122 2.75939 2.54672 2.48762 4.548 3.44528 3.71886 6.1028 3.70997 4.1237 2.38954 2.37025 3.89344 4.61071
threshold=-2.773743629455566 0.98986303806304943 0.45976278185844427 1.601990342140198 1.2584727406501772 1.8685697317123415 -1.1274986267089842 1.7683537006378176 1.0565259307622912 -0.10874246433377265 0.75656956434249889 -0.3601477444171905 0.44102169573307043 0.54497653245925914 -1.7444763183593748 -2.7532243132591243 0.28473690152168279 0.2288690730929375 0.86635601520538341 1.530218303203583 -1.5175569653511045 1.4124126434326174 1.1304746270179751 1.1663849949836733 -2.7895711660385127 0.12537480890750888 0.77992159128189098 1.0579559206962588 1.0045561492443087 -0.14161088317632672
decision_type=2 2 2 2 2 2 2 2 2 2 2 2 2 2 2 2 2 2 2 2 2 2 2 2 2 2 2 2 2 2
left_child=-1 2 3 4 7 -3 27 8 10 18 11 12 14 -14 15 -2 17 -4 -5 20 26 24 -23 -24 25 -22 -16 28 -6 -30
right_child=1 5 16 9 6 -7 -8 -9 -10 -11 -12 -13 13 -15 19 -17 -18 -19 -20 -21 21 22 23 -25 -26 -27 -28 -29 29 -31
leaf_value=0.10008021433674769 -0.068921694370990258 -0.098693453770878389 -0.10792070506193235 0.12944179021482602 0.044572508132002836 0.11249277354064585 0.10300282924413612 0.10262767956642418 0.10220859179152589 -0.10049060909416684 -0.083853363007056314 0.10071008445038757 -0.092057039740692972 0.13065032612257202 -0.080320227253341619 0.088833314276957592 0.10024400133563079 0.042590303693984422 -0.043961519635096716 0.040025187247952843 -0.1019779373332602 0.041839496118184272 0.68529743520727338 0.098890757075799543 -0.002037898668943583 -0.68641168594785262 0.15184037574803322 0.10683608394183637 -0.12251740065449679 0.10097098768350432
leaf_weight=21.906810760498047 12.790666580200194 21.476156164193529 1.3827068724203879 1.1790826539509005 7.1892434989567864 1.2883937284350384 8.1702420750516449 2.921425992914009 2.8096102806157424 9.6446704124100471 5.5657765376963644 2.9002774367691009 7.0539887328632167 0.72702030185610045 9.8379583857022048 1.5121953975176428 9.2526724569033814 10.230739990714936 3.0069264862686396 12.661877427191937 0.52528674108906059 3.3175988730508825 0.25531208887696255 0.58210592478280887 76.461399423598806 0.15675961459055543 0.46426154021173793 2.3454958752263328 3.8991653198609129 1.2094563975697381
leaf_count=28074 1881 7008 47 72 1103 960 7873 1253 458 2239 388 1567 1619 66 833 970 9342 3243 158 1877 80 472 11 71 6963 5 14 815 235 303
internal_value=0.00202813 -0.00769935 0.00138579 -0.00530268 5.62834e-05 -0.0867411 0.0463315 -0.0074553 -0.00979213 -0.0685986 -0.0121263 -0.00903753 -0.0115568 -0.0712483 -0.00763945 -0.0522428 0.058182 0.0246703 0.00488138 -0.00152071 -0.00726356 0.00066848 0.0893706 0.277674 -0.0041091 -0.236303 -0.0698581 0.0147118 -0.00285846 -0.069607
internal_weight=242.725 220.818 198.054 177.188 163.357 22.7645 22.8136 140.544 137.622 13.8307 134.812 129.247 126.346 7.78101 118.565 14.3029 20.8661 11.6134 4.18601 104.263 91.6007 81.2985 4.15502 0.837418 77.1434 0.682046 10.3022 14.6434 12.2979 5.10862
internal_count=80000 51926 43958 31326 28857 7968 10329 18528 17275 2469 16817 16429 14862 1685 13177 2851 12632 3290 230 10326 8449 7602 554 82 7048 85 847 2456 1641 538
is_linear=0
shrinkage=0.1


Tree=57
num_leaves=31
num_cat=0
split_feature=60 6 11 80 25 63 22 72 70 32 53 31 60 25 5 59 25 60 60 22 45 33 25 55 60 41 47 34 22 35
split_gain=20.8877 14.2901 7.14261 5.22819 5.22059 10.615 6.03011 5.14836 4.44677 3.65815 4.4615 4.09189 3.62417 3.51055 3.45541 3.39077 3.25155 3.22884 3.94698 2.97321 2.95172 2.91096 7.84821 4.63312 3.94448 3.31608 2.79414 2.66378 4.13024 3.87486
threshold=-2.773743629455566 0.99417230486869823 0.33950030803680425 1.601990342140198 0.53643253445625316 1.0000000180025095e-35 1.6665880680084231 -0.92491909861564625 1.8685697317123415 -1.4641957283020017 1.2989920377731325 0.83387354016304027 -0.23269558697938916 0.28473690152168279 -0.93048253655433644 1.5214625000953677 1.6904234290122988 0.1515610218048096 -0.16840299963951108 0.78813621401786815 1.3003013134002688 -0.5498782992362975 -2.7895711660385127 0.80696877837181102 -0.13110261410474774 0.90424469113349926 -0.055380485951900475 -1.1749570965766905 1.8821412324905398 0.34615287184715277
decision_type=2 2 2 2 2 2 2 2 2 2 2 2 2 2 2 2 2 2 2 2 2 2 2 2 2 2 2 2 2 2
left_child=-1 2 3 4 7 6 -6 9 -3 11 12 15 -11 20 -8 -2 17 18 -16 -5 -4 24 -23 25 -14 -24 -26 28 -7 -30
right_child=1 8 13 19 5 27 14 -9 -10 10 -12 -13 21 -15 16 -17 -18 -19 -20 -21 -22 22 23 -25 26 -27 -28 -29 29 -31
leaf_value=0.10007225857601534 -0.068918154467892914 -0.098239876604856377 -0.0024733476533621511 0.0038938550341773973 0.10335013358109076 0.056954364921776572 0.10213292685849218 -0.082112317541696456 0.11255341136232429 -0.12727025830248995 0.10273235072342242 0.091381136953819123 0.098254987755748022 0.10020397419031571 0.1003786802987971 -0.5456500628217803 0.10353680888715321 0.067022798655579419 -0.098047394014742995 -0.10044401560955732 0.10466194435555221 -0.73220372886223162 0.070655402542433146 -0.10298624815094584 -0.010288522651598389 -0.10263114567335019 -0.086765675529162478 -0.04054050326842501 0.021109965928558808 -0.068419470241537592
leaf_weight=19.823513031005859 11.960634910385121 19.161521805450324 11.380081711919049 3.9743140384089193 16.48163018465857 10.507244923850523 3.6205177041701964 11.424345180188537 1.0559116937220085 2.3159654140472403 4.1673084173817179 1.6867342517944042 2.4951127655804184 9.313340677879749 1.1945422606077043 0.1510780327953406 2.1011164588853708 2.4120720513747074 6.2342769559472782 8.7310652588494104 3.3224388395901761 0.13322985544800303 14.134658779716135 2.0490328585728994 15.169831889681522 1.1979107866063703 6.9734102240763507 20.209602579794591 10.306645103031771 9.1045930457767081
leaf_count=28074 1665 7002 2577 223 11292 1213 2606 1850 811 173 489 187 78 9988 381 3 577 504 45 2239 1214 4 2427 110 558 74 414 1140 1289 793
internal_value=0.00189085 -0.00724799 0.00114122 -0.00612105 -0.0010981 0.0162437 0.0611972 -0.0203917 -0.0872306 -0.00909809 0.00379482 -0.0545427 -0.00547684 0.0521663 0.0165547 -0.0748648 -0.00939049 -0.0335015 -0.0661408 -0.0678065 0.0217368 0.00121469 0.0323825 0.038243 -0.0209418 0.0571168 -0.0343729 -0.0124926 0.00645337 -0.0208827
internal_weight=232.794 212.97 192.753 168.737 156.031 82.1722 32.0442 73.8593 20.2174 62.4349 48.6365 13.7984 44.4692 24.0159 15.5625 12.1117 11.942 9.84089 7.42882 12.7054 14.7025 42.1532 17.5148 17.3816 24.6384 15.3326 22.1432 50.1281 29.9185 19.4112
internal_count=80000 51926 44113 30334 27872 19840 15405 8032 7813 6182 4327 1855 3838 13779 4113 1668 1507 930 426 2462 3791 3665 2615 2611 1050 2501 972 4435 3295 2082
is_linear=0
shrinkage=0.1


Tree=58
num_leaves=31
num_cat=0
split_feature=60 6 59 59 59 80 25 22 25 43 60 32 35 45 59 60 0 71 31 25 53 56 32 35 33 60 75 25 25 33
split_gain=18.8353 12.9269 6.40149 4.91772 5.19056 4.45958 5.63829 10.1014 4.79645 4.39623 5.58689 5.089 4.20711 4.19281 3.2225 3.2137 3.00307 2.99434 2.88771 2.83923 2.69395 5.05092 2.65388 4.75048 2.5096 2.86603 3.33308 2.40995 2.39905 2.30234
threshold=-2.773743629455566 1.0114894509315493 1.0956761837005617 1.8018338084220888 2.0132064819335942 1.601990342140198 0.53643253445625316 -0.26950168609619135 0.93434223532676708 0.63246935606002819 0.24725124984979632 -2.6745302677154537 0.17209609597921374 1.3439285755157473 1.0935391187667849 -0.16840299963951108 -1.0000000180025095e-35 1.2145206332206728 -0.10874246433377265 1.0978460907936098 -1.1058289408683775 1.3907974958419802 -1.7444763183593748 0.2678846567869187 -0.5498782992362975 -0.16840299963951108 0.66915827989578258 1.0000000180025095e-35 0.28473690152168279 -0.55574032664299
decision_type=2 2 2 2 2 2 2 2 2 2 2 2 2 2 2 2 2 2 2 2 2 2 2 2 2 2 2 2 2 2
left_child=-1 2 5 -4 13 6 9 -8 -9 10 12 -12 27 19 28 -10 -14 -3 -7 -5 21 -11 -17 -24 29 -26 -27 -2 -13 -18
right_child=1 17 3 4 -6 18 7 8 15 20 11 14 16 -15 -16 22 24 -19 -20 -21 -22 -23 23 -25 25 26 -28 -29 -30 -31
leaf_value=0.10006530695224512 0.068149216779662916 -0.099285523362749095 0.088764849894657161 -0.11626038663200633 0.10159032408218632 0.0039227719956228804 0.099558222544465988 0.098329941154332856 0.10023350614611036 0.079554057172004741 0.66482772957750136 0.064359607098563962 -0.13713548330876821 0.082626568725068308 -0.3508086466839811 -0.095793510980643898 -0.00018339840864673376 0.12302249193750314 -0.1004020790587926 0.10458741922584236 -0.091139048823048102 -0.097279734282799693 0.10849045818402142 -0.014106781081341377 -0.061400367970100712 0.12622868615505731 -0.10286966104816345 -0.093382320623279266 -0.074656984457834294 -0.080605387215126847
leaf_weight=17.938266754150391 1.0185546604334348 16.136118881928272 13.517638442048339 5.000951480411457 3.3694644316565245 3.9938590317033231 12.526077996357342 4.7044277481036252 2.6832036260748273 3.1471055097645175 0.13303624093532462 11.564076280570584 1.6738076210021926 1.8566101781325413 0.20433276891708452 3.52457281644456 20.091311606345698 0.62952461786335234 7.9043929036706668 0.65880913153523568 12.12025158619508 3.3184393603587523 3.3808234665193586 48.531453649571631 1.6035883650183675 4.2718526892131257 0.74592755734920491 9.9094438357278705 1.3906711263116456 4.3262653863057521
leaf_count=28074 75 6784 8366 256 2420 228 11648 2570 1796 587 8 1738 169 725 3 378 1051 456 2239 171 1868 524 1725 3397 47 592 45 1694 124 242
internal_value=0.00182492 -0.00681631 0.000718819 0.0484805 -0.00154321 -0.00644201 -0.0017936 0.0175598 0.00121077 -0.0211039 -0.00731844 0.0494429 -0.0246068 -0.0477763 0.0432214 -0.00665037 -0.00666123 -0.0909382 -0.0653836 -0.0905532 -0.0633322 -0.0112058 -0.0118237 -0.00612255 0.000374726 0.054979 0.0921716 -0.0783266 0.0494364 -0.0144324
internal_weight=221.875 203.937 187.171 24.4035 10.8858 162.767 150.869 75.3506 62.8245 75.5187 56.9329 13.2921 43.6408 7.51637 13.1591 58.1201 32.7128 16.7656 11.8983 5.65976 18.5858 6.46554 55.4368 51.9123 31.0389 6.62137 5.01778 10.928 12.9547 24.4176
internal_count=80000 51926 44686 11938 3572 32748 30281 21514 9866 8767 5788 1873 3915 1152 1865 7296 2146 7240 2467 427 2979 1111 5500 5122 1977 684 637 1769 1862 1293
is_linear=0
shrinkage=0.1


Tree=59
num_leaves=31
num_cat=0
split_feature=60 19 59 59 59 80 25 22 25 60 60 60 47 45 80 60 22 70 32 25 60 60 59 32 35 31 60 33 45 58
split_gain=16.9969 11.7091 5.63399 4.35267 4.62885 3.91293 4.78305 9.19686 4.10407 3.84396 8.00981 3.9101 3.80096 3.64308 3.3061 2.8645 2.7687 2.69747 2.6833 2.46211 2.43458 5.30359 2.34518 2.27097 4.04457 2.2603 3.68719 4.65067 2.23464 2.31336
threshold=-2.773743629455566 1.0114894509315493 1.0956761837005617 1.8018338084220888 2.0132064819335942 1.601990342140198 0.53643253445625316 -0.26950168609619135 0.93434223532676708 0.2386014983057976 0.24532324075698855 0.25064854323863989 0.69656312465667736 1.3439285755157473 0.77870967984199535 -0.16840299963951108 0.78813621401786815 1.8685697317123415 -2.6745302677154537 1.0978460907936098 1.0000000180025095e-35 -0.12642072513699529 1.0935391187667849 -1.7444763183593748 0.2678846567869187 -0.79473555088043202 -0.13110261410474774 -0.5498782992362975 2.1639494895935063 1.9856336712837221
decision_type=2 2 2 2 2 2 2 2 2 2 2 2 2 2 2 2 2 2 2 2 2 2 2 2 2 2 2 2 2 2
left_child=-1 2 5 -4 13 6 9 -8 -9 20 -11 -12 18 19 -14 -10 28 -3 -13 -5 21 25 -20 -17 -25 26 -2 -28 -7 -30
right_child=1 17 3 4 -6 16 7 8 15 10 11 12 14 -15 -16 23 -18 -19 22 -21 -22 -23 -24 24 -26 -27 27 -29 29 -31
leaf_value=0.10005890494612367 0.038600973600686594 -0.099051900948692262 0.086875003796913833 -0.11113869091219408 0.10145754584950895 0.12819938633184275 0.098908143281759536 0.093455847734467024 0.10021129002103675 0.1349494808453941 -0.062340908378703846 0.41846645821558143 0.10142817457001169 0.080128222583021436 -0.072737119671137759 -0.090231866356721577 -0.10036392517769986 0.12148741064227496 0.042591779903533675 0.10419390528111233 -0.089245992817777176 0.10801122000355919 -0.22878539280795196 0.10311531219558417 -0.012806662892258064 -0.10079467591757918 -0.077933313808200469 0.11505071593754879 -0.083192806743868031 0.14651191864230959
leaf_weight=16.232149124145508 5.911660741665405 14.63331246282905 12.484030975203497 4.7230185379739833 3.0526050244225189 1.0575284804217502 11.40490298141958 4.4675823383149682 2.4283741144463411 4.070625244639813 11.034142159391193 0.18617597222327908 1.2999605854274685 1.7296876856707966 6.745497539639473 3.3757229193579397 7.1551036443561316 0.57645329926163036 13.809300568653272 0.59825230174465094 8.7410537591204029 2.5738326826249276 0.32595779944676984 3.2105750299524507 48.134403329808265 5.2840339882532126 11.429632794577632 1.4019079551799176 2.4041112028062348 0.53622332587838162
leaf_count=28074 392 6784 8366 256 2420 70 11648 2570 1796 90 826 8 512 725 701 378 2239 456 1938 171 1956 463 4 1725 3397 712 1105 60 129 29
internal_value=0.00174469 -0.00644817 0.000687259 0.0473836 -0.0014123 -0.00603144 -0.00166547 0.0164189 0.00115055 -0.0198014 0.00251261 -0.0136276 0.0104038 -0.0459482 -0.044596 -0.00606535 -0.0631206 -0.0906934 0.0413015 -0.0869296 -0.0434599 -0.0284147 0.0363338 -0.0107816 -0.00555812 -0.0430289 -0.0267437 -0.0568489 0.0035351 -0.041302
internal_weight=211.018 194.786 179.576 22.5876 10.1036 156.988 145.835 73.0216 61.6167 72.8138 37.4717 33.401 22.3669 7.05096 8.04546 57.1491 11.153 15.2098 14.3214 5.32127 35.3421 26.6011 14.1353 54.7207 51.345 24.0272 18.7432 12.8315 3.99786 2.94033
internal_count=80000 51926 44686 11938 3572 32748 30281 21514 9866 8767 4079 3989 3163 1152 1213 7296 2467 7240 1950 427 4688 2732 1942 5500 5122 2269 1557 1165 228 158
is_linear=0
shrinkage=0.1


Tree=60
num_leaves=31
num_cat=0
split_feature=60 6 74 80 25 76 60 57 3 25 75 59 45 25 45 35 60 45 60 60 25 60 61 31 22 25 25 31 32 32
split_gain=15.3396 10.6481 5.09359 3.81725 3.97311 3.62174 3.50347 3.42489 3.36606 2.68268 2.61287 2.14544 2.12791 5.76849 3.44694 3.04377 2.80037 2.52947 3.28796 2.38421 3.24693 3.47184 2.81309 2.63637 3.81128 3.33647 16.51 3.79544 10.2313 3.04676
threshold=-2.773743629455566 0.98986303806304943 0.82767376303672802 1.601990342140198 1.7035409808158877 1.8685697317123415 1.7683537006378176 0.85794478654861461 1.0435346961021426 1.0000000180025095e-35 0.38152609020471578 1.0935391187667849 1.3471909761428835 -1.0000000180025095e-35 1.2027142047882082 0.99724403023719799 -0.23269558697938916 2.0314731597900395 -0.34083691239356989 -0.12642072513699529 1.4529052376747134 -0.13110261410474774 -0.61464563012123097 0.75809261202812206 2.4160162210464482 1.3364451527595522 1.3421108126640322 0.79506012797355663 -1.5969517230987547 -1.5175569653511045
decision_type=2 2 2 2 2 2 2 2 2 2 2 2 2 2 2 2 2 2 2 2 2 2 2 2 2 2 2 2 2 2
left_child=-1 2 3 4 6 11 7 12 -9 -4 -5 -3 14 -14 15 16 -2 18 -15 20 21 22 -18 29 25 -25 -27 28 -28 -21
right_child=1 5 9 10 -6 -7 -8 8 -10 -11 -12 -13 13 17 -16 -17 19 -19 -20 23 -22 -23 -24 24 -26 26 27 -29 -30 -31
leaf_value=0.10005317559939907 0.069312383969465999 -0.10314649174509263 -0.037679901517212545 -0.084740562665722441 0.07648832530554496 0.10796793373099914 0.10293984740991935 -0.11139017674790955 0.025623159774853511 0.094027350940140933 0.050256537968210696 0.12080952105432669 -0.62022307151123401 -0.1414659331433866 -0.058763846392352152 0.10300333890516516 0.073389255024033304 0.0043251667671264666 0.099840341964009038 -0.045724973076465267 -0.12884656078794221 -0.055944864989884907 -0.093255080620763237 0.051531532763073755 -0.043350537112493585 2.0601827419716403 1.7134096974579973 0.077168456803465235 0.10030582616675315 0.005329154493503685
leaf_weight=14.688302040100096 5.0445320697035489 14.444102540728631 1.8988117000553746 8.5585107770748419 6.6395079190260722 0.91969635896384794 3.0750438666145774 5.5998545532929693 2.6376308494945988 8.3349054692662303 1.7222518553026009 0.44080441264668557 0.13523645699024456 0.61527484655380593 11.22902917023748 2.770002467557787 4.9182457588613033 10.794006325304506 6.8643293807981527 15.779983146523575 3.2876865431899196 10.145698345848345 1.2757383321877611 8.5349105510686041 3.8664104342460623 0.047237144492099925 0.055055476725101471 1.0145434539299456 0.13756302534602571 45.08731966710188
leaf_count=28074 3404 7001 452 2355 4420 960 1897 1121 866 9924 107 7 1 63 843 1139 371 297 2650 2846 90 1103 209 1798 438 13 2 594 65 6890
internal_value=0.00167349 -0.00610076 0.0011956 -0.00318344 0.000868385 -0.0846151 -0.00264474 -0.00496651 -0.0675187 0.0695898 -0.0621256 -0.0965142 -0.00105115 0.0304802 -0.00617912 -0.000388159 -0.00327535 0.0352958 0.0799904 -0.00716457 -0.0381727 -0.0199283 0.0390665 0.00100215 0.0407115 0.0739129 0.226195 0.15443 0.561374 -0.00790674
internal_weight=200.562 185.874 170.069 159.836 149.555 15.8046 142.915 139.84 8.23749 10.2337 10.2808 14.8849 131.603 18.4088 113.194 101.965 99.1949 18.2736 7.4796 94.1504 19.6274 16.3397 6.19398 74.523 13.6557 9.78931 1.2544 1.20716 0.192619 60.8673
internal_count=80000 51926 43958 33582 31120 7968 26700 24803 1987 10376 2462 7008 22816 3011 19805 18962 17823 3010 2713 14419 1773 1683 580 12646 2910 2472 674 661 67 9736
is_linear=0
shrinkage=0.1


Tree=61
num_leaves=31
num_cat=0
split_feature=60 19 19 25 70 26 60 60 33 44 13 57 21 11 18 46 35 1 59 63 15 60 34 32 79 60 53 25 25 0
split_gain=13.8723 9.61211 4.55412 3.41125 3.2621 3.23913 2.946 3.7549 3.10981 3.6561 2.86165 2.82876 2.78513 2.29391 2.1248 2.11636 2.0924 1.96701 1.9324 1.78221 1.6276 3.32238 2.56238 2.31015 4.58769 3.46763 3.27933 4.25591 59.6046 3.39044
threshold=-2.773743629455566 0.98986303806304943 -0.019948946312069889 1.7035409808158877 1.8685697317123415 1.0565259307622912 1.7683537006378176 1.333107650279999 -0.53818270564079274 0.59153312444686901 1.1004428863525393 0.8127877712249757 0.9899585247039796 0.61843961477279674 0.88940247893333446 0.93377286195755016 4.7562522888183603 1.1081057786941531 0.89846435189247142 1.0000000180025095e-35 0.3801350891590119 0.40615449845790869 0.80959036946296703 -1.3223515748977659 -2.7532243132591243 0.40072873234748846 1.0422492027282717 1.2165580391883852 1.2182785868644717 -1.0000000180025095e-35
decision_type=2 2 2 2 2 2 2 2 2 2 2 2 2 2 2 2 2 2 2 2 2 2 2 2 2 2 2 2 2 2
left_child=-1 2 3 5 18 6 7 10 13 -10 11 16 -4 -9 -14 -11 20 -13 -3 -5 21 22 23 24 25 -2 29 -28 -29 -25
right_child=1 4 12 19 -6 -7 -8 8 9 15 -12 17 14 -15 -16 -17 -18 -19 -20 -21 -22 -23 -24 26 -26 -27 27 28 -30 -31
leaf_value=0.10004900727969775 -0.022141959048862139 -0.10291547552091221 0.092191255293901112 0.10197932601316118 0.10644055526681283 0.10167248743532407 0.10220592215658096 -0.11295880182278006 0.11261599928108301 -0.090195561130118687 0.082080181030926458 -0.11189260698906189 -0.097009399927413267 0.19001228258537309 0.056194219687984596 0.0031287486489222764 0.14906179688716109 0.10157291751194122 0.11881290074190487 -0.0059052432280970631 -0.066930684748048461 0.064127226104843726 -0.10201181208608695 -0.065938674055069965 0.093474056182501639 -0.30414345079290461 0.072702296379518694 6.6065433663040878 0.039487900127843936 0.016887826388327348
leaf_weight=13.291077613830565 55.518889236234813 13.097485471516842 8.3461581697993079 4.5174499202985308 0.84352510049939233 2.6990112768253303 2.3477043447783208 7.2011875766329494 1.7710042553371739 4.8676181035698374 3.7151882766047484 3.7473043053178108 1.6397131255944253 0.25888853124342848 2.0211239492055029 4.8522727291565388 0.88527058402541925 0.48786798265064124 0.40521565999370146 2.3163889505085535 4.1263330962392493 6.9177163812855715 2.7888058370444915 5.910390368429943 3.5116276770422692 0.43949516085558471 4.4656944049056611 0.014996899350080528 0.17626319950795732 30.169014536571936
leaf_count=28074 7152 7001 9442 4491 960 927 1530 2221 254 664 1201 977 55 17 819 1036 35 255 7 244 340 1945 272 607 2943 32 994 2 165 5338
internal_value=0.00145992 -0.00581742 0.000980733 -0.00365261 -0.084343 -0.00686607 -0.00889798 -0.0107371 -0.0521693 -0.0195296 -0.00434706 -0.00704171 0.0602941 -0.102445 -0.0124267 -0.0436071 -0.00408395 -0.0873026 -0.0962614 0.0654109 -0.0052728 -0.00295805 -0.00746386 -0.00483253 -0.017399 -0.0243568 0.013513 0.0924862 0.554417 0.00331951
internal_weight=193.351 180.06 165.713 153.706 14.3462 146.873 144.174 141.826 18.951 11.4909 122.875 119.16 12.007 7.46008 3.66084 9.71989 114.924 4.23517 13.5027 6.83384 114.039 109.913 102.995 100.206 59.47 55.9584 40.7364 4.65695 0.19126 36.0794
internal_count=80000 51926 43958 33642 7968 28907 27980 26450 4192 1954 22258 21057 10316 2238 874 1700 19825 1232 7008 4735 19790 19450 17505 17233 10127 7184 7106 1161 167 5945
is_linear=0
shrinkage=0.1


Tree=62
num_leaves=31
num_cat=0
split_feature=60 6 71 60 60 34 44 76 25 60 25 15 43 22 34 25 60 45 35 25 55 11 70 32 34 0 60 34 22 25
split_gain=12.6231 8.59921 4.14681 3.08161 3.42391 3.80329 4.18232 2.93638 2.90936 2.30624 4.17346 2.65586 2.55253 2.75123 2.72314 4.07679 2.90951 2.24818 2.23241 2.19974 2.16858 2.0117 1.86571 1.8786 2.65658 2.87567 6.0504 3.52739 4.92283 4.02996
threshold=-2.773743629455566 0.98986303806304943 0.82767376303672802 1.7683537006378176 1.333107650279999 -0.49489046633243555 0.59153312444686901 1.8685697317123415 1.8982832431793215 0.40615449845790869 1.1690710783004763 0.43028815090656286 0.63246935606002819 -0.90143668651580799 -0.23098829388618466 1.0000000180025095e-35 0.40072873234748846 1.304334878921509 4.7562522888183603 1.0000000180025095e-35 0.96065601706504833 0.61843961477279674 -0.5704098343849181 -1.7444763183593748 -1.5993298292160032 1.0000000180025095e-35 0.24725124984979632 -1.0808312892913816 1.8821412324905398 1.2070342898368838
decision_type=2 2 2 2 2 2 2 2 2 2 2 2 2 2 2 2 2 2 2 2 2 2 2 2 2 2 2 2 2 2
left_child=-1 2 3 4 8 21 -7 -3 9 12 -11 -12 14 18 16 -16 22 -8 -14 -4 -20 -6 23 -2 -25 27 -27 28 29 -26
right_child=1 7 19 -5 5 6 17 -9 -10 10 11 -13 13 -15 15 -17 -18 -19 20 -21 -22 -23 -24 24 25 26 -28 -29 -30 -31
leaf_value=0.10004367588213509 -0.042374049762463208 -0.095963675378410551 -0.03399291982063328 0.10248547652673151 -0.11174141558291478 0.093678906351957025 -0.088256606858954506 0.10476775544546331 0.074844524659201314 0.10561471961516003 0.019413478245859248 -0.12088418505451522 -0.099664976315212372 0.10054939972897657 -0.38465047695943866 0.084336682566033661 -0.17308350320923493 0.010291427046133372 0.14126466857456674 0.091829577478214824 -0.098774595205850593 0.17464923964944751 0.076161914297432035 0.051326888421137355 0.064944982755378022 -0.0044912803100630137 0.11476559219916822 -0.076270151688285451 -0.059200250390011235 -0.092276229136439181
leaf_weight=12.026862144470213 13.036830327939226 12.25431670498801 1.7286859073501526 2.6985179531329768 7.0098705482669201 2.9358798090543123 5.0605952304904331 0.77483504079282361 5.0630795361357732 5.3079370304476443 7.4747820466873236 1.6464996583526952 6.9322193912230414 0.99078448806540009 0.19237133212710844 5.0795033285685349 1.0383549843390927 4.2666387396748178 0.84264881932176627 7.0814502898138016 0.68015854037366807 0.25416400516405691 2.7648618737293864 8.5240092005405881 9.5175054850406067 33.518143954221159 4.8726434775162479 10.858640983962699 9.5328387618064863 1.9673438636236813
leaf_count=28074 4433 7008 452 2002 2290 461 651 960 3682 2744 822 23 1617 645 1 1993 70 709 34 9924 81 18 1354 955 708 4093 2105 993 920 178
internal_value=0.000963506 -0.0058886 0.000439637 -0.00342478 -0.00533818 -0.044379 -0.0104126 -0.0840263 0.000533264 -0.00248204 0.0351143 -0.00591192 -0.00739814 -0.0571071 -0.00274475 0.0672233 -0.00660189 -0.0431769 -0.0755817 0.0671412 0.0340517 -0.101721 -0.0047744 -0.00721133 -0.00139328 -0.00778869 0.0106451 -0.0299897 -0.00607923 0.0380131
internal_weight=185.933 173.906 160.877 152.067 149.368 19.5271 12.2631 13.0292 129.841 124.778 14.4292 9.12128 110.349 9.44581 100.903 5.27187 95.6312 9.32723 8.45503 8.81014 1.52281 7.26403 94.5928 91.828 78.7911 70.2671 38.3908 31.8763 21.0177 11.4848
internal_count=80000 51926 43958 33582 31580 4129 1821 7968 27451 23769 3589 845 20180 2377 17803 1994 15809 1360 1732 10376 115 2308 15739 14385 9952 8997 6198 2799 1806 886
is_linear=0
shrinkage=0.1


Tree=63
num_leaves=31
num_cat=0
split_feature=60 6 59 59 59 59 59 45 60 33 80 25 22 25 25 25 35 43 60 45 59 60 60 36 60 60 25 46 25 71
split_gain=11.389 7.71989 4.08448 3.64017 2.57432 2.49767 3.48567 2.66438 2.3421 2.22761 2.16935 3.10651 7.28876 3.21358 3.01642 4.98462 8.54551 2.71464 2.91333 2.97078 2.50598 4.30194 4.20645 2.91585 2.76035 2.20198 2.13154 2.05923 2.05636 1.83424
threshold=-2.773743629455566 1.0114894509315493 1.0956761837005617 1.5065404176712038 1.5270270705223086 1.8018338084220888 2.0132064819335942 1.3334997296333315 1.7683537006378176 -1.0774481892585752 1.601990342140198 0.53643253445625316 -0.26950168609619135 1.0899670124053957 1.092933773994446 1.0931684970855715 0.54743602871894848 0.63246935606002819 -0.12642072513699529 1.3220438957214358 0.91707691550254833 0.24532324075698855 0.24725124984979632 -0.31952056288719172 0.38768686354160314 -0.16840299963951108 0.93434223532676708 0.36599378287792211 1.0978460907936098 1.2145206332206728
decision_type=2 2 2 2 2 2 2 2 2 2 2 2 2 2 2 2 2 2 2 2 2 2 2 2 2 2 2 2 2 2
left_child=-1 2 8 -4 9 -6 7 28 10 -5 11 17 -13 -14 -15 16 -16 18 27 20 21 23 -23 -20 -24 -17 -12 -2 -7 -3
right_child=1 29 3 4 5 6 -8 -9 -10 -11 26 12 13 14 15 25 -18 -19 19 -21 -22 22 24 -25 -26 -27 -28 -29 -30 -31
leaf_value=0.10003966218266092 -0.044044332239483341 -0.098233711534932627 0.10468766011415087 -0.25694743367984713 0.1067073888666472 -0.10732395932078945 0.10112257331872188 0.073763689415397585 0.10175955380253815 0.10018098019133628 0.0056306550643270923 0.09764017217701082 0.04998783209775963 -0.072736754883181265 -0.083253714190811526 0.10017150890739633 0.74783739932533355 -0.058712590750282734 0.10388538962851067 0.10805003524416992 -0.11497674358303839 -0.065938345020233921 0.14111384086229489 -0.10026585007830494 0.0038352596816287319 -0.01113568575725904 -0.097735455570720053 0.15484054990445217 0.10422341595826978 0.11606459750303613
leaf_weight=10.882734298706053 19.206526229972955 9.8503495565382728 6.4700409633223925 0.61429947178112343 2.7595762126147738 3.9175620672467613 2.2984921254683286 1.4465810800029428 1.9927441415493365 0.24404615088133041 3.3003002142067981 8.4515201929025263 9.9166332288878092 7.0947644710540763 0.25947226450079952 1.8639924977905966 0.23647500708466396 14.134144026786087 5.6832181173376739 2.8503265919862306 1.7518498373683531 8.7744576930999774 1.8148458334617297 0.79783444996543096 7.5925483752216678 38.226598436478533 5.0439664339646697 0.5351011692546298 0.5205541820032521 0.41629031684715379
leaf_count=28074 1941 6784 6002 26 2045 252 2420 729 2039 293 377 10700 2467 763 32 1754 15 2919 690 640 107 778 159 108 1025 4124 2081 29 171 456
internal_value=0.000899406 -0.00552023 -5.34758e-05 0.0444059 0.011356 0.0244369 -0.00330675 -0.0440956 -0.00587545 -0.155408 -0.00743498 -0.00424316 0.0109184 -0.00180661 -0.0125787 -0.00206269 0.313023 -0.0201031 -0.00896762 0.0110579 0.000591784 0.00880082 -0.0161344 0.0787538 0.0303186 -0.00596051 -0.0568524 -0.0386535 -0.0825112 -0.0895444
internal_weight=178.948 168.065 157.798 18.2712 11.8011 10.9428 8.18319 5.8847 139.527 0.858346 137.535 129.19 66.0495 57.5979 47.6813 40.5865 0.495947 63.1409 49.0067 29.2651 26.4148 24.6629 18.1819 6.48105 9.40739 40.0906 8.34427 19.7416 4.43812 10.2666
internal_count=80000 51926 44686 11938 5936 5617 3572 1152 32748 319 30709 28251 19855 9155 6688 5925 47 8396 5477 3507 2867 2760 1962 798 1184 5878 2458 1970 423 7240
is_linear=0
shrinkage=0.1


Tree=64
num_leaves=31
num_cat=0
split_feature=60 19 74 60 60 34 44 76 25 25 32 13 57 16 25 11 59 63 47 35 59 59 59 47 1 25 16 25 37 35
split_gain=10.2773 6.98657 3.41237 2.4962 2.64372 3.35248 3.42322 2.38328 2.32436 3.28077 15.5385 1.97055 2.19392 1.87471 1.80922 1.76344 1.75582 1.6022 1.60116 1.58932 1.5957 2.14818 2.90919 1.54517 1.53959 1.43979 1.42578 1.41097 1.94704 1.36765
threshold=-2.773743629455566 0.98986303806304943 0.82767376303672802 1.7683537006378176 1.333107650279999 -0.49489046633243555 0.59153312444686901 1.8685697317123415 2.0987963676452641 2.1272950172424321 -1.5480864048004148 1.1004428863525393 0.85999146103858959 1.1508105993270876 -1.0000000180025095e-35 0.61843961477279674 1.0935391187667849 1.0000000180025095e-35 1.2663033008575442 4.7562522888183603 1.0956761837005617 1.5065404176712038 1.5270270705223086 0.65170148015022289 1.111456096172333 3.4696265459060673 0.32130530476570135 1.0977625846862795 0.56112155318260204 0.99724403023719799
decision_type=2 2 2 2 2 2 2 2 2 2 2 2 2 2 2 2 2 2 2 2 2 2 2 2 2 2 2 2 2 2
left_child=-1 2 3 4 8 15 -7 16 11 10 -10 12 19 18 23 -6 -3 -11 26 20 -2 -22 -23 -4 -14 -19 -8 28 -24 -13
right_child=1 7 14 -5 5 6 13 -9 9 17 -12 29 24 -15 -16 -17 -18 25 -20 -21 21 22 27 -25 -26 -27 -28 -29 -30 -31
leaf_value=0.10003553221476101 -0.0062493338835363302 -0.10217637967394902 0.10148238824596263 0.10209330291094816 -0.11100863936246835 0.089123444377782288 -0.043341041749539677 0.10193386710187036 2.0186884278440624 0.10174650979029501 -0.068067554289497498 0.014537707436883924 -0.11184366364896681 -0.099967122042298351 0.090182513877150358 0.16289197614082362 0.11679862321868198 -0.093013576917734653 0.17813360197296368 0.13692424955647733 0.10801329135820088 -0.18506966514338971 0.10021905553207384 -0.10013395181442182 0.10146487131847469 0.11819789684239308 0.10108885524631075 0.10719039661446034 -0.082106602839221748 0.14655289912547073
leaf_weight=9.8474893569946271 104.31253567662043 9.9174510298762417 0.59286248078569759 2.2214912523631929 5.9532268666662302 2.7178652333095661 4.211930532474069 0.65997754223644811 0.04862479426083155 2.6067372902762145 0.13407373183872451 1.691161455062683 2.80369761143811 3.2223220425657928 6.0988809971604487 0.24472052510827769 0.38021486083744171 1.0434328475967047 0.44434705469757307 0.81767204031348129 2.9461485454521599 0.72483360627666105 0.93447159114293787 1.0593311847187576 0.38480906866607245 0.46728677139617492 0.81589983077719797 1.5563341896631753 1.5693208826705811 1.4641390852630136
leaf_count=28074 18129 7001 220 2002 2290 461 605 960 34 3165 42 746 934 222 9924 18 7 95 23 35 1819 65 865 232 233 32 510 1061 70 126
internal_value=0.000845773 -0.00518197 0.000409896 -0.00308484 -0.00474059 -0.0409882 -0.00883416 -0.0822847 0.000427867 0.0726573 0.487318 -0.00217771 -0.00429775 -0.0394553 0.0650365 -0.100194 -0.0940913 0.0542581 -0.0038226 -0.0019867 -0.00300045 0.0408354 -0.00052673 -0.0277872 -0.0861002 -0.0276829 -0.0199034 0.0324188 -0.0140586 0.0757961
internal_weight=171.893 162.046 151.088 143.337 141.116 17.6103 11.4124 10.9576 123.505 4.30016 0.182699 119.205 116.05 8.6945 7.75107 6.19795 10.2977 4.11746 5.47218 112.861 112.044 7.73111 4.78496 1.65219 3.18851 1.51072 5.02783 4.06013 2.50379 3.1553
internal_count=80000 51926 43958 33582 31580 4129 1821 7968 27451 3368 76 24083 23211 1360 10376 2308 7008 3292 1138 22044 22009 3880 2061 452 1167 127 1115 1996 935 872
is_linear=0
shrinkage=0.1


Tree=65
num_leaves=31
num_cat=0
split_feature=60 6 71 60 60 34 44 76 59 59 59 45 25 60 60 77 25 59 60 64 15 25 72 59 45 35 35 25 25 35
split_gain=9.27854 6.30483 3.0312 2.24337 2.29345 3.07875 2.92956 2.14105 1.85878 1.89017 2.44745 1.73565 1.5956 1.59422 5.52232 4.32804 2.7913 6.56812 1.99376 3.44238 1.91492 2.18248 1.87507 1.82799 2.13682 1.62854 2.99031 1.62527 4.31029 3.09134
threshold=-2.773743629455566 0.98986303806304943 0.82767376303672802 1.7683537006378176 1.333107650279999 -0.49489046633243555 0.59153312444686901 1.8685697317123415 1.0956761837005617 1.5065404176712038 1.5270270705223086 1.304334878921509 1.0000000180025095e-35 0.2386014983057976 0.24532324075698855 -1.5205285549163816 0.28473690152168279 1.0045561492443087 0.25064854323863989 -1.4433384537696836 0.56798136234283458 1.1690710783004763 -0.92491909861564625 1.0935391187667849 1.0043884515762331 0.26203788816928869 0.27634657919406896 1.2158478498458865 1.1975600719451907 0.58349838852882396
decision_type=2 2 2 2 2 2 2 2 2 2 2 2 2 2 2 2 2 2 2 2 2 2 2 2 2 2 2 2 2 2
left_child=-1 2 3 4 8 -6 -7 -3 13 -10 -11 -8 -4 16 -15 18 22 -18 -16 23 -17 -22 -2 24 -20 -21 -27 28 -28 -30
right_child=1 7 12 -5 5 6 11 -9 9 10 -12 -13 -14 14 15 20 17 -19 19 25 21 -23 -24 -25 -26 26 27 -29 29 -31
leaf_value=0.10003294278967634 -0.022885124585506882 -0.093638786356204762 -0.027738604319046973 0.10191952650451803 -0.099053570292896603 0.085202601823287427 -0.081258029712585778 0.099948632192608022 0.10644855837804322 -0.15603901418808111 0.036692461021530585 0.0096618622056030973 0.088422501931045269 0.12823695748801683 -0.052782970971770232 0.084296920418213239 0.08896189290626598 -0.066784755786570185 0.12252624236528038 -0.095995086088639242 0.10082476685443172 -0.10764054468184647 -0.086735456887677378 -0.19307773611163531 0.0065835711899840266 0.10264770407392319 -0.011779316566616934 -0.058207393283193735 0.30327549494988515 -0.10146164245282559
leaf_weight=8.9106283187866193 22.771231203572828 9.3609046275960246 1.4974132043425914 2.0133420461497726 5.6709414022043374 2.5666473073360967 4.3000903264037316 0.60844412352889854 3.17672110404237 0.76857145503163327 4.6166558348631952 4.1030834918492474 5.6229021716571879 3.4995415631274218 9.3864793422690038 7.6973422878945765 6.4236322428332624 4.6807901274878532 3.8039349958999074 2.2336838245973913 0.84085481471265677 1.2469671410217416 5.7633713577970402 0.26657122373580922 2.7306430222815834 2.2941007758781771 31.93752701417543 7.0825090468861154 0.73863478138809924 0.25347116682678461
leaf_count=28074 2757 7008 452 2002 2308 461 651 960 2326 72 2897 709 9924 146 877 5643 5316 431 1885 300 545 23 1668 28 365 40 1683 382 44 23
internal_value=0.000751263 -0.00484939 0.00033608 -0.00288157 -0.00440116 -0.0392299 -0.00830355 -0.0818239 0.000341185 0.0452732 0.00918612 -0.0368639 0.0639936 -0.00304378 0.00562378 -0.000461504 -0.0192275 0.0233108 -0.0104065 -0.00265894 0.0612577 -0.0236827 -0.0357815 0.0636055 0.0740766 -0.0127774 -0.00838364 -0.0147496 -0.00540273 0.19987
internal_weight=166.868 157.957 147.988 140.867 138.854 16.6408 10.9698 9.96935 122.213 8.56195 5.38523 8.40317 7.12032 113.651 74.0123 70.5127 39.639 11.1044 60.7276 51.3411 9.78516 2.08782 28.5346 6.80115 6.53458 44.5399 42.3062 40.0121 32.9296 0.992106
internal_count=80000 51926 43958 33582 31580 4129 1821 7968 27451 5295 2969 1360 10376 22156 11984 11838 10172 5747 5627 4750 6211 568 4425 2278 2250 2472 2172 2132 1750 67
is_linear=0
shrinkage=0.1


Tree=66
num_leaves=31
num_cat=0
split_feature=60 6 59 59 25 53 60 80 25 6 25 59 59 73 60 32 30 60 73 32 35 25 59 45 60 60 53 47 35 34
split_gain=8.37281 5.69919 2.94279 2.80423 1.94781 3.88368 1.69837 1.50763 2.0741 6.24271 3.69104 2.08069 2.58595 2.84651 2.01264 2.01178 2.21929 2.05802 1.75524 1.72023 1.95254 1.60797 3.75219 1.59543 2.50304 4.4807 2.27324 1.80916 2.14686 1.58022
threshold=-2.773743629455566 1.0114894509315493 1.0956761837005617 1.5065404176712038 1.1806719899177553 0.567608803510666 1.7683537006378176 1.601990342140198 0.53643253445625316 -0.6678791046142577 0.93434223532676708 0.5151117891073228 0.13478758186101916 0.38152609020471578 -0.16840299963951108 -1.7770294547080991 1.0000000180025095e-35 0.32112124562263494 0.38152609020471578 -1.7444763183593748 0.2678846567869187 1.0000000180025095e-35 0.91707691550254833 0.83636036515235912 0.24532324075698855 0.1515610218048096 0.5481841266155244 -0.15143873542547223 0.27243846654891973 0.80959036946296703
decision_type=2 2 2 2 2 2 2 2 2 2 2 2 2 2 2 2 2 2 2 2 2 2 2 2 2 2 2 2 2 2
left_child=-1 2 6 -4 5 -5 7 8 11 -10 -11 12 13 15 -12 17 23 -2 -9 -16 -21 22 -13 27 25 -25 29 28 -17 -26
right_child=1 -3 3 4 -6 -7 -8 18 9 10 14 21 -14 -15 19 16 -18 -19 -20 20 -22 -23 -24 24 26 -27 -28 -29 -30 -31
leaf_value=0.10002884805425848 -0.087398315014101002 -0.088311262125099335 0.1038482298026296 0.045839550927166239 0.10523640892402714 -0.093721344038031007 0.10135083640536363 -0.080892307681344755 0.10169021005767243 0.088325849380925414 0.1002137272074666 0.10304272980928471 0.066809194697074345 -0.082834353490553278 -0.089463524895749755 0.14844625832448866 -0.17679132267393538 0.12427271095482068 0.0340570934839666 0.070620766813066671 -0.01329042427137556 -0.076865136506324816 -0.10140213752571037 -0.013703846898903719 0.11327748212575409 0.12766387697187714 -0.11464853503155177 0.082749387568189475 -0.023795726353146109 -0.041396146347012643
leaf_weight=8.0629758834838849 4.3302249698899642 7.709508452564477 4.9027272512321352 5.1140995927271415 1.8325098874629464 3.2682219035923481 1.4860449299740128 5.179612716601695 6.5187464316259058 4.2142901360639433 1.6350352181470871 1.8280078154639317 4.2638077088049604 5.3811780131654805 2.7472303160757212 0.84580972196999926 0.66291172802448173 0.51383671863004554 1.7865713257342575 2.9565403352608106 44.686523895477876 8.7151375422254205 1.7639416456222532 10.464234647224659 0.91172685901983586 2.8534203403687561 3.4674724116921425 5.0533089974148968 5.0101853975793347 2.3972748192027211
leaf_count=28074 1369 7240 6002 3760 1935 241 2039 2349 8557 4703 1877 376 1742 1736 325 109 4 50 109 1629 2764 952 191 729 60 61 114 292 498 113
internal_value=0.000717223 -0.00453357 -7.27544e-05 0.0416808 0.0118428 -0.00857449 -0.00494047 -0.00617269 -0.00357292 0.00905202 -0.0016857 -0.0171256 -0.00738392 -0.0149354 -0.00897704 -0.00492799 0.00425295 -0.0649452 -0.051412 -0.01252 -0.00808323 -0.0536597 0.00264354 0.00812402 -0.00859067 0.0165854 -0.0580686 0.0389112 0.00108202 0.00122097
internal_weight=160.563 152.5 144.791 15.1176 10.2148 8.38232 129.673 128.187 121.221 62.7584 56.2396 58.4625 46.1554 41.8916 52.0253 36.5104 31.6663 4.84406 6.96618 50.3903 47.6431 12.3071 3.59195 31.0034 20.0941 13.3177 6.77647 10.9093 5.856 3.309
internal_count=80000 51926 44686 11938 5936 4001 32748 30709 28251 19855 11298 8396 6877 5135 6595 3399 1980 1419 2458 4718 4393 1519 567 1976 1077 790 287 899 607 173
is_linear=0
shrinkage=0.1


Tree=67
num_leaves=31
num_cat=0
split_feature=60 6 49 60 60 32 44 25 11 76 59 59 59 59 59 78 59 59 80 73 60 60 25 62 55 43 31 22 35 45
split_gain=7.55438 5.05018 2.64569 1.86008 2.12417 2.19575 2.06173 1.78189 1.56916 1.46318 1.45291 1.84801 1.58782 1.48376 2.96244 2.41164 2.67898 2.38934 2.28295 2.23951 2.04456 1.65016 1.98949 1.56037 1.53401 1.87635 3.16055 2.828 3.81924 2.64892
threshold=-2.773743629455566 1.0114894509315493 1.1266816258430483 1.7683537006378176 1.333107650279999 -0.51184606552124012 0.59153312444686901 2.0987963676452641 0.61843961477279674 1.8685697317123415 1.0956761837005617 1.5065404176712038 1.5270270705223086 0.5151117891073228 0.13478758186101916 1.0000000180025095e-35 1.0045561492443087 0.88845559954643261 0.77870967984199535 0.66915827989578258 0.2386014983057976 -0.14161088317632672 1.098010838031769 1.0000000180025095e-35 1.0000000180025095e-35 -0.29275819659233088 0.66447076201438915 1.8821412324905398 0.3641918152570725 0.76639157533645641
decision_type=2 2 2 2 2 2 2 2 2 2 2 2 2 2 2 2 2 2 2 2 2 2 2 2 2 2 2 2 2 2
left_child=-1 2 3 4 7 8 -7 10 -6 -3 13 -12 -13 14 19 17 18 23 -17 24 -20 -18 -23 -15 25 26 -2 -28 -29 -27
right_child=1 9 -4 -5 5 6 -8 -9 -10 -11 11 12 -14 15 -16 16 21 -19 20 -21 -22 22 -24 -25 -26 29 27 28 -30 -31
leaf_value=0.10002615603874442 -0.053785195027035007 -0.096603660306863418 0.055352382744213183 0.10178785648190831 -0.10794540599266388 0.092507277497443197 -0.033940039692537137 0.068051080412578763 0.15472208297815584 0.11350691681070357 0.10542830537044104 -0.12521229837189884 0.02833677838379044 -0.085806196163289536 0.1007633071034312 0.10712616885237232 -0.091148586769522699 0.10273011446111618 -0.089845113021311734 -0.090808317586682452 0.10207772040129887 -0.091889415005771302 0.10097575215438444 -0.24227119790275983 -0.085012023413761892 0.062402953233922524 0.044721800627039343 0.013853747348464604 -0.084207154274866372 0.0020654799947376163
leaf_weight=7.2958383560180655 13.13100912686785 6.7794169889821196 8.121734493179245 1.6582610776240461 4.6967537798045678 1.5532866541179791 7.5922713163308799 3.6879418493190306 0.23900772928027425 0.34847428704961192 2.7349585885240222 0.8099259475711732 3.9967915194865782 4.2034315435157632 2.8009336519025956 2.8185578585835174 3.8590647931559943 0.59388405064237293 1.6310184557223695 2.8561858004832166 0.84142307343427081 0.94136354920920018 1.2385598495020529 0.75129070878028859 2.1046174872899419 9.7809151780704848 11.193836587422995 11.677041815128179 6.0190955102443686 28.410847921360983
leaf_count=28074 2901 6784 9525 1902 2291 555 1770 3302 18 456 2577 77 2241 668 2449 759 258 85 333 946 535 70 419 7 750 3202 2556 1156 686 2648
internal_value=0.000703471 -0.00422366 -4.1582e-05 -0.00345447 -0.00479524 -0.0414737 -0.0124642 -0.000345981 -0.0952261 -0.0863316 -0.00259025 0.0398036 0.00246395 -0.00563948 -0.000428958 -0.0327977 -0.00634531 -0.0868122 0.0456044 -0.00375667 -0.0245298 -0.0518605 0.0176901 -0.109531 -0.000736214 0.00147501 -0.013106 0.00538347 -0.0195003 0.0175179
internal_weight=154.368 147.072 139.944 131.822 130.164 14.0813 9.14556 116.083 4.93576 7.12789 112.395 7.54168 4.80672 104.853 87.9745 16.8786 11.33 5.54861 5.291 85.1735 2.47244 6.03899 2.17992 4.95472 82.3174 80.2127 42.021 28.89 17.6961 38.1918
internal_count=80000 51926 44686 35161 33259 4634 2325 28625 2309 7240 25323 4895 2318 20428 17294 3134 2374 760 1627 14845 868 747 489 675 13899 13149 7299 4398 1842 5850
is_linear=0
shrinkage=0.1


Tree=68
num_leaves=31
num_cat=0
split_feature=60 55 4 60 6 59 60 33 44 13 47 11 56 60 35 25 73 25 25 32 63 25 15 60 16 11 47 33 60 73
split_gain=6.82045 4.56151 2.53222 2.35262 1.81193 1.53694 1.42552 2.57893 2.63741 2.09321 1.68144 1.46532 1.34472 1.81239 1.38514 1.24778 1.1997 1.15659 1.07908 2.10777 1.24952 1.18187 1.07051 1.70624 1.91563 1.6774 1.51904 2.61504 3.0611 3.37334
threshold=-2.773743629455566 1.8448159098625185 1.0000000180025095e-35 1.7683537006378176 1.0639332532882693 2.0132064819335942 1.333107650279999 -0.52554374933242787 0.59153312444686901 1.1004428863525393 1.2663033008575442 0.61843961477279674 0.80593219399452221 0.33682362735271459 4.7562522888183603 2.0987963676452641 0.9130535125732423 0.53510600328445446 2.1272950172424321 -1.5480864048004148 1.0000000180025095e-35 3.4696265459060673 0.3801350891590119 0.40615449845790869 0.89075383543968212 -0.23843168467283246 0.5890871286392213 -0.5498782992362975 -0.18699024617671964 0.66915827989578258
decision_type=2 2 2 2 2 2 2 2 2 2 2 2 2 2 2 2 2 2 2 2 2 2 2 2 2 2 2 2 2 2
left_child=-1 2 3 4 5 6 9 11 -9 12 17 -8 14 -14 15 16 22 -10 19 -17 -20 -22 23 25 -25 26 27 -2 -29 -30
right_child=1 -3 -4 -5 -6 -7 7 8 10 -11 -12 -13 13 -15 -16 18 -18 -19 20 -21 21 -23 -24 24 -26 -27 -28 28 29 -31
leaf_value=0.10002361890442664 -0.011418486820080389 -0.095885178305753091 0.088346566325114312 0.10327492106486919 -0.098459720957514152 0.10083863454091034 -0.11018444993887638 0.072362867805061654 -0.060734170738244712 0.090269355504548593 0.14443915920827971 0.14150717714111263 -0.11004189163929401 0.10166629541196 0.13251678238733178 0.47398522637661905 0.10061620672306931 0.05044912320294636 0.10145666428058722 -0.073534767402907125 -0.09239259697129909 0.09643200431914585 -0.052657929731465963 0.11814883386324573 0.00025113248457185665 0.063403152391411186 -0.074154950426984431 -0.039861406018885673 0.11442333686809503 -0.096485881244752658
leaf_weight=6.6017351150512686 76.605389686825205 5.199447057399083 3.1369959338335311 2.068928037013392 2.0080113029689519 1.417025179194751 4.2134125996963148 3.0850376375019541 7.1020769414317293 2.5173261755844569 0.4910090875928298 0.24474618380190793 2.2195350618130756 0.49444775530719187 0.78069578856229682 0.16711318991292501 1.1029931057855709 1.0775815092783885 1.6316468928125687 0.12138000947743366 0.94304265378741547 0.51114015839993954 4.3708113711036267 2.4370313925901419 3.1719050407409668 3.4198107353863767 3.3372449912567381 2.8923536468646489 5.3599659607716585 0.88332365360110987
leaf_count=28074 12767 5138 5609 3109 2259 2034 2270 1426 1026 1331 40 52 1014 551 37 31 1670 923 2484 37 100 33 804 1727 15 1868 990 615 1837 129
internal_value=0.000648445 -0.00393894 -0.000469942 -0.00253875 -0.00418966 -0.00274021 -0.0038764 -0.0316045 -0.00704446 0.000103342 -0.0352977 -0.096367 -0.00195168 -0.0714718 -0.000200397 -0.00116914 -0.00311863 -0.046087 0.058674 0.243623 0.0413832 -0.0260214 -0.00423515 -0.00207785 0.0514766 -0.0053253 -0.00796386 -0.00538755 0.0451839 0.0845831
internal_weight=149.613 143.011 137.812 134.675 132.606 130.598 129.181 16.2139 11.7557 112.967 8.67067 4.45816 110.45 2.71398 107.736 106.955 103.581 8.17966 3.37432 0.288493 3.08583 1.45418 102.478 98.107 5.60894 92.4981 89.0783 85.741 9.13564 6.24329
internal_count=80000 51926 46788 41179 38070 35811 33777 5737 3415 28040 1989 2322 26709 1565 25144 25107 22422 1949 2685 68 2617 133 20752 19948 1742 18206 16338 15348 2581 1966
is_linear=0
shrinkage=0.1


Tree=69
num_leaves=31
num_cat=0
split_feature=60 19 59 59 25 53 60 57 12 16 77 61 65 66 26 32 79 34 25 25 25 35 35 34 22 53 25 25 32 43
split_gain=6.15535 4.14015 2.1485 2.38518 1.61301 2.92023 1.24644 1.2671 1.52697 1.89554 1.53712 1.63416 1.83288 2.2104 1.52935 1.67622 1.82595 1.62592 2.03586 5.00357 3.02326 2.5319 2.51952 2.1666 1.96717 2.46241 4.75946 5.15339 1.70585 3.40242
threshold=-2.773743629455566 1.0114894509315493 1.0956761837005617 1.5065404176712038 1.1806719899177553 0.567608803510666 1.7683537006378176 1.4827860593795779 1.2060654163360598 1.1508105993270876 0.92681878805160534 0.35196995735168463 -0.40748506784439081 -0.56900584697723378 1.0565259307622912 -1.7444763183593748 -2.7532243132591243 -1.5993298292160032 1.1185504794120791 1.1188609600067141 1.0898327827453616 0.31303532421588903 0.27243846654891973 -1.6331601142883299 1.8821412324905398 1.4022336602211001 2.2462218999862675 3.7509558200836186 -1.2619441747665403 -0.10813196003437041
decision_type=2 2 2 2 2 2 2 2 2 2 2 2 2 2 2 2 2 2 2 2 2 2 2 2 2 2 2 2 2 2
left_child=-1 2 6 -4 5 -5 7 8 9 10 11 12 13 14 15 16 -2 18 20 -20 22 -21 -17 -24 25 28 -27 -28 -19 -30
right_child=1 -3 3 4 -6 -7 -8 -9 -10 -11 -12 -13 -14 -15 -16 17 -18 24 19 21 -22 -23 23 -25 -26 26 27 -29 29 -31
leaf_value=0.10002173603465761 -0.059780394713037838 -0.085440939317942083 0.1034613117078273 0.042599555214211951 0.10502000230640181 -0.081646260646416446 0.10102190091271004 -0.077670628390419577 0.08613153139906897 -0.088230361676074676 0.064724559155235756 -0.077201725323084502 0.10018344333363421 -0.07669646661328372 0.10156157199061494 0.17336745205294746 0.084636893622558801 -0.031493236546321246 0.71571599422911392 0.054846103104219994 -0.081720294422747086 0.41097075002354067 -0.097107817671646335 0.18957615705104169 -0.041122691378778907 0.042338576547502643 -0.00059304646602012501 1.1665073616211181 0.071587701274238205 -0.0060293691632555954
leaf_weight=5.9736175537109366 8.1259694099426252 5.924397997558116 3.9340897181245955 4.6875106588122417 1.5191717824782243 3.1716675920179114 1.1145705154340237 2.3660787738044737 1.8598827430832887 2.6857583132514256 3.2336453694151706 3.066575732358614 1.6890820042940635 4.1104544742120188 1.4093554957653385 1.2865656927751685 0.98120159789685502 16.785416315469753 0.12579223589273203 3.5863111090729949 2.4129304669913836 0.21140587329864491 1.0036443173885343 0.35752219380810846 11.954811439267358 8.7186103106359916 0.072613554817508752 0.078988619148731232 6.6964444045733904 36.062735160463546
leaf_count=28074 2606 7240 6002 3760 1935 241 2039 1250 2415 656 2971 785 2896 2530 584 153 1462 1887 18 673 497 36 51 27 1408 1449 61 5 1814 4475
internal_value=0.000621887 -0.00364273 -7.52575e-06 0.0381073 0.0106921 -0.00754136 -0.00423599 -0.00522283 -0.00375164 -0.00520967 -0.00321831 -0.00523882 -0.00315043 -0.004829 -0.00187109 -0.00335161 -0.044221 0.000813902 0.0411599 0.095223 -0.000755 0.0746703 0.0730303 -0.0218078 -0.0036962 0.00284371 0.0519978 0.607496 -0.00447865 0.00612611
internal_weight=145.207 139.233 133.309 13.3124 9.37835 7.85918 119.996 118.882 116.516 114.656 111.97 108.736 105.67 103.981 99.8703 98.461 9.10717 89.3538 8.98417 3.92351 5.06066 3.79772 2.64773 1.36117 80.3696 68.4148 8.87021 0.151602 59.5446 42.7592
internal_count=80000 51926 44686 11938 5936 4001 32748 30709 29459 27044 26388 23417 22632 19736 17206 16622 4068 12554 1455 727 728 709 231 78 11099 9691 1515 66 8176 6289
is_linear=0
shrinkage=0.1


Tree=70
num_leaves=31
num_cat=0
split_feature=60 55 4 60 25 25 70 80 25 25 35 35 25 25 25 77 32 32 31 60 49 60 32 35 35 25 31 25 25 37
split_gain=5.56408 3.73556 2.00589 1.94457 1.59774 6.1212 3.33351 2.09493 2.07702 3.44135 2.58846 8.33122 2.21392 2.78757 2.03048 1.99765 1.88778 2.94149 2.01161 1.94077 1.75264 1.72967 1.75395 2.47009 2.01621 1.5822 2.2929 3.7479 2.86542 2.08832
threshold=-2.773743629455566 1.8448159098625185 1.0000000180025095e-35 1.7683537006378176 0.53643253445625316 0.93434223532676708 -0.75216507911682118 1.601990342140198 1.0892196893692019 1.0899670124053957 0.61654376983642589 0.57090294361114513 1.092933773994446 1.0931684970855715 1.0878155231475832 -0.92491909861564625 -1.4641957283020017 -1.4461128115653989 0.83387354016304027 -0.23269558697938916 1.1266816258430483 -0.16840299963951108 -1.7444763183593748 0.30119888484478002 0.2966077327728272 1.099657475948334 0.68439662456512462 1.0977625846862795 1.0955748558044436 1.4337083101272585
decision_type=2 2 2 2 2 2 2 2 2 2 2 2 2 2 2 2 2 2 2 2 2 2 2 2 2 2 2 2 2 2
left_child=-1 2 3 4 15 -6 14 8 -8 10 11 -10 -11 -14 -7 16 18 -18 -2 -19 -17 -15 -23 24 -24 26 27 -25 -28 -29
right_child=1 -3 -4 -5 5 6 7 -9 9 12 -12 -13 13 21 -16 20 17 19 -20 -21 -22 22 23 25 -26 -27 28 29 -30 -31
leaf_value=0.10001937247302145 -0.062201417124618845 -0.09403887317006325 0.084209896584218874 0.10296245269615333 0.090847928257559815 -0.11896444496984396 -0.098098397600725334 -0.10040640724558432 0.055763138725442529 -0.065224231986458214 -0.101003230403996 0.49418365374496809 0.19673835082517907 0.10019614198246346 0.10173476944863746 -0.071137265372363492 0.34378630154544465 -0.10232059225290353 0.070636878207816292 0.0074838252607070249 0.0088608272399200178 -0.086105662690500795 0.049007802353508996 -0.097336922580097018 0.3503900399807246 -0.021513057271241965 0.13555078761561015 0.14345492499747334 -0.1230128778955239 0.47578588156289181
leaf_weight=5.4052696228027335 8.5403999274130893 4.403206139948451 2.7432884827576336 1.7345535027852736 7.7068674694746724 0.46499565406701648 2.3604635093070163 2.4860703148588064 3.1658513210713859 6.2989217482390805 0.64806380588561285 0.50219329446554173 0.69778214767575164 1.5035206315805982 4.0274913313332945 9.902136698616685 0.2541954223997881 1.687198694795369 1.3155873015057284 35.025292941369116 3.7856107320985748 2.7465480798855273 4.5266110445373036 0.36135580373229748 0.2334199547767638 26.52006554894615 0.73717415146529663 0.41860049590468407 1.0239146724343298 0.34485827013850212
leaf_count=28074 1739 5138 5609 3109 8100 10 267 2077 276 772 66 24 46 1970 8551 4409 21 169 192 4141 1469 307 1459 25 18 1806 34 41 72 9
internal_value=0.000516689 -0.00343318 -0.000405354 -0.00220449 -0.00363763 0.00702765 -0.00390878 -0.0107246 -0.00644438 -0.00209387 0.0832363 0.115787 -0.0102038 -0.00134328 0.0788913 -0.015407 -0.00558317 0.00478476 -0.04447 0.00243754 -0.0490122 -0.00494119 -0.00922364 -0.00304322 0.0637868 -0.0138612 0.0564557 0.167988 -0.0147807 0.293571
internal_weight=141.572 136.166 131.763 129.02 127.285 66.7748 59.0679 54.5754 52.0893 49.7289 4.31611 3.66804 45.4128 39.1139 4.49249 60.5104 46.8227 36.9667 9.85599 36.7125 13.6877 38.4161 36.9125 34.166 4.76003 29.406 2.8859 1.12481 1.76109 0.763459
internal_count=80000 51926 46788 41179 38070 25930 17830 9269 7192 6925 366 300 6559 5787 8561 12140 6262 4331 1931 4310 5878 5741 3771 3464 1477 1987 181 75 106 50
is_linear=0
shrinkage=0.1


Tree=71
num_leaves=31
num_cat=0
split_feature=60 18 11 25 59 57 1 32 80 45 25 63 26 53 15 41 22 25 16 30 41 31 25 25 32 80 25 25 32 25
split_gain=5.03431 3.43104 1.74428 1.76285 1.36601 1.3659 1.76053 1.52227 1.59429 1.36126 1.15126 1.33986 1.13564 1.10665 1.07138 1.11482 1.18564 2.58225 2.38764 1.79251 2.48847 1.6942 2.20438 2.66148 2.48262 1.7554 1.72359 4.7048 2.77884 3.24232
threshold=-2.773743629455566 1.0197916626930239 0.33950030803680425 0.28473690152168279 1.0956761837005617 0.81150671839714061 1.0962417125701907 0.68882495164871227 1.601990342140198 1.3003013134002688 1.7035409808158877 1.0000000180025095e-35 1.0565259307622912 -0.067019179463386522 0.43028815090656286 0.61310806870460521 0.98187649250030529 0.53510600328445446 0.89075383543968212 1.0000000180025095e-35 -0.49851812422275538 0.66447076201438915 1.4529052376747134 1.3861135244369509 -1.4790147542953489 -1.0000000180025095e-35 1.0899156928062441 1.0892196893692019 -1.4641957283020017 -1.0000000180025095e-35
decision_type=2 2 2 2 2 2 2 2 2 2 2 2 2 2 2 2 2 2 2 2 2 2 2 2 2 2 2 2 2 2
left_child=-1 2 5 9 -3 7 -7 8 10 13 12 -12 14 -4 15 16 17 19 -19 20 -2 25 23 24 -23 -18 27 28 -26 -30
right_child=1 4 3 -5 -6 6 -8 -9 -10 -11 11 -13 -14 -15 -16 -17 21 18 -20 -21 -22 22 -24 -25 26 -27 -28 -29 29 -31
leaf_value=0.10001815325972392 0.078540629262087949 -0.095696817093114159 -0.027252318656465102 0.10015833076762332 0.11051364778280329 -0.10538275066403742 0.015453737610380481 0.059674587484612997 -0.07340286947334522 0.09710578785275821 0.10154106952222031 -0.0084608854605306982 0.086670687726043777 0.071533821760434324 -0.094001532719785341 -0.053361208431186649 0.10053753131097726 0.092080873942532893 0.0053842800567338346 -0.10749817073874079 -0.0094992280454198486 -0.012131951547738056 -0.079814225037738051 0.14921579597930626 -0.10436226698054432 -0.058149239859517601 0.029964140182479143 0.47382688201622503 0.56793908753631095 -0.0015611405165277721
leaf_weight=4.8909716606140128 3.6245934888720539 4.9365757179039056 5.3761669886589516 3.1983975593466303 0.34360192655003619 2.8941728788631726 2.0667208537925035 3.9350377652299349 3.1798695523757479 1.5613330128835512 2.2893699068517881 2.1445062493439764 1.3705265466123808 1.4371634681010599 1.3338750378461544 4.3316872021387089 0.7486264221370228 6.2914940285991161 6.4161782739538467 1.6132237057900045 28.101945352814255 26.731058780336753 3.3269683071412137 1.2416625330224622 0.53019404411315918 10.127711466328034 3.7137343124486506 0.35544673027470708 0.1750889013055712 0.23300998578997922
leaf_count=28074 1814 7222 2131 10144 293 1096 430 1533 2344 1216 4124 175 485 581 92 1268 432 7410 57 235 2606 2158 367 265 13 2419 860 61 21 74
internal_value=0.000370601 -0.00327659 -2.65536e-05 0.0370043 -0.0822779 -0.00369647 -0.055042 -0.00141844 -0.00364686 0.012885 -0.0015283 0.0483371 -0.00373338 -0.00641496 -0.00498622 -0.0037692 -0.00146506 0.00995029 0.0483073 -0.00466973 0.000558872 -0.0126056 -0.00223429 0.0055918 -2.70026e-05 -0.0472267 0.064592 0.163993 0.0466206 0.242775
internal_weight=138.521 133.63 128.35 11.5731 5.28018 116.777 4.96089 111.816 107.881 8.37466 104.701 4.43388 100.267 6.81333 98.8965 97.5626 93.2309 46.0474 12.7077 33.3398 31.7265 47.1835 36.3072 32.9802 31.7385 10.8763 5.00747 1.29374 0.938293 0.408099
internal_count=80000 51926 44411 14072 7515 30339 1526 28813 27280 3928 24936 4299 20637 2712 20152 20060 18792 12122 7467 4655 4420 6670 3819 3452 3187 2851 1029 169 108 95
is_linear=0
shrinkage=0.1


Tree=72
num_leaves=31
num_cat=0
split_feature=60 18 4 60 59 59 57 35 45 45 45 35 60 25 35 35 74 60 15 59 60 60 45 53 22 25 34 25 25 32
split_gain=4.54602 3.07871 1.52293 1.45327 1.22283 1.18829 1.04742 1.03952 0.97591 0.947122 3.90251 2.16608 2.04522 1.95779 1.49851 1.72305 1.26011 1.90012 1.78587 1.51537 1.41946 5.31096 3.35343 2.6059 1.61888 2.13473 2.05898 2.01806 9.32409 1.6935
threshold=-2.773743629455566 1.0197916626930239 1.0000000180025095e-35 1.7683537006378176 1.0956761837005617 2.0132064819335942 1.4827860593795779 4.7562522888183603 2.2328168153762822 1.3003013134002688 1.2027142047882082 0.99724403023719799 -0.23269558697938916 1.0000000180025095e-35 0.8903385102748872 0.98710462450981151 1.0000000180025095e-35 1.333107650279999 0.56798136234283458 0.40464635193347936 0.24725124984979632 0.38768686354160314 0.25360640883445745 1.3289822936058047 1.8821412324905398 3.7509558200836186 -1.5184515118598936 1.2070342898368838 1.1975600719451907 -1.7444763183593748
decision_type=2 2 2 2 2 2 2 2 2 2 2 2 2 2 2 2 2 2 2 2 2 2 2 2 2 2 2 2 2 2
left_child=-1 2 3 5 -3 6 7 8 9 10 11 12 -2 -11 -15 -16 17 20 -18 -20 22 -22 -14 -23 25 27 29 28 -25 -26
right_child=1 4 -4 -5 -6 -7 -8 -9 -10 13 -12 -13 16 14 15 -17 18 -19 19 -21 21 23 -24 24 26 -27 -28 -29 -30 -31
leaf_value=0.10001708850271317 0.071770035062428586 -0.094697922762825112 0.07991096587303273 0.10096703165063386 0.10953804771944138 0.10064674303378394 -0.079898473077788482 0.11151673394505189 -0.089660354455035465 -0.26962260601120502 -0.082665369513188064 0.097910293208918919 -0.056921271439964595 0.08681218445628075 -0.1696496659264265 0.015607897057742588 0.072634448760252698 -0.083934029663497112 0.10102253097598456 -0.042630380314516325 0.09880304695672576 -0.063730189706105639 0.010378348518181691 0.026739093343104949 -0.086037992424408696 0.33923761291224097 -0.065790194431343249 -0.062566407161870827 0.61150370308193391 0.022835974421508282
leaf_weight=4.4255704879760733 3.4759771005774232 4.5116129083180558 2.3388545162306391 1.3675420925865172 0.31353176817356132 1.1025564384617599 1.7747156435507339 0.79425302147865195 1.2932970264373569 0.23332840610237582 6.2577972039289298 2.1599366862210436 15.22820580124632 2.9816196704632629 0.51934979436918993 15.070805716764879 4.5955739456403517 3.3853000104572848 0.90964772210281797 3.8100703460513614 5.2199098954879437 7.0302019645023384 14.410167933441697 11.276525147761273 1.6658768504858024 0.21820674606715407 5.7394752328982568 2.2536440850781227 0.27943131295251156 10.034225046634674
leaf_count=28074 4462 7222 5302 3098 293 2023 936 44 84 1 678 1237 3261 2349 21 1392 3696 2284 1777 1669 3813 1033 1602 1250 273 17 723 872 12 502
internal_value=0.000344535 -0.00304205 -2.65884e-05 -0.00154552 -0.0814269 -0.00269727 -0.00364193 -0.00250317 -0.00327031 -0.00231337 -0.00625976 -0.00104525 -0.00343252 0.0182422 0.0218588 0.00943647 -0.00647009 -0.010686 0.0282618 -0.0149437 -0.00730573 0.00414793 -0.0242002 -0.00868641 0.00361105 0.0289011 -0.0167314 0.0239974 0.0408791 0.00733435
internal_weight=134.677 130.252 125.426 123.088 4.82514 121.72 120.618 118.843 118.049 116.755 97.9502 91.6924 89.5324 18.8051 18.5718 15.5902 86.0565 76.7412 9.31529 4.71972 73.3559 43.7175 29.6384 38.4976 31.4674 14.0278 17.4396 13.8096 11.556 11.7001
internal_count=80000 51926 44411 39109 7515 36011 33988 33052 33008 32924 29161 28483 27246 3763 3762 1413 22784 15642 7142 3446 13358 8495 4863 4682 3649 2151 1498 2134 1262 775
is_linear=0
shrinkage=0.1


Tree=73
num_leaves=31
num_cat=0
split_feature=60 18 49 59 59 60 60 33 44 13 57 60 35 45 11 32 48 45 80 3 47 70 34 60 35 35 60 60 25 35
split_gain=4.10898 2.75359 1.39977 1.10526 1.09294 0.970425 1.30923 1.49519 1.61441 1.47605 1.19999 1.32609 1.16287 1.77651 1.06337 0.974391 1.13898 0.964377 1.09866 1.238 2.09146 0.940773 0.919758 1.33835 1.14264 2.58266 1.97963 1.28577 1.55267 1.25004
threshold=-2.773743629455566 1.0197916626930239 1.1266816258430483 2.0132064819335942 1.0956761837005617 1.7683537006378176 1.333107650279999 -0.51119303703308094 0.59153312444686901 1.1004428863525393 0.8127877712249757 0.33682362735271459 0.99724403023719799 2.0314731597900395 0.61843961477279674 0.68882495164871227 1.0000000180025095e-35 1.3439285755157473 1.601990342140198 3.1352578401565556 1.2663033008575442 0.68822002410888683 0.78937014937400829 0.3361059725284577 1.0794804692268374 1.0626791119575503 -0.18699024617671964 -0.23401893675327298 0.54497653245925914 1.0383262038230898
decision_type=2 2 2 2 2 2 2 2 2 2 2 2 2 2 2 2 2 2 2 2 2 2 2 2 2 2 2 2 2 2
left_child=-1 2 3 5 -3 6 9 14 -9 10 15 -12 13 -11 -8 22 -17 21 -19 -20 -21 -10 24 -24 25 27 -26 28 -2 -29
right_child=1 4 -4 -5 -6 -7 7 8 17 12 11 -13 -14 -15 -16 16 -18 18 19 20 -22 -23 23 -25 26 -27 -28 29 -30 -31
leaf_value=0.10001462244211455 -0.04081277955476522 -0.093524309893099372 0.047153751622723283 0.10060937629990559 0.10864929811988625 0.10123062933926896 -0.10894960093282376 0.089234217491490242 -0.08970991009343969 0.088337571427721029 -0.107186150291622 0.10161259050631793 0.14239404909185824 -0.15425730783520786 0.13282134487891936 0.11880526805242549 -0.08005238990158943 0.10027140640465762 -0.079991161108368333 -0.055033426430627745 0.28948893303112561 0.10188098433766171 -0.1007685431706758 0.14960562495477994 -0.044776725969568915 -0.10783781842571959 0.08277885027033817 -0.0051965786199975293 0.10017629281375483 0.081749494359951588
leaf_weight=4.004502296447753 1.1260427934466712 4.1309957423654842 5.9707700453145653 1.0306463799788605 0.28589759548776772 0.87956076115369697 3.0234682702284776 1.2817709869414082 2.9013625562656675 0.92886916828865584 1.9281185985601035 0.36114186659688119 1.2626251122856045 0.44718193216249347 0.1935643043834715 1.2995865023112845 0.37003706156974647 0.87740370375104282 1.616359173320234 0.46484450809657563 0.28376869391649961 0.28112530300859351 1.7304197901685245 0.24354399493313383 1.7738910487532846 2.3182615900441297 3.8735625601984784 81.925441742255785 2.5498544023139402 1.6876421913912043
leaf_count=28074 228 7222 9437 1997 293 1719 2272 526 475 1439 1084 420 164 69 18 850 121 396 105 39 14 574 265 26 298 223 1740 15183 4577 152
internal_value=0.000278172 -0.00286549 -7.14969e-05 -0.00248853 -0.080438 -0.00340748 -0.00420953 -0.0371403 -0.0132369 -0.000744851 -0.00267027 -0.0742471 0.0730909 0.00950035 -0.0944026 -0.00101344 0.0747326 -0.03368 0.00470333 -0.0307524 0.0755609 -0.0727857 -0.00231416 -0.0698778 -0.000914037 -0.00366361 0.0427131 -0.000896907 0.0569869 -0.00344166
internal_weight=131.052 127.048 122.631 116.66 4.41689 115.629 114.75 10.9237 7.70663 103.826 101.188 2.28926 2.63868 1.37605 3.21703 98.8983 1.66962 6.42486 3.24238 2.36497 0.748613 3.18249 97.2287 1.97396 95.2547 89.6072 5.64745 87.289 3.6759 83.6131
internal_count=80000 51926 44411 34974 7515 32977 31258 4419 2129 26839 25167 1504 1672 1508 2290 23663 971 1603 554 158 53 1049 22692 291 22401 20363 2038 20140 4805 15335
is_linear=0
shrinkage=0.1


Tree=74
num_leaves=31
num_cat=0
split_feature=60 19 59 59 25 37 59 59 52 78 59 25 59 66 60 25 60 45 60 25 31 60 33 60 47 60 60 60 35 53
split_gain=3.71058 2.50462 1.40224 2.10543 1.32965 1.94443 1.24416 3.27725 3.03241 1.99353 1.75789 1.53888 2.05354 1.3414 1.33292 1.92247 1.47482 1.10159 1.02389 1.901 1.81038 1.62069 3.36012 1.67241 1.4105 1.25256 4.44983 2.12765 3.40381 1.6372
threshold=-2.773743629455566 1.0639332532882693 1.0956761837005617 1.5065404176712038 1.1806719899177553 0.55505794286727916 0.87904053926467907 0.88845559954643261 0.76501360535621654 1.0000000180025095e-35 1.0045561492443087 1.0000000180025095e-35 0.91707691550254833 -0.5941098928451537 -0.14161088317632672 1.0977625846862795 -0.16840299963951108 1.253446161746979 -0.13110261410474774 1.0000000180025095e-35 -0.35825993120670313 -0.12642072513699529 -0.5498782992362975 -1.0000000180025095e-35 0.039977382868528373 0.1515610218048096 0.24532324075698855 0.26153223216533666 -1.0000000180025095e-35 1.4022336602211001
decision_type=2 2 2 2 2 2 2 2 2 2 2 2 2 2 2 2 2 2 2 2 2 2 2 2 2 2 2 2 2 2
left_child=-1 2 6 -4 5 -5 8 -8 9 13 11 12 -9 18 16 -16 -12 -11 19 -2 -21 22 -20 -23 -22 29 -27 -28 -29 -25
right_child=1 -3 3 4 -6 -7 7 10 -10 17 14 -13 -14 -15 15 -17 -18 -19 21 20 24 23 -24 25 -26 26 27 28 -30 -31
leaf_value=0.10001329133971835 -0.22388306389524903 -0.096575863475187207 0.10429828921121076 0.036392227134431326 0.10513669406601955 -0.072084104903945789 -0.080720196923579429 0.1028924616314652 0.082601103499872597 0.10775648359355323 0.1001459838902989 0.10502196141320497 -0.10098271382556308 -0.060033724603986351 -0.073240171247255112 0.10154809766722624 -0.092640838111176418 -0.010977295953307098 -0.066853275691945269 0.10623090053801716 0.10058718388756938 0.10420034759242279 0.10467628984885763 -0.091279346549642038 -0.1286784567770908 0.12298530157262638 -0.053669628041014189 0.11208356405838467 -0.0039721475791290577 0.090922507252638396
leaf_weight=3.6234536170959464 0.24713955984043323 2.775430839508771 3.0445917460019682 3.809212846099399 1.1629346717090809 2.9184428242442664 7.1083793639845707 0.87797976027650126 4.3174720450188024 2.4414234447076519 0.45521852892125059 2.5690088754199678 1.12982177734375 4.4073778387351004 1.1009163896815155 1.4688167633576084 3.092787794303149 1.1492133285646557 8.5239604133530502 2.7450987583433744 0.42754940743907377 1.4944074709783155 1.3187047931714904 2.9392427894272397 0.72065513487905264 2.8307977724180082 7.8958606709202277 2.6676313165516907 47.990007144158895 0.59260125854052592
leaf_count=28074 1 5448 6072 3822 1935 241 2350 298 9680 1606 590 1661 176 3047 151 767 20 233 1171 761 859 702 81 1709 53 143 821 2308 5011 209
internal_value=0.000262583 -0.00264705 -0.000500494 0.0336588 0.0064025 -0.0106646 -0.00388056 -0.0280936 0.000769066 -0.003228 0.00688589 0.0537596 -0.0118313 -0.00631823 -0.0281813 0.0266659 -0.0679058 0.0697547 -0.00337341 0.0450573 0.0621291 -0.00600313 -0.043872 -0.000390612 -0.0433083 -0.00279836 0.00053357 -0.00538642 0.00213935 -0.0607081
internal_weight=127.846 124.223 121.447 10.9352 7.89059 6.72766 110.512 17.8029 92.7091 88.3917 10.6945 4.57681 2.0078 84.801 6.11774 2.56973 3.54801 3.59064 80.3937 4.14044 3.8933 76.2532 9.84267 66.4105 1.1482 64.9161 61.3843 58.5535 50.6576 3.53184
internal_count=80000 51926 46478 12070 5998 4063 34408 6013 28395 18715 3663 2135 474 16876 1528 918 610 1839 13829 1674 1673 12155 1252 10903 912 10201 8283 8140 7319 1918
is_linear=0
shrinkage=0.1


Tree=75
num_leaves=31
num_cat=0
split_feature=60 55 60 4 19 80 60 46 32 31 45 34 0 60 25 55 16 46 46 35 60 35 35 25 25 35 35 25 25 74
split_gain=3.34915 2.30734 1.30707 1.20485 0.967585 0.957835 2.01475 1.84323 1.77244 1.62592 1.50343 1.50263 1.45663 1.43731 1.23471 1.1734 1.04084 1.19748 1.66983 2.2701 1.45829 1.13296 1.12837 0.988701 6.71398 11.0112 2.63151 2.35914 1.54127 0.916948
threshold=-2.773743629455566 1.9111612439155581 1.7683537006378176 1.0000000180025095e-35 1.0639332532882693 -1.0000000180025095e-35 0.24725124984979632 0.08812305331230165 -1.7444763183593748 0.70885333418846141 0.96621921658515941 -1.671649098396301 -1.0000000180025095e-35 -0.16840299963951108 0.54497653245925914 0.83428320288658153 1.1508105993270876 0.26299220323562628 0.28566324710845953 0.74554181098937999 1.333107650279999 1.0383262038230898 1.123503625392914 1.1452991366386416 1.1185504794120791 0.27243846654891973 0.27243846654891973 1.2686499357223513 0.54497653245925914 -1.0000000180025095e-35
decision_type=2 2 2 2 2 2 2 2 2 2 2 2 2 2 2 2 2 2 2 2 2 2 2 2 2 2 2 2 2 2
left_child=-1 2 3 4 5 6 7 9 -7 10 -2 23 -12 -11 -9 -14 17 20 -19 -20 -13 -21 -22 24 26 -26 28 -25 -10 -15
right_child=1 -3 -4 -5 -6 8 -8 14 11 13 12 16 15 29 -16 -17 -18 18 19 21 22 -23 -24 27 25 -27 -28 -29 -30 -31
leaf_value=0.10001234746373787 0.099577778071466672 -0.090969592285657527 0.10194049805418569 0.075010692927713743 -0.095918541491197773 -0.059047497807750371 0.055130492811865418 -0.093076308839267818 0.23728949474185215 0.10038206353203334 -0.10859048046246267 -0.0048233581680619027 0.10156002399446834 -0.04051682805337134 0.10035461733605111 -0.14020055114654326 -0.065863740100536319 0.19849437221692243 0.076064644405853324 -0.097716549666606256 -0.091629509142115234 0.0098838138205925869 0.10367910743835569 -0.093637005799598924 -0.091058250051121711 1.0774437471095559 -0.10520654655514808 0.20598875989784868 0.028405310126215 0.10163305079068669
leaf_weight=3.2786874771118155 3.1121441838186064 2.8727086084982139 1.2382472239551123 2.0302160361679844 1.1029212451248884 6.035706412716535 8.4656575166154635 2.9485165750666051 0.60381354337732795 0.93860341445542861 0.87473920732736599 62.799484638672311 1.0958354677131863 6.8262296915054321 0.37158697264385399 0.24578802846372139 2.7961621785216257 0.56035859804978638 3.7660606176359579 1.5826250597165197 3.0237384635693156 2.5638051849091426 0.32788449079089321 0.9769958615361245 0.15434777096379537 0.16888538748025894 0.86436022073030461 0.35946837860683445 0.85120298381661996 0.48610112715686948
leaf_count=28074 2571 5119 3176 5544 2269 3803 8355 1572 76 1844 176 8826 940 331 642 7 735 47 2366 103 2128 253 46 165 38 6 39 273 337 139
internal_value=0.00029606 -0.00242742 -0.000256625 -0.00134816 -0.00270919 -0.00179782 0.0153108 -0.00463654 -0.00676108 0.0116935 0.0547518 -0.00288407 -0.0081913 -0.0161138 -0.0714275 0.057269 -0.00596428 -0.00371985 0.0316757 0.0198617 -0.00825343 -0.0311855 -0.0725227 0.057047 0.092496 0.51947 0.032992 -0.0130468 0.11509 -0.0310671
internal_weight=123.323 120.044 117.171 115.933 113.903 112.8 25.3652 16.8995 87.4349 13.5794 5.32851 81.3992 2.21636 8.25093 3.3201 1.34162 77.4201 74.624 8.47285 7.91249 66.1511 4.14643 3.35162 3.97907 2.64261 0.323233 2.31938 1.33646 1.45502 7.31233
internal_count=80000 51926 46807 43631 38087 35818 16577 8222 19241 6008 3694 15438 1123 2314 2214 947 14504 13769 2769 2722 11000 356 2174 934 496 44 452 438 413 470
is_linear=0
shrinkage=0.1


Tree=76
num_leaves=31
num_cat=0
split_feature=60 55 60 3 55 57 25 35 59 19 80 31 32 72 36 22 34 25 25 0 47 25 25 25 25 35 60 77 45 22
split_gain=3.03063 2.04164 1.18139 1.11074 2.16598 1.2557 1.47473 0.851935 0.839274 0.801418 0.883261 1.70955 1.48247 1.43782 1.66061 1.48105 1.21628 1.77687 1.9214 1.207 1.03656 1.03367 1.74006 1.7125 2.77573 2.03899 1.42664 0.96159 0.927845 0.945626
threshold=-2.773743629455566 1.9111612439155581 1.7683537006378176 1.0435346961021426 1.0000000180025095e-35 1.0273156166076662 0.54497653245925914 4.7562522888183603 2.0132064819335942 1.0639332532882693 1.0000000180025095e-35 -1.2009899616241453 -1.7444763183593748 0.87788486480712902 -0.31952056288719172 1.6665880680084231 -1.6936066150665281 0.54497653245925914 1.3364451527595522 -1.0000000180025095e-35 0.039977382868528373 1.6904234290122988 1.4529052376747134 1.1806719899177553 1.1690710783004763 0.43498012423515325 -0.14161088317632672 -1.5205285549163816 2.1639494895935063 0.75704821944236766
decision_type=2 2 2 2 2 2 2 2 2 2 2 2 2 2 2 2 2 2 2 2 2 2 2 2 2 2 2 2 2 2
left_child=-1 2 3 4 7 6 -5 8 9 10 11 -2 27 14 15 19 17 -14 -19 20 -13 22 23 24 25 -17 -24 -12 29 -18
right_child=1 -3 -4 5 -6 -7 -8 -9 -10 -11 12 13 16 -15 -16 21 28 18 -20 -21 -22 -23 26 -25 -26 -27 -28 -29 -30 -31
leaf_value=0.10001029467440661 0.10038263410499995 -0.089076363903003997 0.10177868164690654 -0.07438829851919411 -0.097071007226962297 0.087430308648346777 0.10054966565093088 0.11212611179693924 0.10048337498346988 -0.096136956703401832 -0.071915223023894789 0.10116939000121601 0.22514290550015123 0.1006607098662053 -0.045923805604301343 0.065533958788866559 0.008558046411755919 -0.024069155087897587 0.27375661341199992 0.095701823248678916 -0.14541209507789041 0.10289714279171372 -0.11171752585765041 0.11196216253479635 -0.24330829389009254 -0.098763000158995709 0.10227693974552893 0.045165946519624606 -0.073282404265432879 -0.014408730476913285
leaf_weight=2.9667203426361075 2.1532945065700941 2.651852935756323 1.1221035486087192 1.3896963655279244 2.4166211062110952 2.8997976619793917 0.73768222310172848 0.65774733200669189 0.79255733836907793 0.91211300596478295 4.9942458868026733 0.2818597128934982 0.55110660243371912 1.5033046467724478 5.7014017223746114 2.4349795995367427 34.297402473021066 1.4918709397315977 0.25341248182667175 3.2442411365045709 0.43141695711528882 0.82361616671551097 2.2402896863641222 1.4179103565402327 0.47338026762008656 1.095065241679549 0.36185752262826998 0.81610957100929127 1.954227940092095 37.560752201032301
leaf_count=28074 2097 5119 3176 236 1317 5527 2267 39 1898 2058 2407 541 61 3097 2279 303 5318 459 98 3775 6 537 143 422 2 41 112 1349 99 7143
internal_value=0.00018956 -0.00232731 -0.000327091 -0.00133311 -0.00345535 0.0446228 -0.0137274 -0.00132997 -0.00203541 -0.00280928 -0.00199141 0.0157194 -0.00678295 0.00660844 -0.00103173 0.018957 -0.00306603 0.0686046 0.0191747 0.0698069 -0.0479725 -0.00378941 -0.0147409 0.0175228 -0.0159252 0.0145669 -0.0819592 -0.0554703 -0.00529579 -0.00344685
internal_weight=120.629 117.662 115.01 113.888 108.861 5.02718 2.12738 106.444 105.786 104.994 104.082 22.1626 81.9191 20.0093 18.506 12.8046 76.1088 2.29639 1.74528 3.95752 0.713277 8.8471 8.02348 5.42134 4.00343 3.53004 2.60215 5.81036 73.8124 71.8582
internal_count=80000 51926 46807 43631 35601 8030 2503 34284 34245 32347 30289 13355 16934 11258 8161 5882 13178 618 557 4322 547 1560 1023 768 346 344 255 3756 12560 12461
is_linear=0
shrinkage=0.1


Tree=77
num_leaves=31
num_cat=0
split_feature=60 19 60 4 57 22 59 59 45 59 37 25 25 34 59 59 52 78 59 25 59 45 65 60 25 31 60 33 60 5
split_gain=2.73665 1.85699 1.08028 0.957632 1.16779 0.823805 0.771262 0.841563 1.56158 1.39094 1.07351 1.02137 0.962901 1.44667 0.795371 2.14263 2.14062 1.43614 1.37834 1.29416 1.79467 1.16314 0.906478 0.94661 1.63182 1.43405 1.38625 2.81082 1.25329 1.10859
threshold=-2.773743629455566 1.0639332532882693 1.7683537006378176 1.0000000180025095e-35 1.5303328633308413 -0.92388373613357533 2.0132064819335942 1.8967474699020388 1.3334997296333315 1.0956761837005617 1.449991822242737 1.1806719899177553 1.0946100950241091 -1.3115338087081907 0.87904053926467907 0.88845559954643261 0.78630143404006969 1.0000000180025095e-35 1.0045561492443087 1.0000000180025095e-35 0.91707691550254833 1.253446161746979 -0.58688607811927784 -0.13110261410474774 1.0000000180025095e-35 -0.35825993120670313 -0.12642072513699529 -0.5498782992362975 -1.0000000180025095e-35 -1.3869229555130003
decision_type=2 2 2 2 2 2 2 2 2 2 2 2 2 2 2 2 2 2 2 2 2 2 2 2 2 2 2 2 2 2
left_child=-1 2 3 4 6 -5 7 9 -9 14 -11 12 13 -12 16 -16 17 22 19 20 -17 -19 23 24 -2 -26 27 -25 -28 -30
right_child=1 -3 -4 5 -6 -7 -8 8 -10 10 11 -13 -14 -15 15 18 -18 21 -20 -21 -22 -23 -24 26 25 -27 28 -29 29 -31
leaf_value=0.10001008062009226 -0.19939435866311495 -0.095026357997277475 0.10160925950803759 -0.097132103424038801 -0.080635719941609341 0.099096177818995254 0.10042447078265432 -0.10106154169589694 0.07287043249498186 0.098401152557182958 0.10468346991535789 0.10747177025357874 -0.12036937942968379 -0.17760296556140195 -0.075140174667127357 0.10270500476541973 0.090553705944629873 0.10776351186005911 -0.028353334100244321 0.1042557726826344 -0.10089033090766618 -0.021629039152767208 -0.053013706864018628 -0.063811997326304173 0.10570679812034492 -0.038559393503382118 0.10377281134973577 0.094496104254944369 0.015148975544541322 -0.012259140244139127
leaf_weight=2.6844091415405265 0.24998669512568428 2.1123479735106221 1.028855295604443 0.24886330217123021 1.8804026471843815 1.5247727354289953 0.7424423032643962 2.0269832213671175 0.69254610102507275 2.4523169492531443 0.69271958072204143 0.68373390335182183 0.76631425134837627 0.24602408513601426 5.3144052464413098 0.76550354478240323 2.5719366070334209 2.0761371640592183 5.278366157785058 2.0623066430416657 0.99666780233383179 1.0441127512312958 3.7019530044472182 7.8527885798830539 2.4589122237230194 0.95726606418611426 1.1520414448022922 1.3084472417103663 24.301253084908225 37.577220717576026
leaf_count=28074 1 5448 3222 82 2331 5421 2032 134 593 3782 104 861 25 1 740 298 6183 1496 1372 1526 176 68 2849 1171 843 917 689 69 4449 5043
internal_value=0.000202156 -0.00213235 -0.000390533 -0.00133066 -0.00250757 0.0715629 -0.00114692 -0.00185018 -0.0567686 -0.000421118 0.0519248 0.00421259 -0.0371947 0.0307024 -0.00296365 -0.0246864 0.000709957 -0.00208482 0.00476939 0.0504838 -0.0124466 0.0644656 -0.00469485 -0.00233684 0.0472336 0.0652812 -0.00485421 -0.0412018 0.000428765 -0.00149527
internal_weight=117.452 114.768 112.655 111.626 109.853 1.77364 107.972 107.23 2.71953 104.51 4.84111 2.38879 1.70506 0.938744 99.6693 14.4172 85.2521 82.6801 9.10284 3.82448 1.76217 3.12025 79.5599 75.8579 3.66616 3.41618 72.1918 9.16124 63.0305 61.8785
internal_count=80000 51926 46478 43256 37753 5503 35422 33390 727 32663 4773 991 130 105 27890 4112 23778 17595 3372 2000 474 1564 16031 13182 1761 1760 11421 1240 10181 9492
is_linear=0
shrinkage=0.1


Tree=78
num_leaves=31
num_cat=0
split_feature=60 21 71 61 61 65 35 25 49 71 26 43 43 12 32 60 65 60 31 32 53 25 37 25 25 53 25 25 53 25
split_gain=2.4712 1.68599 1.06485 1.04543 1.18973 1.30774 1.12042 1.02694 0.916251 0.888967 0.884622 0.784499 1.45055 1.96392 0.740411 0.948479 3.5369 1.02749 0.764919 1.13003 2.24379 1.94818 1.65787 1.80594 3.0812 1.87283 1.44322 1.60847 1.43568 1.26013
threshold=-2.773743629455566 1.0656911134719851 0.41759742796421057 0.33949851989746099 -0.59593445062637318 -0.58688607811927784 0.86918583512306224 0.28473690152168279 1.1311461329460146 0.41759742796421057 1.0565259307622912 0.20194604247808459 0.65717640519142162 1.2060654163360598 -1.7444763183593748 0.2801444679498673 -0.64025864005088795 -0.16840299963951108 0.77992159128189098 -1.5175569653511045 1.4022336602211001 3.7509558200836186 0.95507490634918224 1.0898327827453616 1.0899670124053957 1.4777523875236513 1.092933773994446 1.099137604236603 1.5062574148178103 1.1304746270179751
decision_type=2 2 2 2 2 2 2 2 2 2 2 2 2 2 2 2 2 2 2 2 2 2 2 2 2 2 2 2 2 2
left_child=-1 2 3 4 5 10 -7 11 -5 -3 14 -4 -13 -14 15 17 -17 -2 19 28 -21 22 -22 25 -25 -24 -26 -28 -16 -29
right_child=1 9 7 8 -6 6 -8 -9 -10 -11 -12 12 13 -15 18 16 -18 -19 -20 20 21 -23 23 24 26 -27 27 29 -30 -31
leaf_value=0.10000888307284826 0.10031213781529331 0.10843495139851439 -0.094835885669032061 -0.080245453883489665 0.10013701433216936 -0.096619617851454495 0.090949503776009244 0.10005023664954849 0.04036892906575576 -0.094405259841629632 0.10116186293352825 0.096953668369681986 -0.088462747733335428 0.079176229238623635 -0.062904143849826899 0.13172213854953427 -0.10093262785862996 -0.066429849369053606 0.028994795328670681 -0.0028688546116520698 0.25624996617419238 0.36320803246051125 -0.11698072984193977 0.30715371020275667 -0.079622582995935984 0.077160505693824377 0.21373467539312721 -0.086097325154871424 0.0068717987712406912 0.074563177496201991
leaf_weight=2.4289884567260733 0.39931111790792773 0.23543160918052253 0.58370874954562069 2.9438750753251948 1.1584047837889091 2.3074057452467964 0.36945189262041811 1.910336050117621 0.80123914484283876 2.6260875100269914 0.85910643975512258 1.8534967041341586 1.6316234486148462 1.2223936245281946 6.2098457881074705 1.3539194315671921 1.2629592629891704 4.9602389386127461 9.3144033968273998 56.546658965598922 0.36043362267082457 0.20065845549106587 1.2730595745815665 0.492765343049541 0.78300139494240273 0.81499448909016781 0.64053746336139772 0.63246666104532812 5.6152616662438959 2.1402388131173211
leaf_count=28074 1019 20 50 592 3848 2519 92 10445 643 6751 564 1240 504 2148 1115 1814 225 1495 1214 12335 96 10 97 49 148 446 68 123 1646 610
internal_value=0.000224763 -0.00194893 4.67117e-05 -0.00259116 -0.000603517 -0.00181237 -0.0707319 0.0372035 -0.0544409 -0.0777166 0.0001532 0.0145134 0.0280721 -0.0166619 -0.000779881 -0.0299112 0.0194382 -0.0540068 0.00195303 -0.00137385 0.00388236 0.0559062 0.0472669 0.0361523 0.0706001 -0.0412049 0.0428216 0.0709104 -0.0297704 0.0379158
internal_weight=113.932 111.503 108.642 101.44 97.6951 96.5367 2.67686 7.20156 3.74511 2.86152 93.8599 5.29122 4.70751 2.85402 93.0008 7.97643 2.61688 5.35955 85.0243 75.7099 63.8848 7.33816 7.1375 6.77706 4.68901 2.08805 4.19624 3.41324 11.8251 2.77271
internal_count=80000 51926 45155 30768 29533 25685 2611 14387 1235 6771 23074 3942 3892 2652 22510 4553 2039 2514 17957 16743 13982 1647 1637 1541 998 543 949 801 2761 733
is_linear=0
shrinkage=0.1


Tree=79
num_leaves=31
num_cat=0
split_feature=60 18 11 25 43 59 59 45 59 44 32 53 31 80 22 31 60 60 60 43 33 25 25 35 45 35 47 60 25 25
split_gain=2.23485 1.53089 0.875121 0.769295 0.788736 0.746409 0.79889 1.33098 1.32845 0.937789 1.01615 2.20474 2.1898 2.27768 1.48871 1.54217 1.23748 1.13828 2.75881 2.51874 2.79656 1.73738 1.65495 1.2152 1.91634 1.35139 4.3748 1.23225 1.11551 2.53928
threshold=-2.773743629455566 1.0197916626930239 1.152258634567261 -1.0000000180025095e-35 0.64985716342926036 2.0132064819335942 1.8967474699020388 1.3439285755157473 1.0956761837005617 0.78592348098754894 -1.2835617065429685 1.393459737300873 0.66447076201438915 1.0000000180025095e-35 1.8821412324905398 0.7155541479587556 -0.16840299963951108 0.2386014983057976 0.24532324075698855 -0.10813196003437041 -0.5498782992362975 0.28473690152168279 0.93434223532676708 0.21043054014444354 0.63255089521408092 0.91134798526763927 -0.096908211708068834 -0.23269558697938916 1.4529052376747134 1.4209433794021609
decision_type=2 2 2 2 2 2 2 2 2 2 2 2 2 2 2 2 2 2 2 2 2 2 2 2 2 2 2 2 2 2
left_child=-1 2 5 4 -4 6 8 -8 9 10 12 17 13 -2 -14 -16 -15 21 -19 22 -21 23 -20 -12 -25 -26 -27 -28 29 -17
right_child=1 -3 3 -5 -6 -7 7 -9 -10 -11 11 -13 14 16 15 28 -18 18 19 20 -22 -23 -24 24 25 26 27 -29 -30 -31
leaf_value=0.10000838537490815 0.10088025289455477 -0.076764140421230309 0.10174508215597403 0.0864878569181185 -0.099686039593406731 0.10038474228335795 -0.096608751377063512 0.070234251739352757 0.052481534743604591 -0.035533316215323574 -0.10244362818708426 0.17185598936547428 0.028713755248675334 0.086285601519257904 -0.060750924880384506 0.0075050049202059757 -0.059691307993852576 0.12072663260387867 0.12229681972837302 -0.084289469931999442 0.01532512141635149 0.10076965646012832 -0.036099340236782226 0.098516267376562119 -0.078154038517372043 0.47931489052850101 -0.12197174388380644 0.0030954632281125637 -0.059232598766682465 0.33050011049424705
leaf_weight=2.197845220565795 1.0334959328756586 2.6605988242663434 0.30469532101415131 2.0869129746351964 0.53697754652239382 0.71427414652862253 1.996527552888437 0.62870498170377676 4.4760035588260498 8.2287349664911726 1.7185566761045326 0.84513574212178255 14.33847940371197 0.60803156094334454 5.1273121286067207 13.506212324995431 12.931292377601492 2.5387892779544954 2.8017290904927026 3.6192204347462438 12.734272868554395 1.2186811832361844 0.86274431043148059 1.3741496122966044 3.4477802219917049 0.1843758032191517 0.91851443052291593 5.5352564722998121 2.504699658806202 0.24786612385651174
leaf_count=28074 962 7515 220 8648 232 2080 148 591 4651 2515 471 400 4358 364 1193 2049 5086 111 827 918 3597 2536 364 285 498 8 12 680 551 56
internal_value=0.000165103 -0.00183471 2.72279e-05 0.0539389 -0.0267656 -0.00148884 -0.00219239 -0.0566523 -0.00077406 -0.00324872 -0.000233148 0.0121557 -0.00954354 -0.042213 0.00378302 -0.012932 -0.0531357 0.00850337 0.0225249 0.0100705 -0.00672076 -0.0134647 0.0850049 -0.0240284 -0.0122692 -0.0273631 -0.000982888 -0.0147044 0.00214802 0.0133258
internal_weight=111.928 109.73 107.069 2.92859 0.841673 104.141 103.427 2.62523 100.801 96.3253 88.0966 37.7992 50.2974 14.5728 35.7246 21.3861 13.5393 36.9541 22.5568 20.018 16.3535 14.3973 3.66447 13.1786 11.4601 10.0859 6.63815 6.45377 16.2588 13.7541
internal_count=80000 51926 44411 9100 452 35311 33231 739 32492 27841 25326 10707 14619 6412 8207 3849 5450 10307 5817 5706 4515 4490 1191 1954 1483 1198 700 692 2656 2105
is_linear=0
shrinkage=0.1


Tree=80
num_leaves=31
num_cat=0
split_feature=60 55 60 73 6 6 59 26 60 13 35 35 57 47 15 46 46 60 16 55 75 33 33 32 60 35 31 53 31 45
split_gain=2.02078 1.41165 0.910328 0.816093 0.698876 1.55992 1.22672 1.09118 0.884986 1.13702 1.04696 1.43397 0.898621 0.891336 0.87148 1.37038 2.811 1.20143 1.73702 1.15418 0.942089 1.12066 1.66032 1.58458 1.49188 1.44015 2.14247 1.6319 1.1863 1.29192
threshold=-2.773743629455566 1.9592249989509585 1.7683537006378176 1.8315958976745608 0.87114927172660839 -0.019948946312069889 0.40464635193347936 1.0565259307622912 1.333107650279999 1.1004428863525393 0.99724403023719799 0.98710462450981151 1.0273156166076662 1.2663033008575442 0.3801350891590119 0.24738673120737079 0.28566324710845953 0.40615449845790869 0.89075383543968212 0.80457293987274181 0.66915827989578258 -0.5498782992362975 -0.55574032664299 -0.54350316524505604 -0.23401893675327298 0.74974268674850475 0.66447076201438915 1.393459737300873 0.68439662456512462 -2.9333782792091365
decision_type=2 2 2 2 2 2 2 2 2 2 2 2 2 2 2 2 2 2 2 2 2 2 2 2 2 2 2 2 2 2
left_child=-1 2 3 4 5 7 -6 8 9 14 11 -11 -10 -14 17 -16 -17 19 -19 20 21 22 24 -23 -2 26 -26 -27 -28 -30
right_child=1 -3 -4 -5 6 -7 -8 -9 12 10 -12 -13 13 -15 15 16 -18 18 -20 -21 -22 23 -24 -25 25 27 28 -29 29 -31
leaf_value=0.1000071991547557 0.10012678547133402 -0.085133627529775491 0.10151595155517326 0.1095968778139354 0.10508537724017103 0.084006268819574348 -0.072818488750757721 0.10090390525294071 -0.048870794146474425 0.092103856982950372 0.13967772904426121 -0.20911465525505465 -0.022401477429560935 0.14667722581853224 -0.14285635294024476 0.19359069563723103 -0.073822299395152793 0.11602080848923163 -0.0010149869044251178 -0.1021637896845996 -0.076608387993359672 0.15375579054654534 -0.07860387361462505 0.018594240990981292 -0.044007739873080973 0.01893941283224072 0.028799200200518845 0.19040598514391716 -0.016364973098116891 0.07692662414838293
leaf_weight=1.9887106418609608 1.4251236735435515 1.9914921283343563 0.87346929957857256 0.66296462951140611 0.45124817533360273 2.1507435915646047 2.7475146626675269 1.0180899604019931 6.9447511886100965 0.4310762120585413 1.0924426466372095 0.24952504178509116 0.83417210383049656 0.49788825631549116 1.1108244100250879 0.52926118404138867 1.5278796750353647 2.1295363334793356 3.1350803375244141 1.1568728070560599 1.6364114573079849 0.97177474200725455 2.884377717258757 8.074069428534143 14.091410234725116 12.026177069681577 11.31591957304772 0.58191127050668079 22.966190779581645 1.5869669683943595
leaf_count=28074 4583 5103 3176 2075 1105 5709 3250 1181 3825 890 150 1 142 247 44 21 393 2453 15 1019 935 108 308 3345 4920 1536 497 103 1987 2805
internal_value=0.000127295 -0.00172743 -0.00014706 -0.000999016 -0.00170697 -0.000240476 -0.0477217 -0.00208529 -0.00316402 -0.000252894 0.0790247 -0.0183302 -0.03444 0.0407956 -0.00186578 -0.0533528 -0.00502229 7.64146e-05 0.046326 -0.00301676 -0.00153791 8.01109e-05 -0.00438806 0.0331143 -0.00104294 -0.00334728 -0.0109687 0.0268532 0.00201088 -0.0103352
internal_weight=109.084 107.095 105.104 104.23 103.567 100.368 3.19876 98.2177 97.1996 88.9228 1.77304 0.680601 8.27681 1.33206 87.1498 3.16797 2.05714 83.9818 5.26462 78.7172 77.5603 75.9239 66.8781 9.04584 63.9937 62.5686 49.9605 12.6081 35.8691 24.5532
internal_count=80000 51926 46823 43647 41572 37217 4355 31508 30327 26113 1041 891 4214 389 25072 458 414 24614 2468 22146 21127 20192 16739 3453 16431 11848 10209 1639 5289 4792
is_linear=0
shrinkage=0.1


Tree=81
num_leaves=31
num_cat=0
split_feature=60 19 60 25 25 31 63 75 57 57 60 13 35 33 32 32 11 36 32 35 73 42 43 22 37 33 31 25 33 60
split_gain=1.82557 1.28497 0.832158 0.697713 1.16335 1.63017 1.08707 0.705746 0.708492 0.87827 0.898608 0.994081 0.802915 1.32337 0.772228 1.54899 0.863856 0.818327 0.774718 0.746372 0.715193 0.720468 0.779065 1.57308 2.27405 1.16773 2.69291 1.75411 1.39638 1.20732
threshold=-2.773743629455566 1.0639332532882693 1.7683537006378176 2.0987963676452641 2.1272950172424321 0.69904646277427684 1.0000000180025095e-35 1.8315958976745608 1.5041199922561648 1.0273156166076662 1.333107650279999 1.1004428863525393 0.99724403023719799 0.33003039658069616 0.90473356842994701 -0.51184606552124012 0.61843961477279674 0.32706625759601599 0.68882495164871227 4.7562522888183603 0.9130535125732423 0.90424469113349926 0.58200523257255565 -0.25493124127387995 -0.50096404552459706 -0.5498782992362975 -0.41036905348300928 -2.7895711660385127 -0.55574032664299 -0.23401893675327298
decision_type=2 2 2 2 2 2 2 2 2 2 2 2 2 2 2 2 2 2 2 2 2 2 2 2 2 2 2 2 2 2
left_child=-1 2 3 7 5 -5 -6 8 9 10 11 19 13 -13 15 16 -12 -17 -19 20 21 22 25 24 -24 28 27 -27 29 -2
right_child=1 -3 -4 4 6 -7 -8 -9 -10 -11 14 12 -14 -15 -16 17 -18 18 -20 -21 -22 -23 23 -25 -26 26 -28 -29 -30 -31
leaf_value=0.10000736003885782 0.10022149230583813 -0.092876412289450136 0.10136942278502237 -0.085036655752263463 0.10134402745943294 0.41729338983881903 -0.032717371067073502 0.10871864318885781 -0.068903618400632194 0.060488099009791241 -0.10360640004169903 -0.18852491010325845 0.13988087792457757 0.092807075023434465 -0.083563646460075219 0.097196018519930219 0.1232810480639035 -0.058083180998930388 0.041962675313116572 0.10804778529957221 0.099144523954933672 -0.085946250942005656 -0.030746289026552617 -0.14120566524493938 0.16812527337311506 -0.18296571115745408 -0.03905380725851388 0.089208095390871225 -0.073422082236094449 -0.0025001541557957332
leaf_weight=1.7994676828384388 1.1658020097092805 1.5191558748483647 0.79986388358520244 0.099643172544346625 1.0853600377959083 0.18371154443502746 1.3662411638724734 0.56845453514324518 1.6060030017833913 2.2027219647861775 1.9868424047308511 0.24907388450082979 0.90441188600379974 0.5086701826294302 2.315788995816547 1.0286015937963364 0.18329217238351692 1.4790251280501254 1.623758742236532 0.61386946987477031 0.68507641574615163 1.0453548679397489 6.980109125142917 1.121970474938278 0.62659734699991521 0.24783305823802937 3.1148182857055087 5.3141033382999012 2.7479184066178268 61.722751989902463
leaf_count=28074 3391 5448 3222 50 3391 32 185 1988 2804 3811 2237 1 76 1045 656 956 59 400 1278 36 1912 360 2399 34 36 1 1703 2103 301 12011
internal_value=0.000136171 -0.00157382 -0.000234704 -0.00102543 0.0488064 0.240646 0.0266336 -0.00238773 -0.00302265 -0.00194156 -0.00337901 -0.000329627 0.0762633 0.000331986 -0.0341826 -0.0160352 -0.0844432 0.0198981 -0.00572686 -0.00182061 -0.00261621 -0.00344528 -0.00240673 -0.0306684 -0.0143644 0.000912821 0.03539 0.0770804 -0.00364486 -0.000595943
internal_weight=106.896 105.097 103.578 102.778 2.73496 0.283355 2.4516 100.043 99.4744 97.8684 95.6657 87.0484 1.66216 0.757744 8.61731 6.30152 2.17013 4.13139 3.10278 85.3862 84.7723 84.0873 83.0419 8.72868 7.60671 74.3132 8.67675 5.56194 65.6365 62.8886
internal_count=80000 51926 46478 43256 3658 82 3576 39598 37610 34806 30995 25409 1122 1046 5586 4930 2296 2634 1678 24287 24251 22339 21979 2469 2435 19510 3807 2104 15703 15402
is_linear=0
shrinkage=0.1


Tree=82
num_leaves=31
num_cat=0
split_feature=60 6 60 52 55 50 4 80 59 76 6 52 73 26 60 32 44 45 41 13 35 35 75 80 47 61 32 35 79 25
split_gain=1.64961 1.14605 0.75115 0.675593 0.765431 0.703689 0.89558 0.574755 0.547521 0.462153 0.889639 0.784967 0.69662 0.537262 0.50714 0.911542 1.19277 0.780219 0.757695 0.704769 0.930501 0.880955 0.722933 0.692356 0.759591 0.656958 0.66852 0.969848 0.824267 0.816388
threshold=-2.773743629455566 1.0639332532882693 1.7683537006378176 1.7496075034141543 1.7641861438751223 1.6112651824951174 1.0000000180025095e-35 0.77870967984199535 2.0132064819335942 0.68822002410888683 0.87114927172660839 1.4230022430419924 0.38152609020471578 1.0565259307622912 1.333107650279999 -0.51184606552124012 0.59153312444686901 1.4157192111015322 0.90141719579696666 1.1004428863525393 0.99724403023719799 0.98710462450981151 0.38152609020471578 1.601990342140198 1.2663033008575442 -0.6113908290863036 -1.7444763183593748 0.2678846567869187 -2.7532243132591243 1.3364451527595522
decision_type=2 2 2 2 2 2 2 2 2 2 2 2 2 2 2 2 2 2 2 2 2 2 2 2 2 2 2 2 2 2
left_child=-1 2 3 4 5 6 8 -7 9 10 11 13 -11 14 19 18 -17 -18 -16 22 21 -21 25 -19 -25 26 28 29 -2 -28
right_child=1 -3 -4 -5 -6 7 -8 -9 -10 12 -12 -13 -14 -15 15 16 17 23 -20 20 -22 -23 -24 24 -26 -27 27 -29 -30 -31
leaf_value=0.10000625979603169 -0.03851092309896062 -0.091476001053760594 0.10124995571116294 0.093628335467318746 -0.097817505004859501 0.10041731415246771 0.09961071976742876 -0.088577039991985962 0.100304043005226 -0.10540606902212052 -0.09140443933525963 0.10093953391642868 0.10193343191591131 0.071505435171403994 -0.10509020310459852 0.10995932490823715 -0.078970739399292139 0.10018926907686371 0.1233939890292976 0.085274429136790758 0.13487285657166068 -0.17331458193329796 -0.040710834291980094 -0.060871899864905356 0.07090849878936975 0.10028591558311975 0.039406346423791476 0.00030073698120395621 0.10024660671867464 0.20035439159806612
leaf_weight=1.6282310485839833 6.621070384979248 1.3946003336459387 0.72455753682879631 0.74995091686287096 0.82069556236092367 0.18173401008971146 0.89833772663405298 1.4043487217277288 0.53377978007483662 0.19855854062188771 1.0999301436022495 0.75014444078988063 0.88114685723121511 0.99020774378004617 1.7881665734312262 0.75441341631812875 1.7081220698528339 0.61973377921822281 0.15795917337527488 0.28626247068314004 0.8550115665566409 0.24407322658225894 4.4712372577196211 1.4240165133960547 0.63131246669217933 0.65581361811929539 2.5143786742082734 69.141438755381387 0.45770397293379872 0.36031868323334482
leaf_count=28074 2877 5448 3222 2319 1646 597 4548 321 1902 108 350 661 2591 1019 2271 180 625 385 17 338 49 1 2870 133 23 2734 1341 11573 1470 307
internal_value=0.000135882 -0.001438 -0.000206038 -0.00093243 -0.00163841 -0.000846138 0.000222798 -0.066922 -0.000696283 -0.00125431 -0.00198961 -0.000948108 0.0638036 -0.00176396 -0.00254669 -0.0282607 -0.00618253 -0.0261723 -0.0865451 -0.000418943 0.070327 -0.0337344 -0.00158263 0.00754132 -0.0203944 0.000611103 -0.000215348 0.002667 -0.029539 0.0595798
internal_weight=104.947 103.319 101.924 101.2 100.45 99.6292 98.0431 1.58608 97.1448 96.611 95.5313 94.4314 1.07971 93.6812 92.691 7.08372 5.1376 4.38318 1.94613 85.6073 1.38535 0.530336 84.222 2.67506 2.05533 79.7507 79.0949 72.0161 7.07877 2.8747
internal_count=80000 51926 46478 43256 40937 39291 38373 918 33825 31923 29224 28874 2699 28213 27194 3634 1346 1166 2288 23560 388 339 23172 541 156 20302 17568 13221 4347 1648
is_linear=0
shrinkage=0.1


Tree=83
num_leaves=31
num_cat=0
split_feature=60 21 74 25 61 61 66 35 49 26 74 47 43 12 32 66 60 31 53 53 25 25 25 60 66 25 25 25 35 31
split_gain=1.49061 1.02827 0.736095 0.753695 0.690113 0.929397 0.956749 0.798978 0.678946 0.646498 0.622453 0.612609 1.08929 1.31797 0.485281 0.766721 3.11811 0.873151 0.57141 2.66019 6.60472 13.2521 1.20538 1.09336 1.27772 1.2143 1.79818 1.1452 1.33735 0.971873
threshold=-2.773743629455566 1.0656911134719851 0.41759742796421057 0.28473690152168279 0.33949851989746099 -0.59593445062637318 -0.56900584697723378 0.86918583512306224 1.0964906215667727 1.0565259307622912 0.41759742796421057 0.22877789288759234 0.65717640519142162 1.2060654163360598 -1.7444763183593748 -0.64029768109321583 0.2801444679498673 1.4311000108718874 1.530218303203583 1.5468209385871889 1.0955748558044436 1.0898879766464236 -0.36876235902309412 0.24725124984979632 -0.64029768109321583 1.1185504794120791 1.0898327827453616 1.1806719899177553 0.30119888484478002 0.69113972783088695
decision_type=2 2 2 2 2 2 2 2 2 2 2 2 2 2 2 2 2 2 2 2 2 2 2 2 2 2 2 2 2 2
left_child=-1 2 4 11 5 6 9 -8 -6 14 -3 -4 -13 -14 15 16 17 -2 29 20 21 -20 -21 -24 -25 26 -26 -27 -29 -16
right_child=1 10 3 -5 8 -7 7 -9 -10 -11 -12 12 13 -15 18 -17 -18 -19 19 22 -22 -23 23 24 25 27 -28 28 -30 -31
leaf_value=0.10000602804700583 -0.062671491746207578 0.10448672408593991 -0.087296322294293946 0.10004093111810593 -0.076568688355396639 0.10011023040365369 -0.094702654741580947 0.088367169184497649 0.02908710452548588 0.10087990504539508 -0.091726010894253668 0.099199868319522475 -0.083249535050111123 0.076674752245818767 0.0023427420056191333 -0.1000438615143997 0.13822816800263893 0.068120582792339748 -0.049244916817172003 0.12637353714255958 -0.012753774006241052 1.2351119338000143 -0.060443436669498668 0.10687439096025514 0.029647579246912484 0.114912849115247 -0.10303998696888653 0.048287667903724921 -0.10399267036175899 -0.034335515520629252
leaf_weight=1.4732950925827015 4.1627714945425396 0.17812215215235383 0.5180606017747772 1.3730547609375205 2.2746324354338863 0.91121244014175218 1.7362677524433814 0.27634013033821236 0.8301805531446006 0.63274750116033729 1.7513424536446107 1.356757307527005 1.2188662541739179 0.89277610513090611 58.954976732085925 1.1601703406631703 1.1296619404529336 0.58174997392052308 0.17250400018383416 0.81085008423542504 0.59567872327897931 0.15036050486378372 2.3675862798190765 1.3182782977819414 2.0107168337490311 1.3451638780534265 2.0757041955366731 1.9054818743607032 0.82701358757913102 8.2331139765847166
leaf_count=28074 1853 20 61 10445 573 3848 2519 92 662 564 6751 1229 504 2148 13328 249 1814 637 64 46 150 17 805 1784 42 36 99 45 36 1505
internal_value=0.000140345 -0.00130564 9.19733e-05 0.0361433 -0.00195345 -0.000377757 -0.00139013 -0.0695663 -0.0483179 0.000161439 -0.0736123 0.014135 0.0292854 -0.0156355 -0.000564393 -0.0257557 -0.0110836 -0.0466344 0.00162962 0.0203391 0.184662 0.54889 0.00841748 0.000346165 0.0155243 0.000773742 -0.0377513 0.0393815 0.0021987 -0.00215175
internal_weight=103.225 101.752 99.8227 5.35952 94.4632 91.3584 90.4471 2.01261 3.10481 88.4345 1.92946 3.98646 3.4684 2.11164 87.8018 7.03435 5.87418 4.74452 80.7674 13.5793 0.918543 0.322865 12.6608 11.8499 9.48236 8.16408 4.08642 4.07766 2.7325 67.1881
internal_count=80000 51926 45155 14387 30768 29533 25685 2611 1235 23074 6771 3942 3881 2652 22510 4553 4304 2490 17957 3124 231 81 2893 2847 2042 258 141 117 81 14833
is_linear=0
shrinkage=0.1


Tree=84
num_leaves=31
num_cat=0
split_feature=60 55 59 59 25 45 76 59 59 59 59 25 59 60 25 25 60 25 79 22 31 25 25 25 53 25 25 25 32 25
split_gain=1.35186 0.958424 0.643958 1.52952 0.900949 1.12434 1.28849 0.680178 1.79694 1.36541 1.13873 1.01294 1.42297 0.884338 1.37964 0.908479 0.940108 0.748033 0.709524 0.682786 0.859359 0.730956 1.53773 2.95008 0.989315 0.6968 0.661556 2.25624 2.47474 2.29318
threshold=-2.773743629455566 1.9592249989509585 1.0956761837005617 1.5065404176712038 1.1806719899177553 1.3439285755157473 -0.61681210994720448 0.5151117891073228 0.13478758186101916 0.88845559954643261 1.0045561492443087 1.0000000180025095e-35 0.91707691550254833 -0.14161088317632672 1.0977625846862795 1.099137604236603 -0.16840299963951108 1.2559955120086672 0.75039881467819225 2.4160162210464482 0.83387354016304027 1.2686499357223513 1.1188609600067141 1.1185504794120791 1.6896445751190188 1.0903177261352541 1.2158478498458865 1.1975600719451907 -1.671649098396301 1.2070342898368838
decision_type=2 2 2 2 2 2 2 2 2 2 2 2 2 2 2 2 2 2 2 2 2 2 2 2 2 2 2 2 2 2
left_child=-1 2 7 -4 5 6 -5 8 19 17 11 12 -11 15 -15 -12 -17 18 -9 20 26 22 23 24 -22 -26 27 -2 -29 -30
right_child=1 -3 3 4 -6 -7 -8 9 -10 10 13 -13 -14 14 -16 16 -18 -19 -20 -21 21 -23 -24 -25 25 -27 -28 28 29 -31
leaf_value=0.10000481093731724 -0.002690794936475057 -0.081247685621960997 0.10494688939834376 -0.062150956648387948 0.1047591743434684 0.082520636456860239 0.10119065176508368 -0.075955184182478694 0.078036547244659984 0.10297048869872819 0.057245475145552838 0.10398684786106838 -0.10081875628822708 -0.064625814463722953 0.10108282038707855 0.10010404030527505 -0.11134423344398876 0.10078213223263821 0.049796887337213415 -0.08166141638452877 -0.086809272690876085 0.15722212043146713 -0.085033673643539226 0.4745298322232423 0.10083371149001193 -0.062368221685879632 -0.031920092467006021 0.48570871772454327 0.19836039552796164 -0.090291449501928953
leaf_weight=1.3330998420715321 61.032316796149871 1.4797133885003848 1.9216750720952394 3.3030884381150827 0.73316261915897474 0.96228987930226129 0.56563477992313016 5.4082856533277646 2.9286658035271094 0.61216336337383859 0.51870896826585555 1.7001521704951299 0.77820682525634766 0.93158968941861564 1.0906346274059613 0.2345387145323915 2.0317465967164026 0.28346510388655577 0.48927081119472848 1.0558905991056224 0.49097805339261036 0.50550291952094983 0.88441962853539724 0.16689969692379225 1.5293412633400292 0.31559874456434034 7.2047772188475383 0.1703913835226557 0.65387363272247856 0.47527678683400154
leaf_count=28074 11840 5103 6088 415 1935 1477 2191 2939 7203 298 17 1663 176 152 767 377 17 520 233 539 133 2129 372 6 786 279 4082 14 59 116
internal_value=-3.46729e-05 -0.00136222 -0.000167941 0.0280309 0.00146673 -0.0142091 -0.0382693 -0.00247514 0.00120183 -0.0226935 0.00485693 0.0522146 -0.0110928 -0.0255889 0.0247449 -0.062137 -0.0894614 -0.0578958 -0.0655226 -0.00181921 -0.000671104 0.0450516 0.0283115 0.0683643 0.039344 0.0729161 -0.00323071 8.54191e-05 0.130469 0.0768624
internal_weight=101.791 100.458 98.9785 7.48585 5.56418 4.83101 3.86872 91.4927 77.4139 14.0788 7.89774 3.09052 1.39037 4.80722 2.02222 2.78499 2.26629 6.18102 5.89756 74.4853 73.4294 3.89274 3.38724 2.50282 2.33592 1.84494 69.5366 62.3319 1.29954 1.12915
internal_count=80000 51926 46823 12106 6018 4083 2606 34717 27558 7159 3467 2137 474 1330 919 411 394 3692 3172 20355 19816 3705 1576 1204 1198 1065 16111 12029 189 175
is_linear=0
shrinkage=0.1


Tree=85
num_leaves=31
num_cat=0
split_feature=60 6 60 25 25 31 63 25 31 75 57 35 57 34 25 35 59 45 80 46 41 46 25 16 35 46 46 13 35 42
split_gain=1.22244 0.852818 0.621953 0.600568 0.850633 1.05556 0.876518 0.545197 1.02015 0.523961 0.51958 0.608062 0.614136 0.851727 0.9601 0.735519 0.734061 0.886694 0.619652 0.573147 1.11625 0.887996 1.20376 0.788103 0.728098 0.68214 1.95888 1.46969 1.29927 1.19217
threshold=-2.773743629455566 1.0639332532882693 1.7683537006378176 2.0987963676452641 2.1272950172424321 0.69904646277427684 1.0000000180025095e-35 3.4696265459060673 0.6754402518272401 1.8315958976745608 1.4827860593795779 4.7562522888183603 1.0273156166076662 0.80959036946296703 0.54497653245925914 1.43658983707428 0.90330219268798839 1.3334997296333315 1.601990342140198 0.26299220323562628 0.69842341542243969 0.28566324710845953 1.1690710783004763 1.1746245026588442 1.0383262038230898 0.1932875141501427 0.031758217141032226 1.1004428863525393 1.0383262038230898 -1.0000000180025095e-35
decision_type=2 2 2 2 2 2 2 2 2 2 2 2 2 2 2 2 2 2 2 2 2 2 2 2 2 2 2 2 2 2
left_child=-1 2 3 9 5 -5 -6 -8 -9 10 11 12 13 15 16 18 -15 -18 19 20 25 -21 23 -23 -24 26 29 28 -27 -2
right_child=1 -3 -4 4 6 -7 7 8 -10 -11 -12 -13 -14 14 -16 -17 17 -19 -20 21 -22 22 24 -25 -26 27 -28 -29 -30 -31
leaf_value=0.10000418038179437 -0.0011066168990569224 -0.08920660865282215 0.10094259342223029 -0.082093082041711701 0.10148278186670012 0.32540625822557917 -0.092679837199263884 -0.10184523014811991 0.15392767608514912 0.1075833240643118 -0.065007214267403121 0.096288747032431315 0.05332892316961995 -0.073031143643384352 0.10163258919094692 0.079509701035448632 -0.084868460454636335 0.077864040552705238 -0.086253444276029489 0.13664017417580637 -0.079768554653760468 0.05022922993745263 -0.10093810030322488 -0.075560110026749602 0.11446936593457323 -0.14544927057441573 0.082361212226650493 0.054255912050489463 0.091417353679021318 -0.078781117178418056
leaf_weight=1.2062422037124623 66.141359247634668 1.0908610839396704 0.60308267246000369 0.090446582701360412 0.89606691609515121 0.21388859142030014 0.64006738646276062 0.28443142610922223 0.34518452900374541 0.4327933339154687 1.3195691996224912 0.62754481090814707 1.9304824157479732 4.0963018844231547 0.44089866321155557 1.1168977298293601 0.56720728630170902 0.81728672734607244 0.86758535225817368 0.65693923026628809 1.8883750664208481 4.5565437105506135 1.1275381052837472 0.55920219426479878 0.18228435493074346 1.4157744561853172 2.7697762016250627 0.85319432569667686 0.27686025435104955 2.0368233049705529
leaf_count=28074 17093 5448 3222 50 3391 32 134 34 17 1988 2838 42 3773 866 821 846 114 1148 2202 122 464 5855 271 404 3 196 242 6 7 297
internal_value=-5.6217e-05 -0.00127729 -0.000296067 -0.000924522 0.0477535 0.2043 0.0257553 -0.0276887 0.0383813 -0.00219445 -0.00269856 -0.00181379 -0.00248078 -0.00367297 -0.0403345 -0.00110221 -0.051755 0.0111949 -0.00218265 -0.00129817 -0.00385356 0.0259 0.0145781 0.0364792 -0.0709604 -0.00190298 -7.80042e-05 -0.0527619 -0.106706 -0.00342714
internal_weight=100.052 98.8453 97.7544 97.1513 2.47009 0.304335 2.16575 1.26968 0.629616 94.6812 94.2484 92.9289 92.3013 90.3708 5.92169 84.4492 5.4808 1.38449 83.3323 82.4647 75.3822 7.08251 6.42557 5.11575 1.30982 73.4938 70.948 2.54583 1.69263 68.1782
internal_count=80000 51926 46478 43256 3658 82 3576 185 51 39598 37610 34772 34730 30957 2949 28008 2128 1262 27162 24960 18305 6655 6533 6259 274 17841 17632 209 203 17390
is_linear=0
shrinkage=0.1


Tree=86
num_leaves=31
num_cat=0
split_feature=60 21 49 7 75 65 74 35 31 35 25 25 25 25 35 25 25 22 33 25 25 33 31 35 25 25 25 25 25 34
split_gain=1.10508 0.777103 0.622107 0.637284 0.559959 0.567497 1.32699 1.07346 1.16286 1.20082 1.55089 2.74 1.75285 1.43935 2.63971 1.60045 1.37552 1.558 1.27899 1.24122 7.15214 5.51928 1.86218 2.42507 2.3973 2.08539 6.70601 1.449 2.15002 1.38473
threshold=-2.773743629455566 1.0656911134719851 1.1266816258430483 1.6519440412521365 1.2188317179679873 -0.64025864005088795 -1.0000000180025095e-35 1.0383262038230898 0.66447076201438915 0.54743602871894848 1.099657475948334 1.092933773994446 1.0905905961990359 1.1604011058807375 0.55619794130325328 2.933721780776978 1.0898584723472597 1.8135967254638674 -1.449691593647003 1.1025539040565493 1.1170971393585207 -1.6067717671394346 0.72274863719940197 0.33485178649425512 1.0946100950241091 1.0899156928062441 1.0898879766464236 1.0898327827453616 1.0895789861679079 -1.6936066150665281
decision_type=2 2 2 2 2 2 2 2 2 2 2 2 2 2 2 2 2 2 2 2 2 2 2 2 2 2 2 2 2 2
left_child=-1 2 3 4 5 6 -2 8 -7 19 11 12 16 -12 -15 18 17 -11 -16 22 21 -21 -10 27 25 26 -25 28 29 -24
right_child=1 -3 -4 -5 -6 7 -8 -9 9 10 13 -13 -14 14 15 -17 -18 -19 -20 20 -22 -23 23 24 -26 -27 -28 -29 -30 -31
leaf_value=0.10000365885891659 0.0033194092199686359 -0.071740639598840153 0.044520013951475215 -0.10095100916196816 0.094366742399876455 -0.031884798227162163 0.096546983599272218 0.083362114453564617 -0.10035579606374645 0.075186439465106225 -0.10583716739539402 0.18623023349211901 -0.10361510930969849 0.20190765409277456 -0.10420572122396504 0.19324453647316925 0.11735715001042538 -0.10475395130619783 0.067979577496474083 -0.10046956967597021 -0.0063553198066539198 0.72134526110906771 0.056464958792986499 -0.053478041536166636 0.48868827776282153 -0.10311355609938377 0.96462044028323146 -0.098782058967921069 0.16992169456423228 -0.089443832298582174
leaf_weight=1.0914635658264149 43.104852268472307 1.5362162438104849 3.0327359802249694 0.63995237364360846 0.613981812257406 17.461023534947806 1.5828558419598255 1.2227933498070331 3.2913886402348052 1.0945739029593808 1.2903782799839971 1.3552957561914807 0.86716313660144795 0.63349425042179097 1.5645438767969615 0.29057902628846921 1.7945353165268896 0.85865482687950123 0.59562742576235894 0.12306651243125089 8.2201187722203013 0.24324770129169238 1.0842304494581188 0.21300172581686627 0.16889470443129539 0.34399983173352666 0.09292072057723999 2.0144440338190179 0.6623179169546346 1.6256772204797019
leaf_count=28074 17740 6771 9800 120 2320 7800 2193 248 762 65 33 23 26 10 53 21 40 21 111 32 2736 43 295 122 11 18 1 381 25 105
internal_value=-6.02051e-05 -0.00117896 -5.08324e-05 -0.00150345 -0.000814792 -0.00145139 0.00662157 -0.00910894 -0.011573 0.000902858 0.0280761 0.06122 0.0245074 -0.0171566 0.0199453 -0.0270901 0.0541526 -0.00391678 -0.0567288 -0.014642 0.012911 0.445249 -0.0395537 -0.00730424 0.153036 0.0658098 0.255759 -0.0316772 0.00840881 -0.0310659
internal_weight=98.714 97.6226 96.0863 93.0536 92.4137 91.7997 44.6877 47.112 45.8892 28.4282 10.3448 5.97022 4.61493 4.37462 3.08424 2.45075 3.74776 1.95323 2.16017 18.0833 8.58643 0.366314 9.49688 6.20549 0.818817 0.649922 0.305922 5.38667 3.37223 2.70991
internal_count=80000 51926 45155 35355 35235 32915 19933 12982 12734 4934 403 175 152 228 195 185 126 86 164 4531 2811 75 1720 958 152 141 123 806 425 400
is_linear=0
shrinkage=0.1


Tree=87
num_leaves=31
num_cat=0
split_feature=60 55 60 75 25 25 18 25 25 32 33 25 31 25 25 35 53 33 53 31 37 22 35 22 35 15 46 31 25 35
split_gain=1.00366 0.710814 0.554252 0.479292 0.475808 3.41079 1.79701 1.50894 2.05494 1.58325 4.58233 2.99436 2.52773 1.37303 1.69317 1.32384 1.18913 1.28545 3.31315 1.45186 1.348 1.03614 1.72229 1.10948 0.93589 0.988862 1.75271 1.04799 1.87894 11.4116
threshold=-2.773743629455566 2.3677953481674199 1.7683537006378176 1.895476281642914 0.53643253445625316 0.93434223532676708 -0.75216507911682118 1.0892196893692019 1.0899156928062441 -1.4790147542953489 -1.449691593647003 1.0898327827453616 0.65501955151557933 1.092933773994446 1.0931684970855715 0.54743602871894848 1.4124126434326174 -1.671649098396301 1.530218303203583 0.85254588723182689 1.4721388220787051 1.1148134469985964 0.27243846654891973 0.87404790520668041 1.0383262038230898 0.41099163889884954 0.24738673120737079 0.6754402518272401 1.0978460907936098 0.68397220969200145
decision_type=2 2 2 2 2 2 2 2 2 2 2 2 2 2 2 2 2 2 2 2 2 2 2 2 2 2 2 2 2 2
left_child=-1 2 3 4 -2 21 -7 -8 9 16 -11 -12 -13 -10 15 -15 -9 19 20 -18 -19 23 -23 -6 25 26 27 28 29 -16
right_child=1 -3 -4 -5 5 6 7 8 13 10 11 12 -14 14 24 -17 17 18 -20 -21 -22 22 -24 -25 -26 -27 -28 -29 -30 -31
leaf_value=0.10000372379282725 -0.0093010600422610158 -0.078619070731155108 0.10083925574702211 0.10917625148360664 0.10082546451970686 0.082235659142504303 -0.097387557915058556 -0.10599532129279179 -0.05457923041249764 0.7538634325572815 -0.10109017432080102 -0.095772672811870838 0.37772096984584647 -0.075013407032316237 -0.098299479314017904 0.21376441012241557 -0.11192478739991532 0.14851295103924977 0.34813481439258082 0.14203396436266866 -0.10076749039134061 0.11577548838871599 -0.10105259737254774 0.33156831653453572 0.10985471558554555 -0.10679950804029842 0.15837447508333752 0.0058788271273660991 -0.038705625730375316 1.3230337324555903
leaf_weight=0.98759698867797752 42.266790313247157 1.1751466738714942 0.53804653821862203 0.39363069974569853 3.0954458161286307 2.3463682984001855 1.7941532041441011 0.55685805069515515 6.0458772860147283 0.11833045902312722 0.43603422396699787 0.15546374463883694 0.41032118735893164 0.21453633288910978 0.26974404973589727 0.61046684869506862 0.67928870878677139 0.39141305873636134 0.43389013447449543 0.3366866343349102 0.48661647210246883 0.79292466984770704 0.68091520873713307 0.22342437561019313 0.67845575635510513 0.99824774764783697 0.63783126034104398 18.455508712555456 11.755904886238566 0.0714500603498891
leaf_count=28074 13803 4864 3178 1767 10219 8554 377 22 1352 58 70 63 15 49 70 20 30 9 31 34 131 132 74 35 34 624 271 3665 2354 21
internal_value=-0.000297136 -0.00131782 -0.000370326 -0.000941517 -0.00139806 0.00494322 -0.0031072 -0.00750462 -0.003818 0.0644556 0.165356 0.0958446 0.247617 -0.0106988 -0.00282468 0.13867 0.0252758 0.0566773 0.122071 -0.0277648 0.0103582 0.0853741 0.0156007 0.116359 -0.00637635 -0.0088262 -0.00569058 -0.00911568 -0.0319915 0.199344
internal_weight=98.0374 97.0498 95.8746 95.3366 94.9429 52.6762 47.8834 45.5371 43.7429 4.0049 1.12015 1.00182 0.565785 39.738 33.6921 0.825003 2.88475 2.3279 1.31192 1.01598 0.87803 4.79271 1.47384 3.31887 32.8671 32.1887 31.1904 30.5526 12.0971 0.341194
internal_count=80000 51926 47062 43884 42117 28314 17854 9300 8923 463 206 148 78 8460 7108 69 257 235 171 64 140 10460 206 10254 7039 7005 6381 6110 2445 91
is_linear=0
shrinkage=0.1


Tree=88
num_leaves=31
num_cat=0
split_feature=60 18 11 25 45 65 60 45 59 25 45 75 53 60 22 37 77 45 34 60 60 25 60 60 33 32 47 25 63 25
split_gain=0.910057 0.675675 0.540926 0.621885 0.517786 0.494338 1.21437 2.07933 1.56957 1.64483 1.15736 1.1041 1.08951 1.50631 1.02634 1.12488 0.963738 0.937859 1.09868 0.997775 1.36982 1.63571 0.961068 2.89263 1.29017 1.17667 1.0954 0.897981 1.71427 1.11583
threshold=-2.773743629455566 1.0197916626930239 0.38441720604896551 0.28473690152168279 1.3003013134002688 -0.64025864005088795 0.25064854323863989 0.8065604865550996 1.0045561492443087 1.0977625846862795 1.3220438957214358 0.66915827989578258 1.5468209385871889 -0.16840299963951108 1.9409430623054507 1.4464507102966311 -0.80622786283493031 0.76639157533645641 -0.56294512748718251 -0.23269558697938916 -0.13110261410474774 -2.7895711660385127 -0.12642072513699529 0.24532324075698855 0.65142241120338451 -0.8892439305782317 0.079180054366588606 0.53643253445625316 1.0000000180025095e-35 1.2158478498458865
decision_type=2 2 2 2 2 2 2 2 2 2 2 2 2 2 2 2 2 2 2 2 2 2 2 2 2 2 2 2 2 2
left_child=-1 2 5 4 -4 6 11 8 -8 -10 -9 12 14 -14 15 16 17 18 -2 -19 21 -21 26 24 -24 -25 -22 -7 -29 -30
right_child=1 -3 3 -5 -6 27 7 10 9 -11 -12 -13 13 -15 -16 -17 -18 19 -20 20 22 -23 23 25 -26 -27 -28 28 29 -31
leaf_value=0.10000257462304785 0.028198255617976342 -0.070351380771596847 -0.0018776906405957514 0.10009205202268293 0.099972971252185613 -0.048542557647071216 0.11424163817889953 -0.079887015180950871 -0.061064259459634777 0.10052715041665639 0.018187476528887393 -0.095927472396933139 0.10170877737350213 -0.052586638432660648 0.10015961118923654 -0.084271133824545333 -0.094424341550834331 -0.099171800504786342 0.14259010316112355 -0.1686023114223317 -0.05505907243867772 0.10653682675744541 0.11572035306993816 0.066867334089230165 -0.049065058820796217 -0.073929720047037212 0.12931497241908593 0.10172227867492661 -0.00065831881370382629 -0.045460724733853243
leaf_weight=0.89362180233001609 4.9414253537706871 1.3997142855077971 3.3212314449301625 1.0505882333745828 0.58742272731615219 5.2047473149159478 3.6908740797152841 1.7026726540861998 1.390667159947043 1.1515076696232425 4.102181249356363 1.2754549045566808 0.70656757395772718 6.0533406435824864 1.1741385020832229 1.3494685561781796 0.8514775158182698 0.93833436189743125 1.0114798848862863 0.24133020639419589 4.3604539202206052 2.0645911967731072 2.6427399003041505 0.75070756312925402 0.57926889775262669 2.8355466382345185 0.34794692833384022 1.4666428505006468 32.117753222846659 6.7225335745752082
leaf_count=28074 2047 7515 2702 10040 1165 1534 4766 533 353 2033 1639 843 1568 1712 446 368 747 438 660 1 273 181 676 4 26 147 14 4774 3702 1019
internal_value=-0.000446543 -0.00138126 -0.000361126 0.0317883 0.0134292 -0.00213909 0.0053982 0.0324871 0.0725952 0.0121304 -0.0105796 -0.00475279 -0.000983139 -0.0364592 0.00897226 0.00429988 0.00984229 0.0141284 0.047635 0.000615519 0.0073895 0.0777417 -0.00669675 0.0173265 0.0860944 -0.0444568 -0.041434 -0.00945288 -0.00440531 -0.00841278
internal_weight=96.9264 96.0328 94.6331 4.95924 3.90865 89.6739 44.1622 12.0379 6.23305 2.54217 5.80485 32.1243 30.8488 6.75991 24.0889 22.9148 21.5653 20.7138 5.95291 14.7609 13.8226 2.30592 11.5167 6.80826 3.22201 3.58625 4.7084 45.5117 40.3069 38.8403
internal_count=80000 51926 44411 13907 3867 30504 19475 9324 7152 2386 2172 10151 9308 3280 6028 5582 5214 4467 2707 1760 1322 182 1140 853 702 151 287 11029 9495 4721
is_linear=0
shrinkage=0.1


Tree=89
num_leaves=31
num_cat=0
split_feature=60 57 12 16 49 47 35 13 35 22 25 25 19 35 25 25 33 35 32 25 35 53 63 25 25 60 25 35 25 35
split_gain=0.821707 0.623125 0.655634 0.62699 0.574007 0.548106 0.532674 0.49854 0.923441 0.659987 0.499277 0.481636 1.48595 1.01531 0.827562 2.05925 4.51236 2.05118 1.41023 1.85876 1.19197 1.42537 1.16244 1.94865 0.770897 0.749035 0.740651 2.4627 1.5322 7.65969
threshold=-2.773743629455566 1.6377367973327639 1.2060654163360598 1.1508105993270876 1.0997163057327273 0.19317182153463366 4.7562522888183603 1.1004428863525393 0.99724403023719799 -0.35650409758090967 1.8982832431793215 1.1690710783004763 -0.6678791046142577 1.0383262038230898 1.1975600719451907 1.2158478498458865 -1.6938524246215818 0.98710462450981151 -1.5175569653511045 1.2070342898368838 0.30119888484478002 1.6182277798652651 1.0000000180025095e-35 1.4529052376747134 1.4209433794021609 -0.13444277644157407 1.1304746270179751 0.55619794130325328 1.1344109773635866 0.5372624695301057
decision_type=2 2 2 2 2 2 2 2 2 2 2 2 2 2 2 2 2 2 2 2 2 2 2 2 2 2 2 2 2 2
left_child=-1 2 3 4 6 -6 7 10 9 -9 11 26 -13 14 17 16 -16 -14 -18 -20 21 24 23 -22 -17 -25 -2 28 29 -28
right_child=1 -3 -4 -5 5 -7 -8 8 -10 -11 -12 12 13 -15 15 20 18 -19 19 -21 22 -23 -24 25 -26 -27 27 -29 -30 -31
leaf_value=0.10000200503736152 -0.0024048639054986415 -0.065620370529885813 0.07403837682089659 -0.072061780188894434 -0.075287533397497275 0.079038370813116002 0.09167739910573236 0.090351771549447887 0.1338711293634097 -0.1181813759030646 0.042440346382204633 0.10024729430477318 -0.11892115354972287 0.11150911169665008 0.64265119636473234 0.055116139568383939 -0.082976894815217583 -0.01074500236131838 0.22113995628057351 -0.092223232152778445 0.10871218745314398 -0.011186668781306655 -0.091923815003183029 -0.091015217747661886 0.29807251697443404 0.10117821850195058 -0.084572354610543229 -0.091743444322489556 0.080374254617035554 1.1418860145366219
leaf_weight=0.80858659744262595 61.807837267503601 1.4796308031618526 1.1742481550154469 1.2305230471192761 0.27101689859045919 1.525731756340974 0.61140112183056672 0.25994446792537929 0.73689165408359258 0.36470356507015711 2.3576083634252418 1.0012555524008373 2.9593494907239863 0.52908405521884461 0.13724019471555937 0.26068702478369088 0.55116011155769218 4.2993614077568054 0.59449515445157786 0.27771510183811188 0.980005100500421 1.7671598987653849 3.4066954934387468 1.5789383484079733 0.26171058282488957 0.23266017535934214 0.14037541334982906 0.85269517721462751 1.7368650883436201 0.079909823834896088
leaf_count=28074 21388 5973 5765 968 303 4120 186 253 46 225 3665 5220 387 15 26 365 79 18 30 55 524 483 641 258 218 190 59 165 299 2
internal_value=-0.000372782 -0.00124113 -0.000205578 -0.00116558 -0.000191737 0.0557603 -0.00133693 -0.00198929 0.0580474 -0.0314012 -0.00294186 -0.0042239 -0.018294 -0.0249484 -0.0291199 -0.0105348 0.095039 -0.054848 0.0422387 0.121364 -0.029946 0.0317127 -0.0527218 -0.00488206 0.176832 -0.0663322 -0.000122155 0.0500903 0.111885 0.360333
internal_weight=94.2755 93.4669 91.9873 90.813 89.5825 1.79675 87.7857 87.1743 1.36154 0.624648 85.8128 83.4552 18.8375 17.8363 17.3072 10.0485 1.56061 7.25871 1.42337 0.87221 8.48786 2.28956 6.1983 2.7916 0.522398 1.8116 64.6177 2.80985 1.95715 0.220285
internal_count=80000 51926 45953 40188 39220 4423 34797 34611 524 478 34087 30422 8509 3289 3274 2869 190 405 164 85 2679 1066 1613 972 583 448 21913 525 360 61
is_linear=0
shrinkage=0.1


Tree=90
num_leaves=31
num_cat=0
split_feature=60 18 59 59 25 45 70 25 22 35 60 60 60 35 60 35 44 15 25 59 45 45 35 32 37 60 60 35 35 25
split_gain=0.744169 0.595786 0.485448 1.31546 0.695443 0.879525 0.915857 1.4042 0.527406 0.868143 0.50689 2.86417 1.14525 2.27497 1.2487 1.17544 2.90893 0.981262 0.915994 2.24364 1.49128 2.15521 1.11233 5.72956 1.05515 0.908469 1.10837 0.854339 0.843447 0.739445
threshold=-2.773743629455566 1.1931915879249575 1.0956761837005617 1.5065404176712038 1.1806719899177553 1.3281593322753908 -0.70302620530128468 1.0946100950241091 2.4160162210464482 0.18037804961204532 0.2386014983057976 0.24532324075698855 0.25064854323863989 0.18037804961204532 0.33431425690650945 0.78418299555778515 -0.10045615211129187 1.0770916938781741 0.28473690152168279 1.0045561492443087 0.25360640883445745 0.6650977134704591 0.91134798526763927 -0.73740717768669117 1.3744844794273379 -0.23269558697938916 -0.13287790864706037 1.4249417781829836 1.0859044790267947 1.4529052376747134
decision_type=2 2 2 2 2 2 2 2 2 2 2 2 2 2 2 2 2 2 2 2 2 2 2 2 2 2 2 2 2 2
left_child=-1 2 8 -4 5 6 -5 -8 10 -10 18 -12 15 17 -15 -13 -17 -14 20 -20 -2 24 -23 -24 -22 -25 27 -27 -18 -21
right_child=1 -3 3 4 -6 -7 7 -9 9 -11 11 12 13 14 -16 16 28 -19 19 29 21 22 23 25 -26 26 -28 -29 -30 -31
leaf_value=0.1000024358751786 -0.073610638835292161 -0.091622943854320057 0.10497494306259414 -0.086892928072168793 0.10391157185526001 0.074255365467000109 0.10475007528840126 -0.083003220055588245 0.0097604181406313953 -0.10829841959061921 0.1173133299627997 -0.10427068685983741 0.10527563624803045 0.085024433426137261 -0.0045308647166628002 0.10260961333901526 -0.10469514360750146 -0.019747553019242289 0.10308858654575255 0.036970595323555032 0.14494024593803267 -0.073931617802903207 0.6445731685245939 -0.11658551558989383 0.0068617284198107479 0.10724606976777472 -0.034228429622580894 -0.021434203948944627 0.017741072047905308 -0.075834841065077846
leaf_weight=0.73163801431655784 4.5967989324087801 0.72374604758806427 1.5870557562884631 1.7663160727825014 0.56872479859157454 0.89572558666259272 0.85748208007134985 0.7439258560698363 1.2764257808667019 1.2164785005152223 2.134387966070789 1.9992076927737787 2.9833971687075969 1.6100979055900086 47.175801485764168 1.4700417371932415 2.0399927622565888 0.79507669072700071 2.0580002290735129 0.88637151649163604 1.2156639986787916 3.3250764088297711 0.13370986492372949 0.79938101070001621 1.0159237427869809 1.2682527459110127 4.0168842665443689 0.86979801661800582 0.77693640001962183 1.6871977503324158
leaf_count=28074 3311 4986 6098 267 1935 1499 2236 80 450 365 140 1098 6883 1323 10332 39 123 2353 5516 206 242 831 4 12 153 86 826 54 35 443
internal_value=-0.00045377 -0.00124839 -0.000535651 0.0259849 4.18474e-05 -0.0138139 -0.037238 0.0175302 -0.00253026 -0.0478495 -0.00116677 0.00351741 -0.000609736 0.00421443 -0.00157524 -0.0409489 -0.0114191 0.0789679 -0.0142268 0.0252566 -0.0248333 -0.00710093 -0.026213 -0.00382764 0.0820804 -0.0162944 -0.00326891 0.0548966 -0.070926 -0.0369831
internal_weight=93.2255 92.4939 91.7701 6.41923 4.83217 4.26345 3.36772 1.60141 85.3509 2.4929 82.858 60.9849 58.8506 52.5644 48.7859 6.28618 4.28697 3.77847 21.8731 4.63157 17.2415 12.6447 10.4131 7.08803 2.23159 6.95432 6.15494 2.13805 2.81693 2.57357
internal_count=80000 51926 46940 12115 6017 4082 2583 2316 34825 815 34010 22326 22186 20891 11655 1295 197 9236 11684 6165 5519 2208 1813 982 395 978 966 140 158 649
is_linear=0
shrinkage=0.1


Tree=91
num_leaves=31
num_cat=0
split_feature=60 6 80 60 46 59 25 32 53 60 59 59 25 78 45 60 22 45 35 25 25 25 25 25 53 60 78 48 34 25
split_gain=0.672698 0.538182 0.486946 1.27601 1.15347 1.01679 0.860754 0.841638 0.851243 1.30819 0.803887 1.12659 1.07518 0.769918 0.629627 0.596777 0.596337 1.05442 0.593063 0.82209 0.773175 1.99678 0.603055 4.4679 0.876103 0.759599 1.26128 0.718706 0.591449 0.968885
threshold=-2.773743629455566 1.0639332532882693 -1.0000000180025095e-35 0.24725124984979632 0.08812305331230165 0.5151117891073228 0.28473690152168279 -1.7444763183593748 2.5873686075210576 0.25064854323863989 0.88845559954643261 1.0045561492443087 1.0913319587707522 1.0000000180025095e-35 1.2633432745933535 -0.16840299963951108 0.085783630609512343 0.23808953166007998 0.27634657919406896 1.3121730089187624 1.1188609600067141 1.1185504794120791 -0.64004142582416523 -0.36876235902309412 1.6532971262931826 -0.13110261410474774 1.0000000180025095e-35 1.0000000180025095e-35 -1.6936066150665281 1.0888832807540896
decision_type=2 2 2 2 2 2 2 2 2 2 2 2 2 2 2 2 2 2 2 2 2 2 2 2 2 2 2 2 2 2
left_child=-1 2 3 4 5 14 -6 8 -4 -10 13 -12 -13 -7 -2 -14 -5 -18 19 20 21 28 24 -24 -20 26 27 -25 29 -9
right_child=1 -3 7 16 6 10 -8 18 9 -11 11 12 15 -15 -16 -17 17 -19 22 -21 -22 -23 23 25 -26 -27 -28 -29 -30 -31
leaf_value=0.1000027010611389 0.093038369563726006 -0.084729517958521822 -0.071953183137336105 0.097906366069662437 -0.086813423133200895 -0.12164028880588329 0.10021446075023191 0.18293829154240981 -0.075261852200435866 0.22102740724566089 0.10584488003539934 0.10512811607921387 0.10010994487931596 0.10071731357234182 -0.0010025409362377561 -0.048333031414566678 0.072219082144553762 -0.046777889157301432 -0.082644675331151399 0.17018745731013341 -0.063386004605243323 0.3339433092035281 0.53335725228473962 0.10724005965708619 0.09735386585232525 -0.0069297487307460916 -0.041378608100606895 -0.09075560029874391 0.0017793860412174116 0.0078219986413716365
leaf_weight=0.66201364994048972 1.9839703936158932 0.76426591537892719 3.0746422034499115 2.0458100866489977 2.1318766471085833 0.97137210732034851 0.27818388375817438 0.5322790148493366 0.3311411066315485 0.27094966269942233 0.93108472181484092 0.62983570620781382 0.2946063123163184 0.18544738899799995 1.1104302192834437 3.3553911344133671 2.0426922166334411 1.1717868142150107 1.8563366755843085 0.37459654003032472 0.99400167759449676 0.21119784771872208 0.15502551407552445 1.9211935389539498 0.31651191622950126 56.019439762745627 1.1582122938343675 0.20267293222423166 4.0905193069081625 0.77740029941196553
leaf_count=28074 3302 5448 3405 8931 2816 165 1023 74 339 161 658 254 733 79 707 116 2286 1171 333 835 492 15 6 508 22 9961 1258 153 6408 267
internal_value=-0.000433036 -0.00117031 -0.000456128 0.0147019 -0.00346396 0.0122671 -0.0652255 -0.00404873 -0.0506605 0.0580727 -0.0105845 0.00615646 -0.0155309 -0.0859946 0.0592917 -0.0363516 0.0557014 0.0288406 -0.00155083 0.0260756 0.0179029 0.0323024 -0.00467974 -0.0027887 -0.0564249 -0.00419029 0.0425675 0.088346 0.0205055 0.0789926
internal_weight=90.8449 90.1829 89.4186 17.1325 11.8722 9.46214 2.41006 72.2861 3.67673 0.602091 6.36774 5.21092 4.27983 1.15682 3.0944 3.65 5.26029 3.21448 68.6094 6.97999 6.6054 5.6114 61.6294 59.4565 2.17285 59.3015 3.28208 2.12387 5.4002 1.30968
internal_count=80000 51926 46478 22241 9853 6014 3839 24237 3905 500 2005 1761 1103 244 4009 849 12388 3457 20332 8091 7256 6764 12241 11886 355 11880 1919 661 6749 341
is_linear=0
shrinkage=0.1


Tree=92
num_leaves=31
num_cat=0
split_feature=60 57 12 16 49 47 22 35 45 45 45 47 3 34 25 66 60 60 53 35 73 33 33 45 44 60 79 60 53 79
split_gain=0.607842 0.491345 0.534526 0.548625 0.475759 0.487459 0.465019 0.461931 0.481391 0.523183 0.452892 0.520975 1.80872 0.642257 0.563836 0.464142 1.09848 1.55333 1.72408 0.880525 0.874914 0.942902 1.11353 1.56615 3.33549 1.36253 1.05668 1.51731 0.915626 0.833453
threshold=-2.773743629455566 1.4827860593795779 1.2060654163360598 1.1884427666664126 1.1266816258430483 0.19317182153463366 -0.90520933270454396 4.7562522888183603 2.2328168153762822 2.1906985044479375 2.1696212291717534 1.2663033008575442 3.1352578401565556 1.0632785558700564 0.54497653245925914 -0.64029768109321583 0.24725124984979632 0.38768686354160314 1.4124126434326174 0.43498012423515325 0.66915827989578258 -0.5498782992362975 -0.55574032664299 1.0144852399826052 -0.067019443958997713 -0.16840299963951108 0.44102169573307043 -0.18699024617671964 0.24475888907909396 -2.7532243132591243
decision_type=2 2 2 2 2 2 2 2 2 2 2 2 2 2 2 2 2 2 2 2 2 2 2 2 2 2 2 2 2 2
left_child=-1 2 3 4 7 -6 -4 8 9 10 11 13 -13 15 -15 16 20 -18 19 -19 21 22 23 25 -25 -2 27 28 -23 -27
right_child=1 -3 6 -5 5 -7 -8 -9 -10 -11 -12 12 -14 14 -16 -17 17 18 -20 -21 -22 26 -24 24 -26 29 -28 -29 -30 -31
leaf_value=0.10000241794437117 0.10081927345906155 -0.059739094932411134 -0.09567312671174244 -0.078777008975750157 -0.07072372236710199 0.085394818089120694 0.099575323528882154 0.087941257268674161 -0.076899799673051467 0.10165928329295404 -0.065084129763612789 -0.083281270181240111 0.28877911038047194 -0.10010583888269145 0.10240915946462313 -0.0070913601697614632 0.094873574471157088 0.070075699842554739 0.10518849007061351 -0.054005848071950385 -0.094939914811732834 0.1066829295238223 -0.073019265857551627 0.42534546819379743 0.036571692659193432 -0.019417829014446754 -0.10065944561013006 0.1205250364586882 -0.069399008328635506 0.093126535700325225
leaf_weight=0.59901827573776145 1.0846202565044212 1.4048984974779148 0.14190110564231873 0.89689049067237547 0.24252966221683792 1.1405071448207307 0.86898689335430279 0.57841885555535455 0.84339549109426926 0.49379708568085234 1.1079457558407728 0.26701567775853519 0.25586479337653145 1.0523656607401779 0.15813854336738575 44.026471828117806 3.1952066347585042 0.7106834268815877 1.2791328223829621 2.9288450257809018 0.96378069684578704 0.42753759297193095 2.2217788787711497 0.2520948946475986 1.7709668837851484 16.117018699646 0.42732010781764973 2.0570137002414404 0.95491173097980209 0.68602011305301758
leaf_count=28074 3575 6442 114 553 272 3939 5414 183 89 73 142 284 7 488 33 15306 3835 495 2948 1672 631 418 276 15 189 2340 368 964 263 598
internal_value=-0.000392434 -0.00107153 -0.000125797 -0.000974189 -0.000155584 0.0580178 0.0721678 -0.00111499 -0.00173351 -0.000964516 -0.00158292 -0.00071258 0.0987817 -0.00136033 -0.0736496 -0.000254105 0.00832761 0.040587 0.00532196 -0.0297767 -0.00138006 0.00208816 -0.00587183 0.00162096 0.085017 -0.00781098 0.0476491 0.066075 -0.0149437 -0.014823
internal_weight=89.1551 88.5561 87.1512 86.1403 85.2434 1.38304 1.01089 83.8603 83.2819 82.4385 81.9447 80.8368 0.52288 80.3139 1.2105 79.1034 35.0769 8.11387 4.91866 3.63953 26.9631 25.9993 22.1325 19.9107 2.02306 17.8877 3.86678 3.43946 1.38245 16.803
internal_count=80000 51926 45484 39956 39403 4211 5528 35192 35009 34920 34847 34705 291 34414 521 33893 18587 8950 5115 2167 9637 9006 6993 6717 204 6513 2013 1645 681 2938
is_linear=0
shrinkage=0.1


Tree=93
num_leaves=31
num_cat=0
split_feature=60 18 60 52 7 4 57 35 80 25 25 63 31 22 35 25 25 22 22 59 25 0 25 31 34 25 22 25 35 25
split_gain=0.549111 0.46174 0.43529 0.407611 0.523336 0.480682 0.536094 0.539741 0.356393 0.341883 0.750305 0.620368 0.569279 0.483645 1.41865 0.389851 1.61343 0.675764 0.521911 0.493922 0.477794 2.3704 1.11434 2.00197 4.21494 1.17511 1.10144 1.24559 0.839719 0.727239
threshold=-2.773743629455566 1.1931915879249575 1.7683537006378176 1.808568060398102 1.6112651824951174 1.0000000180025095e-35 1.4827860593795779 4.7562522888183603 -1.0000000180025095e-35 2.0987963676452641 2.260757684707642 1.0000000180025095e-35 0.69904646277427684 1.8413604497909548 0.57090294361114513 1.4469669461250307 1.3861135244369509 1.5502061843872073 2.1485095024108891 1.0579559206962588 1.2158478498458865 -1.0000000180025095e-35 1.1975600719451907 0.81123885512352001 -1.671649098396301 1.1806719899177553 1.8821412324905398 1.2070342898368838 0.2678846567869187 1.3189533948898318
decision_type=2 2 2 2 2 2 2 2 2 2 2 2 2 2 2 2 2 2 2 2 2 2 2 2 2 2 2 2 2 2
left_child=-1 2 3 4 5 6 7 9 -6 15 12 -12 -11 14 -13 16 20 -17 -18 -19 22 28 25 26 -25 -2 27 -24 29 -22
right_child=1 -3 -4 -5 8 -7 -8 -9 -10 10 11 13 -14 -15 -16 17 18 19 -20 -21 21 -23 23 24 -26 -27 -28 -29 -30 -31
leaf_value=0.10000248529989103 -9.0308902180298367e-05 -0.088810595408676155 0.1005988455726184 0.096699125653350315 0.096830998748641761 0.098045802462906312 -0.08394866679794534 0.10598072232608302 -0.084228696042515566 -0.028729251209008256 0.10193883193291201 0.19631516325234119 0.23882470572124498 -0.1026658528687277 -0.10270906193660678 0.086970873827074635 0.081773215393173407 -0.072238671142108649 0.24820333179050502 0.10236300215728739 -0.071085572457507309 0.10223603849878669 0.17274990396508927 -0.081776126012087169 0.79727224853554468 -0.09235744553351731 -0.080095398846201191 -0.083620273507728479 -0.087123014671251428 0.15392789387125166
leaf_weight=0.54201304912567039 68.791309311159694 0.59424213785678048 0.42496937190298822 0.42615011298948857 0.12063116929493833 0.49304958502398122 0.77164108066426607 0.47589311189949413 1.1004530897007487 0.11063118937636263 0.51072102123725893 0.28071418145555072 0.28283320507944154 0.51441335399431409 0.36489675554912537 0.36653383380325921 0.583746857368168 2.1538475383968039 0.27822953357826918 0.17519593285760482 0.28141303319353062 1.0369146371085651 0.68702493348246096 0.10779731260845438 0.11041960219881719 1.4086042670023733 0.51085964968660846 0.261702761054039 3.3297322659636848 0.29337555612801225
leaf_count=28074 21764 4986 3234 2071 721 4655 2019 36 407 382 2612 21 230 63 30 1734 851 544 127 552 215 3204 33 59 5 426 88 67 708 82
internal_value=-0.000337557 -0.000963773 -0.000358555 -0.000858432 -0.00134523 -0.000402435 -0.000982442 -0.000210341 -0.0663418 -0.000823333 0.0393609 0.0101032 0.163596 -0.0303291 0.0273079 -0.00185533 -0.000557994 -0.039242 0.135494 -0.0591047 -0.00208461 -0.0321631 -1.67784e-05 0.0805228 0.36303 -0.00194171 0.0382864 0.102031 -0.0678552 0.0437627
internal_weight=87.39 86.8479 86.2537 85.8287 85.4026 84.1815 83.6885 82.9168 1.22108 82.4409 2.06421 1.67075 0.393464 1.16002 0.645611 80.3767 77.6811 2.69558 0.861976 2.32904 76.8192 4.94144 71.8777 1.6778 0.218217 70.1999 1.45959 0.948728 3.90452 0.574789
internal_count=80000 51926 46940 43706 41635 40507 35852 33833 1128 33797 3338 2726 612 114 51 30459 27629 2830 978 1096 26651 4209 22442 252 64 22190 188 100 1005 297
is_linear=0
shrinkage=0.1


Tree=94
num_leaves=31
num_cat=0
split_feature=60 19 25 6 76 26 78 59 25 25 63 31 22 35 59 32 80 25 53 60 60 31 31 53 25 25 37 25 25 25
split_gain=0.496835 0.419139 0.847817 0.836297 0.687029 0.647329 0.448793 0.41759 0.332729 0.580008 0.568031 0.451933 0.445285 1.15451 0.330845 0.310341 0.598427 1.36978 0.740215 0.991706 0.700357 0.497049 0.999756 1.61165 1.02494 4.784 2.06587 1.57631 3.39991 0.94043
threshold=-2.773743629455566 0.87114927172660839 0.28473690152168279 -0.019948946312069889 1.8685697317123415 1.0565259307622912 1.0000000180025095e-35 0.3927867859601975 2.0987963676452641 2.260757684707642 1.0000000180025095e-35 0.68439662456512462 1.8413604497909548 0.57090294361114513 1.1140356063842776 -1.7444763183593748 -1.0000000180025095e-35 1.0946100950241091 2.5873686075210576 0.25064854323863989 0.1515610218048096 0.77992159128189098 0.69113972783088695 1.5062574148178103 1.1690710783004763 1.1683437228202822 1.5985602736473086 1.0946100950241091 1.106489956378937 1.0899156928062441
decision_type=2 2 2 2 2 2 2 2 2 2 2 2 2 2 2 2 2 2 2 2 2 2 2 2 2 2 2 2 2 2
left_child=-1 3 4 5 7 8 -5 -3 15 11 -11 -10 13 -12 -9 16 17 -2 -18 -20 -19 22 -17 -24 25 26 27 29 -29 -25
right_child=1 2 -4 6 -6 -7 -8 14 9 10 12 -13 -14 -15 -16 21 18 20 19 -21 -22 -23 23 24 -26 -27 -28 28 -30 -31
leaf_value=0.10000260084029018 0.091909777582576943 0.10533992980495724 0.10058353416930391 0.096913801947317427 0.10312973741555574 0.10071380163084268 -0.10228594597755214 -0.10259228108195495 -0.024556481727025889 0.10168866050182204 0.1683199103618464 0.21289725104221313 -0.10216310365734511 -0.10225596659507358 0.10187423688312786 0.00083217340046907702 -0.074157667177513542 -0.091728120381997083 -0.072137874201511507 0.19116936085286051 0.10047181876722081 0.022104285959804255 -0.075561265248476103 0.085784227606787833 -0.093580698283023678 0.60590335329964817 -0.09325733177697193 0.37051800873743418 -0.09819436316302127 -0.099604837287300241
leaf_weight=0.49043357372283836 1.1509253224248825 0.11177684737231164 0.36505532179944555 1.2216222689676204 0.22165841655805696 0.62109177583806641 0.12464127963175986 1.7996719361581197 0.11121007722249387 0.48544165846760701 0.30095407401313423 0.28700429596938193 0.46763629131601192 0.33128256808413425 0.08277702919076535 56.881581171715879 2.7596700514877734 1.0734852377154309 0.30690708421752777 0.26790006345254369 0.23025443947881274 8.2513742795617855 4.6474060641467059 0.62832520747906639 0.74087930243695144 0.14124612091109146 1.1671548003505448 0.42390356631949533 0.24374508764594793 0.48471152677666396
leaf_count=28074 721 44 3336 7332 432 1229 5 7077 380 2675 83 250 63 32 58 19681 2993 581 323 149 607 1647 1180 239 225 13 418 47 39 67
internal_value=-0.000361932 -0.00093474 -0.0406235 0.000294222 -0.0638867 -0.000989213 0.0784713 -0.0824506 -0.00176538 0.0386892 0.0115874 0.146583 -0.0281798 0.0265422 -0.0936013 -0.002776 -0.0250692 0.0124036 -0.0526547 0.0505816 -0.0577835 -0.00102273 -0.00394245 -0.0359793 0.0120508 0.0373852 0.0101446 0.0779196 0.199401 0.00504995
internal_weight=86.4217 85.9313 2.58094 83.3504 2.21588 82.0041 1.34626 1.99423 81.383 1.98353 1.58531 0.398214 1.09987 0.632237 1.88245 79.3995 5.78914 2.45466 3.33448 0.574807 1.30374 73.6103 65.359 8.47737 3.82997 3.08909 2.94784 1.78069 0.667649 1.11304
internal_count=80000 51926 10947 40979 7611 33642 7337 7179 32413 3483 2853 630 178 115 7135 28930 5374 1909 3465 472 1188 23556 21909 2228 1048 823 810 392 86 306
is_linear=0
shrinkage=0.1


Tree=95
num_leaves=31
num_cat=0
split_feature=60 60 19 74 6 59 26 78 59 60 13 35 59 32 44 45 22 3 47 11 55 15 15 15 60 16 60 25 73 25
split_gain=0.449815 0.392073 0.463829 0.733131 0.716342 0.623548 0.585831 0.400008 0.39502 0.385329 0.568891 0.719795 0.741481 0.515959 0.819199 0.543813 0.55175 0.585038 0.549972 0.514168 0.480152 0.453022 1.33437 1.29046 0.794467 1.27614 0.782536 0.575433 0.533734 0.542434
threshold=-2.773743629455566 1.7683537006378176 0.87114927172660839 1.2687115073204043 -0.019948946312069889 0.40464635193347936 1.0565259307622912 1.0000000180025095e-35 1.0956761837005617 1.333107650279999 1.1004428863525393 0.99724403023719799 0.15689206868410113 -0.51184606552124012 0.59153312444686901 1.2633432745933535 -0.7581929862499236 3.1352578401565556 1.2663033008575442 0.61843961477279674 0.87104249000549328 0.41099163889884954 0.40091839432716375 0.3801350891590119 0.40615449845790869 0.89075383543968212 0.40072873234748846 1.1690710783004763 0.66915827989578258 0.54497653245925914
decision_type=2 2 2 2 2 2 2 2 2 2 2 2 2 2 2 2 2 2 2 2 2 2 2 2 2 2 2 2 2 2
left_child=-1 2 4 5 6 -4 9 -6 -7 10 20 12 -12 19 -15 -16 17 -17 -19 -11 21 22 23 24 26 -26 28 -23 -2 -30
right_child=1 -3 3 -5 7 8 -8 -9 -10 13 11 -13 -14 14 15 16 -18 18 -20 -21 -22 27 -24 -25 25 -27 -28 -29 29 -31
leaf_value=0.1000009402087035 0.00052641009088499684 0.10048585721655701 0.10298216587584981 0.10458193182334559 0.095917800177844376 -0.098039585013607253 0.10065033674502566 -0.10096553911619972 0.10076341917949477 -0.097464760784482005 -0.14452737006299091 0.12724923941173202 0.081151886831264078 0.10443732994317752 -0.071837077408336378 -0.068484034989661643 0.091804247878300035 -0.051898639538189253 0.11234098424302881 0.11567056836469095 -0.096082870056171416 0.10141538540671119 0.1663645978361499 -0.1139894753934324 0.11547168463962204 0.0032746917502630385 -0.097591798917414721 -0.098161953976273017 -0.10055493070379505 0.10032308212657
leaf_weight=0.44376584887504478 63.84212350557209 0.37942470688721996 0.19316099817297017 0.2824167471299005 1.0722857490543436 1.675141008574428 0.55978777378731948 0.11418144797789853 0.10628962251394103 1.300149945040175 0.2625053573920002 0.77538581607586821 0.32686187992294435 0.55039677201784698 1.5635350016927985 1.1276646594051274 0.54997207235282974 0.35650433879345644 0.47625465202145278 0.12397966221760715 0.52979930056608182 0.1726950311785902 0.48130838374345231 0.99149632517582986 1.537168296146773 2.9772956371307373 0.84342708063741056 0.88387210314976983 0.90819390884826023 0.15777931394040934
leaf_count=28074 20158 3244 723 1916 6447 7144 1205 5 456 2290 5 151 1216 242 927 111 610 39 14 32 869 354 16 26 2446 15 114 65 503 583
internal_value=-0.0004169 -0.000940413 -0.00139454 -0.0461195 -0.000170742 -0.0676737 -0.00129654 0.0769704 -0.0861779 -0.00200338 -3.74487e-05 0.0639335 -0.0193661 -0.0262798 -0.0100716 -0.025542 0.00329174 -0.0215393 0.04203 -0.07891 -0.0012281 -0.000537753 0.000419616 -0.000701258 0.000897308 0.0414776 -0.00188891 -0.0655412 -0.000645333 -0.0708221
internal_weight=85.5648 85.1211 84.7416 2.25701 82.4846 1.97459 81.2982 1.18647 1.78143 80.7384 74.6899 1.36475 0.589367 6.04846 4.62433 4.07393 2.5104 1.96042 0.832759 1.42413 73.3252 72.7954 71.7388 71.2575 70.266 4.51446 65.7515 1.05657 64.9081 1.06597
internal_count=80000 51926 48682 10239 38443 8323 31991 6452 7600 30786 26521 1372 1221 4265 1943 1701 774 164 53 2322 25149 24280 23861 23845 23819 2461 21358 419 21244 1086
is_linear=0
shrinkage=0.1


Tree=96
num_leaves=31
num_cat=0
split_feature=60 60 19 71 6 25 26 78 60 13 35 59 32 44 45 22 3 42 55 47 47 48 34 44 34 35 35 60 35 15
split_gain=0.40651 0.353881 0.415431 0.656768 0.639809 0.564264 0.528224 0.357722 0.331376 0.498366 0.638415 0.641859 0.462578 0.725784 0.465056 0.485496 0.48658 0.453455 0.429326 0.411464 0.411243 0.749343 0.709556 0.536162 0.661739 0.523575 1.34955 1.132 0.589602 0.685913
threshold=-2.773743629455566 1.7683537006378176 0.87114927172660839 1.2687115073204043 -0.019948946312069889 0.28473690152168279 1.0565259307622912 1.0000000180025095e-35 1.333107650279999 1.1004428863525393 0.99724403023719799 0.15689206868410113 -0.51184606552124012 0.59153312444686901 1.2633432745933535 -0.7581929862499236 3.1352578401565556 0.89485305547714245 0.87104249000549328 1.2663033008575442 0.81220352649688732 1.0000000180025095e-35 1.3124421238899233 0.9688982665538789 0.80959036946296703 1.0794804692268374 1.0626791119575503 -0.18699024617671964 1.0383262038230898 0.41099163889884954
decision_type=2 2 2 2 2 2 2 2 2 2 2 2 2 2 2 2 2 2 2 2 2 2 2 2 2 2 2 2 2 2
left_child=-1 2 4 5 6 -4 8 -6 9 18 11 -11 17 -14 -15 16 -16 -10 20 -18 22 -22 23 24 25 26 28 -27 29 -2
right_child=1 -3 3 -5 7 -7 -8 -9 12 10 -12 -13 13 14 15 -17 19 -19 -20 -21 21 -23 -24 -25 -26 27 -28 -29 -30 -31
leaf_value=0.1000008609580251 -0.00014899853984022874 0.10044080667676639 -0.085441350127352655 0.10418533364156973 0.094901950196230975 0.10071926921163409 0.10058976977548945 -0.099562725985119227 -0.094869831781527636 -0.13831508945081233 0.1243256023277098 0.078154361055528962 0.1040550460834286 -0.067840276524264734 -0.064517085849932737 0.090196651655472873 -0.04800052646874213 0.11397273611220103 -0.094858877842012843 0.092728134685662739 0.10642550582781074 -0.092666288208491474 -0.11635435821805351 0.12456210054690749 -0.089073085236630212 -0.04289936149216865 -0.10291184976126473 0.076781116396954827 0.070124242924499633 -0.089877488040611325
leaf_weight=0.40153750777244468 62.761033267594939 0.34346382437797629 1.6272164036890893 0.25646463727753133 0.98012091992620642 0.18092261141282495 0.50680638087396701 0.10469890898093581 1.2069981041204298 0.2476347045485443 0.71724601350069861 0.30653173788778076 0.49975705486940469 1.4938349765252499 1.0798776964657011 0.50606733081804112 0.34741013683378685 0.1137666801441809 0.4852639521996015 0.51686232397332788 0.8279429839367356 0.24498847651557298 0.5330182426423552 0.34091680792152956 0.84571431842050415 1.1806297394577998 1.3016426768754161 2.3905395796828079 1.1748976556791593 0.86366212830398481
leaf_count=28074 20238 3244 7143 1916 6447 1180 1205 5 2290 5 151 1216 242 927 111 610 39 32 869 14 637 96 30 309 249 309 222 1720 187 283
internal_value=-0.000376693 -0.000856599 -0.00127256 -0.0455726 -0.000151398 -0.0668141 -0.00117951 0.0761336 -0.00182433 -3.05444e-05 0.062039 -0.0185771 -0.0249202 -0.0094768 -0.0238626 0.00294946 -0.0197612 -0.0768808 -0.00111232 0.0361597 -0.000484547 0.0609658 -0.00140807 -0.000543414 -0.00114823 -8.09603e-05 -0.00209589 0.0372147 -7.07763e-05 -0.001367
internal_weight=84.3875 83.9859 83.6425 2.0646 81.5779 1.80814 80.493 1.08482 79.9862 74.2217 1.27141 0.554166 5.76457 4.44381 3.94405 2.45022 1.94415 1.32076 72.9502 0.864272 72.465 1.07293 71.3921 70.859 70.5181 69.6724 66.1012 3.57117 64.7996 63.6247
internal_count=80000 51926 48682 10239 38443 8323 31991 6452 30786 26521 1372 1221 4265 1943 1701 774 164 2322 25149 53 24280 733 23547 23517 23208 22959 20930 2029 20708 20521
is_linear=0
shrinkage=0.1


Tree=97
num_leaves=31
num_cat=0
split_feature=60 25 25 25 25 25 19 25 34 34 25 31 31 22 35 33 35 31 25 25 22 32 0 35 32 25 31 32 31 25
split_gain=0.367425 0.330208 2.49971 1.48902 1.48935 1.7871 1.24629 1.24322 1.07491 3.11867 1.24855 3.66435 7.8728 0.97089 1.40278 0.914917 0.693143 0.721541 1.29808 2.52411 2.72477 17.4831 1.23499 1.77057 0.957417 0.731116 0.81858 3.06284 0.795319 1.07882
threshold=-2.773743629455566 0.53643253445625316 0.93434223532676708 1.0892196893692019 1.0899670124053957 1.092933773994446 -0.6678791046142577 1.0931684970855715 -1.0808312892913816 -1.129336893558502 1.0899413824081423 0.6754402518272401 0.69113972783088695 0.99929559230804454 0.27243846654891973 -1.4641957283020017 1.0383262038230898 0.6754402518272401 1.099657475948334 1.0993596911430361 1.5502061843872073 -1.3495041728019712 -1.0000000180025095e-35 0.98710462450981151 -1.7444763183593748 1.0955748558044436 0.74980297684669506 -1.6323696970939634 0.69113972783088695 1.1025539040565493
decision_type=2 2 2 2 2 2 2 2 2 2 2 2 2 2 2 2 2 2 2 2 2 2 2 2 2 2 2 2 2 2
left_child=-1 -2 13 -4 8 -6 -7 15 9 10 -5 -12 -13 -3 -15 -8 17 18 19 20 21 -9 23 -20 -19 26 27 -26 -27 -30
right_child=1 2 3 4 5 6 7 16 -10 -11 11 12 -14 14 -16 -17 -18 24 22 -21 -22 -23 -24 -25 25 28 -28 -29 29 -31
leaf_value=0.10000096790667544 -0.008057019199896126 0.11731502144352431 -0.092545377533908846 0.037033737264413197 -0.061841757813748115 0.10118187436680111 0.050220741226047465 2.0327401333601851 -0.098387488940259171 0.48923951623021023 -0.09894593999655138 1.4165722972366124 -0.087595305104316581 0.10736624391476612 -0.10032636395431534 0.27222845804413176 0.10773977728902662 -0.06601692295203683 -0.080222496442098001 0.4008059786349063 -0.10171414193975353 -0.089557693602731012 0.10191073930876618 0.0014060536291215029 0.55950026578468814 0.049604120702791417 0.034075539042345906 -0.087502854663341997 -0.085478890690668274 0.0083315017923739909
leaf_weight=0.36332780122756858 35.58094953603063 2.5699374886062283 1.749929130077361 3.9857590689716744 4.8466154833813553 1.2506283849070268 0.63101762800943106 0.046835333108901978 0.42459325050731322 0.16918586939573277 0.14458785601891566 0.065641351044178009 0.074051249539479613 0.70450260753204907 0.60400371684227139 0.26299516235759313 0.54351207775471166 1.609281448065311 5.7737077857891546 0.19919276237487793 0.65765822431421839 0.22667880095105519 0.62548399584193148 4.9228930473327637 0.14845319546293467 3.7084673218796516 0.55700143537251279 0.14427223002530176 1.4150660045324901 9.1690690325649467
leaf_count=28074 19420 13714 477 501 1499 8519 52 3 133 14 30 2 39 154 79 17 29 548 1493 37 167 90 1706 22 8 327 35 37 263 2511
internal_value=-0.000341463 -0.000781703 0.00469907 -0.00218194 0.00161901 -0.00526535 0.00333249 -0.00066121 0.05362 0.0681589 0.051475 0.253949 0.619211 0.0816138 0.0114958 0.11553 -0.00415313 -0.00623555 -0.0244665 0.0777163 0.00860215 0.273855 -0.0346682 -0.0426546 0.0073166 0.0151103 0.105229 0.240619 0.00975253 -0.00421066
internal_weight=83.1753 82.812 47.231 43.3526 41.6026 36.7388 31.8922 30.6416 4.86382 4.43923 4.27004 0.28428 0.139693 3.87844 1.30851 0.894013 29.7476 29.2041 12.4524 1.13037 0.931172 0.273514 11.3221 10.6966 16.7516 15.1423 0.849727 0.292725 14.2926 10.5841
internal_count=80000 51926 32506 18559 18082 17363 15864 7345 719 586 572 71 41 13947 233 69 7276 7247 3518 297 260 93 3221 1515 3729 3181 80 45 3101 2774
is_linear=0
shrinkage=0.1


Tree=98
num_leaves=31
num_cat=0
split_feature=60 65 71 25 25 25 60 25 31 60 60 33 60 60 22 47 35 60 60 25 45 31 72 60 33 37 35 31 44 60
split_gain=0.334801 0.333287 0.833555 0.665147 0.541863 1.3532 1.05564 0.904978 0.773789 0.648299 0.821699 1.82508 0.790989 0.784823 0.693792 1.14483 0.920618 1.90804 1.1602 0.857396 0.672057 0.709861 0.668818 2.02528 1.27965 0.822465 0.666743 0.774759 0.632166 0.555823
threshold=-2.773743629455566 -0.64025864005088795 1.0000000180025095e-35 1.6904234290122988 1.4529052376747134 1.1806719899177553 -0.14444284141063687 1.1690710783004763 0.93080058693885814 -0.13110261410474774 -0.12642072513699529 -0.5498782992362975 -1.0000000180025095e-35 -0.15174683928489682 0.77902621030807506 -0.098815195262432085 0.74554181098937999 0.26153223216533666 0.24532324075698855 0.28473690152168279 1.253446161746979 0.90387961268424999 -0.85519000887870777 0.24532324075698855 -0.5498782992362975 -1.135963976383209 0.82141366600990307 0.74980297684669506 0.48370265960693365 -0.16840299963951108
decision_type=2 2 2 2 2 2 2 2 2 2 2 2 2 2 2 2 2 2 2 2 2 2 2 2 2 2 2 2 2 2
left_child=-1 2 3 4 5 7 29 8 9 13 11 -11 -12 20 15 16 17 18 -14 22 21 -2 23 25 -25 -17 27 -16 -22 -6
right_child=1 -3 -4 -5 6 -7 -8 -9 -10 10 12 -13 14 -15 26 19 -18 -19 -20 -21 28 -23 -24 24 -26 -27 -28 -29 -30 -31
leaf_value=0.10000149577918312 0.068772160231282145 -0.0067908139939221492 0.093631236414584942 0.10166738324474317 0.10008012343413471 0.10437169121446926 0.10227717084050446 -0.14209228018899234 0.09633059553927667 -0.055395766616154044 0.10249570543533869 0.094416411683516818 0.10150870980633733 0.10627788723782816 -0.075823605449059306 -0.12043262451896558 0.088078728012920049 0.13365286126973297 -0.10863893457945294 0.10298565432047307 -0.082129582884010191 -0.1294205962331294 -0.10037014567049846 -0.10064797689204685 -0.0051721471236097251 0.11432622498857276 0.10184199737017433 0.1029298066325538 0.058519753881197317 -0.11217389279936706
leaf_weight=0.3287506103515615 1.7923355311577327 45.819401857674279 1.054671512072672 0.67581969868297065 0.13669471362663888 1.3000755812354317 0.35164051814172026 0.44029362540095363 0.85095908088987826 6.1433491907664575 0.78817833652648062 0.93724061597459396 0.337062168789099 1.1357679969733023 2.4899732263784244 0.16616199561394762 2.6751850025248132 0.73652647682865779 1.1910600336268542 0.6218906395624807 1.056324644545384 0.20098070893436659 0.89694905318626794 2.0075152651406825 4.6679932093175012 1.4650404742205931 0.28657445946009819 0.26862861320842046 0.45816879758785933 1.266063929593656
leaf_count=28074 587 31968 2205 2895 553 3322 653 21 862 1169 716 77 160 241 285 2 1195 728 559 662 34 5 1430 193 1018 154 130 50 37 15
internal_value=-0.000713376 -0.00111608 0.00602729 0.00341321 0.00149787 0.00438422 -0.0526528 0.000272416 0.00228315 -0.000356129 -0.00657393 -0.0355655 0.00446324 0.0340288 0.000124966 0.0090881 0.0483589 0.00143869 -0.0622861 -0.0106555 0.0106357 0.0487889 -0.0183342 -0.00947603 -0.0338844 0.0904126 -0.0433353 -0.0584169 -0.03958 -0.0914904
internal_weight=82.5473 82.2185 36.3991 35.3445 34.6686 32.9142 1.7544 31.6142 31.1739 30.3229 25.6793 7.08059 18.5987 4.64358 17.8106 14.7654 4.93983 2.26465 1.52812 9.82555 3.50781 1.99332 9.20366 8.30671 6.67551 1.6312 3.04518 2.7586 1.51449 1.40276
internal_count=80000 51926 19958 17753 14858 13637 1221 10315 10294 9432 8528 1246 7282 904 6566 6101 2642 1447 719 3459 663 592 2797 1367 1211 156 465 335 71 568
is_linear=0
shrinkage=0.1


Tree=99
num_leaves=31
num_cat=0
split_feature=19 80 31 60 46 32 53 60 25 59 59 59 25 35 25 25 25 25 25 53 60 78 48 35 35 59 25 25 25 34
split_gain=0.313764 0.374887 0.773442 0.863679 0.681225 0.652531 0.570754 0.732283 0.555699 0.477519 0.720619 0.814704 0.703581 0.459303 0.592972 0.668636 1.35273 0.53215 2.31202 0.650657 0.553465 1.09725 0.575103 0.506071 0.505933 0.642965 0.498474 1.2208 1.07578 2.30157
threshold=1.0639332532882693 -1.0000000180025095e-35 -1.5569313168525694 0.24725124984979632 0.08812305331230165 -1.7444763183593748 2.5873686075210576 0.25064854323863989 0.28473690152168279 0.5151117891073228 0.88845559954643261 1.0045561492443087 1.0913319587707522 0.27634657919406896 1.3121730089187624 1.1188609600067141 1.1185504794120791 -1.6874192655086515 -0.36876235902309412 1.6532971262931826 -0.13110261410474774 1.0000000180025095e-35 1.0000000180025095e-35 0.58349838852882396 0.27243846654891973 0.40464635193347936 1.2158478498458865 1.4045104384422304 1.1975600719451907 -1.6525066494941709
decision_type=2 2 2 2 2 2 2 2 2 2 2 2 2 2 2 2 2 2 2 2 2 2 2 2 2 2 2 2 2 2
left_child=1 2 -1 4 9 6 -3 -8 -6 -4 -11 -12 -13 14 15 16 24 19 23 -15 21 22 -20 -19 25 -7 28 -28 -22 -30
right_child=-2 5 3 -5 8 13 7 -9 -10 10 11 12 -14 17 -16 -17 -18 18 20 -21 26 -23 -24 -25 -26 -27 27 -29 29 -31
leaf_value=0.09851749212200267 -0.081878057896066003 -0.068103371421769962 0.04602589123919399 0.049083857419613505 -0.084633080851434839 0.059880807291266436 -0.068749000178496125 0.16747343440566279 0.10014563143808929 -0.090364065699832463 0.10488108368129051 0.10422931919990863 -0.030184959100445469 -0.079151225242701545 0.15634439544366641 -0.062713041255390872 0.26543250200600871 -0.04340089396968852 0.10616398310908509 0.094793668633309514 -0.0054027070621346842 -0.04448397133378465 -0.088739028561177297 0.34630348487875418 -0.089331378867085934 -0.019432368963285266 -0.074652345224381161 0.025884463400052623 0.41115340590916705 0.034512599102570055
leaf_weight=1.0244717523455626 0.47263276670128007 2.5292032076395112 2.0275876503474084 3.6569371212681299 1.5405758031492949 2.7021790563546793 0.26909041149701796 0.25615245970038814 0.18198090387249966 0.94131962790743262 0.70057432798785146 0.44579932007764034 3.079475968315819 1.6311898394924274 0.32477439083595516 0.88204902433790255 0.23598395482986223 0.038949139525349064 1.5892311289335261 0.24769948190078128 45.589604063889077 0.97979263935303595 0.16733476403533121 0.2306806754131685 0.38776742084883142 1.6439275565971909 3.1081017631722707 1.9754474074579773 0.1842733472585677 1.3571809797713275
leaf_count=1940 5448 3487 15055 11526 4428 12193 344 161 1060 233 545 208 704 330 836 494 15 874 788 21 7381 1258 153 4263 46 3629 1441 999 3 137
internal_value=-0.000639996 -0.000159624 0.0149657 0.00815842 -0.00862485 -0.00326053 -0.0484043 0.0464529 -0.065112 0.0048992 -0.0112388 0.00638653 -0.0131872 -0.00108137 0.0248227 0.0175234 0.0317637 -0.00388352 -0.00210278 -0.0562196 -0.00353609 0.0403035 0.087597 0.290009 0.0201153 0.0298804 -0.00583355 -0.0355841 -0.00262466 0.0795382
internal_weight=80.402 79.9293 13.5987 12.5743 8.91731 66.3306 3.05445 0.525243 1.72256 7.19476 5.16717 4.22585 3.52528 63.2762 6.17668 5.85191 4.96986 57.0995 55.2206 1.87889 54.951 2.73636 1.75657 0.26963 4.73387 4.34611 52.2146 5.08355 47.1311 1.54145
internal_count=80000 74552 35699 33759 22233 38853 3992 505 5488 16745 1690 1457 912 34861 17213 16377 15883 17648 17297 351 12160 2199 941 5137 15868 15822 9961 2440 7521 140
is_linear=0
shrinkage=0.1


end of trees

feature_importances:
Column_25=447
Column_60=429
Column_59=203
Column_35=192
Column_45=144
Column_80=91
Column_32=82
Column_31=80
Column_22=79
Column_34=65
Column_21=57
Column_53=50
Column_33=45
Column_11=44
Column_55=43
Column_41=41
Column_44=41
Column_14=39
Column_47=38
Column_5=37
Column_61=36
Column_63=35
Column_6=31
Column_42=30
Column_19=28
Column_76=27
Column_73=26
Column_52=25
Column_15=24
Column_20=23
Column_43=23
Column_46=23
Column_49=23
Column_4=22
Column_65=22
Column_26=21
Column_75=21
Column_57=20
Column_70=20
Column_18=19
Column_79=19
Column_13=17
Column_64=17
Column_72=17
Column_37=16
Column_66=16
Column_71=16
Column_74=16
Column_36=15
Column_77=15
Column_78=14
Column_0=13
Column_3=13
Column_16=12
Column_12=7
Column_48=6
Column_1=5
Column_50=4
Column_56=4
Column_58=4
Column_62=4
Column_7=2
Column_30=2

parameters:
[boosting: gbdt]
[objective: binary]
[metric: binary_logloss]
[tree_learner: serial]
[device_type: gpu]
[data_sample_strategy: bagging]
[data: ]
[valid: ]
[num_iterations: 100]
[learning_rate: 0.1]
[num_leaves: 31]
[num_threads: 16]
[seed: 42]
[deterministic: 0]
[force_col_wise: 1]
[force_row_wise: 0]
[histogram_pool_size: -1]
[max_depth: -1]
[min_data_in_leaf: 20]
[min_sum_hessian_in_leaf: 0.001]
[bagging_fraction: 1]
[pos_bagging_fraction: 1]
[neg_bagging_fraction: 1]
[bagging_freq: 0]
[bagging_seed: 400]
[bagging_by_query: 0]
[feature_fraction: 1]
[feature_fraction_bynode: 1]
[feature_fraction_seed: 30056]
[extra_trees: 0]
[extra_seed: 12879]
[early_stopping_round: 0]
[early_stopping_min_delta: 0]
[first_metric_only: 0]
[max_delta_step: 0]
[lambda_l1: 0]
[lambda_l2: 0]
[linear_lambda: 0]
[min_gain_to_split: 0]
[drop_rate: 0.1]
[max_drop: 50]
[skip_drop: 0.5]
[xgboost_dart_mode: 0]
[uniform_drop: 0]
[drop_seed: 17869]
[top_rate: 0.2]
[other_rate: 0.1]
[min_data_per_group: 100]
[max_cat_threshold: 32]
[cat_l2: 10]
[cat_smooth: 10]
[max_cat_to_onehot: 4]
[top_k: 20]
[monotone_constraints: ]
[monotone_constraints_method: basic]
[monotone_penalty: 0]
[feature_contri: ]
[forcedsplits_filename: ]
[refit_decay_rate: 0.9]
[cegb_tradeoff: 1]
[cegb_penalty_split: 0]
[cegb_penalty_feature_lazy: ]
[cegb_penalty_feature_coupled: ]
[path_smooth: 0]
[interaction_constraints: ]
[verbosity: -1]
[saved_feature_importance_type: 0]
[use_quantized_grad: 0]
[num_grad_quant_bins: 4]
[quant_train_renew_leaf: 0]
[stochastic_rounding: 1]
[linear_tree: 0]
[max_bin: 255]
[max_bin_by_feature: ]
[min_data_in_bin: 3]
[bin_construct_sample_cnt: 200000]
[data_random_seed: 175]
[is_enable_sparse: 1]
[enable_bundle: 1]
[use_missing: 1]
[zero_as_missing: 0]
[feature_pre_filter: 1]
[pre_partition: 0]
[two_round: 0]
[header: 0]
[label_column: ]
[weight_column: ]
[group_column: ]
[ignore_column: ]
[categorical_feature: ]
[forcedbins_filename: ]
[precise_float_parser: 0]
[parser_config_file: ]
[objective_seed: 16083]
[num_class: 1]
[is_unbalance: 0]
[scale_pos_weight: 1]
[sigmoid: 1]
[boost_from_average: 1]
[reg_sqrt: 0]
[alpha: 0.9]
[fair_c: 1]
[poisson_max_delta_step: 0.7]
[tweedie_variance_power: 1.5]
[lambdarank_truncation_level: 30]
[lambdarank_norm: 1]
[label_gain: ]
[lambdarank_position_bias_regularization: 0]
[eval_at: ]
[multi_error_top_k: 1]
[auc_mu_weights: ]
[num_machines: 1]
[local_listen_port: 12400]
[time_out: 120]
[machine_list_filename: ]
[machines: ]
[gpu_platform_id: -1]
[gpu_device_id: -1]
[gpu_use_dp: 0]
[num_gpu: 1]

end of parameters

pandas_categorical:null
