,Source Port,Destination Port,Protocol,Flow Duration,Total Fwd Packets,Total Backward Packets,Total Length of Fwd Packets,Total Length of Bwd Packets,Fwd Packet Length Max,Fwd Packet Length Min,Fwd Packet Length Mean,Fwd Packet Length Std,Bwd Packet Length Max,Bwd Packet Length Min,Bwd Packet Length Mean,Bwd Packet Length Std,Flow Bytes/s,Flow Packets/s,Flow IAT Mean,Flow IAT Std,Flow IAT Max,Flow IAT Min,Fwd IAT Total,Fwd IAT Mean,Fwd IAT Std,Fwd IAT Max,Fwd IAT Min,Bwd IAT Total,Bwd IAT Mean,Bwd IAT Std,Bwd IAT Max,Bwd IAT Min,Fwd PSH Flags,Bwd PSH Flags,Fwd URG Flags,Bwd URG Flags,Fwd Header Length,Bwd Header Length,Fwd Packets/s,Bwd Packets/s,Min Packet Length,Max Packet Length,Packet Length Mean,Packet Length Std,Packet Length Variance,FIN Flag Count,SYN Flag Count,RST Flag Count,PSH Flag Count,ACK Flag Count,URG Flag Count,CWE Flag Count,ECE Flag Count,Down/Up Ratio,Average Packet Size,Avg Fwd Segment Size,Avg Bwd Segment Size,Fwd Header Length.1,Fwd Avg Bytes/Bulk,Fwd Avg Packets/Bulk,Fwd Avg Bulk Rate,Bwd Avg Bytes/Bulk,Bwd Avg Packets/Bulk,Bwd Avg Bulk Rate,Subflow Fwd Packets,Subflow Fwd Bytes,Subflow Bwd Packets,Subflow Bwd Bytes,Init_Win_bytes_forward,Init_Win_bytes_backward,act_data_pkt_fwd,min_seg_size_forward,Active Mean,Active Std,Active Max,Active Min,Idle Mean,Idle Std,Idle Max,Idle Min
Source Port,1.0,-0.5348518442457046,0.46619893733498624,0.14014613697268707,0.004336629858542534,0.004127914055734165,0.0006138750332919356,0.0032036123534983007,-0.019313779173606563,0.08616487670483432,-0.03472283629352003,-0.0449091451823254,0.16951807835862825,0.3157204397822295,0.2006466256910367,0.14886942031657355,-0.02000673636083676,-0.12490269337872832,0.10867020379366925,0.12584488852588463,0.12497585633263983,0.025471015476885357,0.13949118445794909,0.10620445249475655,0.10522690341361535,0.12417828530237948,0.060503799430355075,0.09476418397361867,0.07721442949762686,0.04299743298623492,0.06520324892667607,0.05969522919652937,-0.12698952875832742,0.0,0.004010992400032872,0.0,0.0010781339758245505,0.0009930943806931295,-0.1199237941756157,-0.05517728393961564,0.29815812931710284,0.13134750529782727,0.1639370011846155,0.12794957882679175,0.06857740318535178,0.05154435729236703,-0.12698952875832742,0.011662285093911103,0.2324468760432716,-0.3048909024142295,-0.32174977990263526,0.004010992400032872,0.011583800922111092,0.12582088950689652,0.17020345934803485,-0.03472283629352003,0.20064662569103514,0.0010781339758245505,0.0,0.0,0.0,0.0,0.0,0.0,0.004336629858542534,0.0006141314067287318,0.004127914055734165,0.0032035739486169757,0.17057183169661647,-0.11663225083642867,0.0031652225950424863,0.0013542284220150844,0.02424225528610703,0.021861546996991027,0.029247743706224138,0.02136292701563116,0.11624661802000878,0.028946608812963,0.11691489222006965,0.11312756703517465
Destination Port,-0.5348518442457046,0.9999999999999998,-0.20979092351157952,-0.13137766034349965,-0.0036926950363562116,-0.003489699979507786,0.013268759841775366,-0.002765211103065504,0.10835299563580744,-0.032286291584286274,0.15095194688894423,0.13725400765372792,-0.1702034743813626,-0.21682896037280172,-0.1911877843702364,-0.15265878368897579,0.06682060837617043,0.2408196773095598,-0.08763245977229926,-0.09965014332737519,-0.0977326151077525,-0.019443534030558544,-0.13129532482264233,-0.08310515773920665,-0.08155261718191023,-0.09707326262029928,-0.04540864300987236,-0.08958655627891149,-0.05836285258505561,-0.022662386904672375,-0.039206086956683706,-0.04487269184361979,0.23120876812894228,0.0,0.0017767257939546527,0.0,0.0003526125040366698,0.0006235675467593735,0.2259919931796971,0.14097571829326377,-0.2105063662117528,-0.10249373018320802,-0.12336021387111767,-0.09878835749877096,-0.05282909473573854,-0.031701636601610385,0.23120876812894228,-0.0057798370269921,-0.14856423539476857,0.5397084558829096,0.5107718668504477,0.0017767257939546527,-0.0056902439792752444,0.0744113878200201,-0.12384198516650766,0.15095194688894423,-0.19118778437023623,0.0003526125040366698,0.0,0.0,0.0,0.0,0.0,0.0,-0.0036926950363562116,0.013287120276267453,-0.003489699979507786,-0.0027651900327236114,-0.0909961429030674,0.21712761035383873,-0.0028526948411114047,0.0007863172211244357,-0.03013381788202122,-0.039075657338442905,-0.045306103032800055,-0.018889685065880818,-0.09678467531227583,0.014729164630417261,-0.09223450509721197,-0.09934547669941461
Protocol,0.46619893733498624,-0.20979092351157952,1.0,-0.1626281714449924,-0.004430648053659627,-0.003951354393880439,-0.020564089302360613,-0.0034304451203950865,-0.10014858716121293,0.3191165872011105,0.0017209862753494328,-0.1179916638510239,-0.17928809089410924,0.7375369724023745,-0.12570363849496183,-0.19238930754567568,-0.004911825597549507,-0.10349964144960651,-0.022775292097913975,-0.06299202360865609,-0.1132964505223364,-0.021905239856089328,-0.15969385083946536,0.023884539923012635,-0.14910593205004344,-0.11129800675196494,0.10594740192548127,-0.1086772757855123,0.06949484665798168,-0.09092912808647802,-0.036505096552771336,0.1121275941391777,-0.10779030149810903,0.0,-0.005163917245607755,0.0,-0.0016551872558224555,-0.0023614029711008754,-0.10216501020983422,-0.02838424646777797,0.7779157312779008,-0.19039872237557282,-0.12438754672614204,-0.18627507229393694,-0.14260032850928148,-0.09358708236844124,-0.10779030149810903,-0.007620998662725626,-0.3128938744865968,-0.32570846940013204,-0.15766972595876802,-0.005163917245607755,-0.007637648148575495,0.37423094111269734,-0.10122639848348117,0.0017209862753494328,-0.12570363849496544,-0.0016551872558224555,0.0,0.0,0.0,0.0,0.0,0.0,-0.004430648053659627,-0.020591423815807496,-0.003951354393880439,-0.0034304182015091863,-0.2360845947426532,-0.11493382567762372,-0.003095119734425828,-0.0033780634260518207,-0.055320879620777856,-0.05455042594975144,-0.07235781689603091,-0.040024315886119,-0.10234709460037451,-0.04537968298341019,-0.1057665795581571,-0.09643069375974248
Flow Duration,0.14014613697268707,-0.13137766034349965,-0.1626281714449924,0.9999999999999999,0.021175937744957782,0.01991599812218701,0.06708466185268565,0.01633141022528222,0.2814731789937929,-0.09140167098165854,0.15432755455818126,0.24157474583054314,0.5066121050586009,-0.18702836077804583,0.47264811077320196,0.4544015362891169,-0.022691594868814172,-0.10960392138481145,0.5411236185144307,0.7431565913513619,0.7873679852235971,0.06667179502393492,0.9985818949176621,0.5527767404789988,0.7288818269816438,0.7869034931537738,0.21696419387466787,0.824654276710575,0.41732028620492756,0.5259604913764043,0.5891438907923673,0.2189384933603,-0.0018640224256158385,0.0,-0.0041689568892955805,0.0,-0.00021049881641273767,-0.001173653765074446,-0.10164542021691533,-0.07233761401314996,-0.19500534088751886,0.5224958594998941,0.44441427645255693,0.4684844141446773,0.2911981205585722,0.19203063178306287,-0.0018640224256158385,0.009358165860557419,0.18796684685637846,0.053917953574325904,-0.08744168913302737,-0.0041689568892955805,0.009310964469391182,-0.10115266706928787,0.4232000428361106,0.15432755455818126,0.4726481107732073,-0.00021049881641273767,0.0,0.0,0.0,0.0,0.0,0.0,0.021175937744957782,0.0671723339315632,0.01991599812218701,0.016330976731229584,0.11625060772129345,-0.011671433574185897,0.016144409281746874,-0.001447110102405314,0.1925564706212387,0.24302594559018428,0.2971531404055486,0.12411433769059896,0.7710409733404531,0.24528573175156,0.7824400631770069,0.7415485634856461
Total Fwd Packets,0.004336629858542534,-0.0036926950363562116,-0.004430648053659627,0.021175937744957782,1.0,0.9990697653006515,0.3655174949359334,0.9969915078899213,0.009654675720531924,-0.0026187465544088295,0.00039148964746638516,0.0016815271857018718,0.02312317536295106,-0.004824889840334992,0.021731528847167985,0.006884181522711849,0.0004531419246741301,-0.002289392026601978,-0.0006779123968008623,-8.410981022772339e-05,0.0027150882514687075,-0.0004766142440798408,0.020847957141302786,-0.0007090165628583165,0.00047172647907310194,0.0022627550600593767,-0.0010142811307860748,0.02430579293990667,-0.0003974377022379016,0.0010334452686315185,0.003716831246198103,-0.0008663019721411594,0.002177148096684515,0.0,-9.171049330357696e-05,0.0,0.0004734108892555701,0.013746398323510689,-0.002125686455102294,-0.0014980960650713795,-0.005412677687894135,0.022328503963886023,0.02474331595068895,0.012472147238753813,0.005790262641099586,-0.0011499400075766632,0.002177148096684515,0.000375522472031373,0.007203793582967693,0.0019664524973041922,-0.003090665660930952,-9.171049330357696e-05,0.0003740552105151621,0.002114384171731353,0.022424301882574663,0.00039148964746638516,0.02173152884716933,0.0004734108892555701,0.0,0.0,0.0,0.0,0.0,0.0,1.0,0.3659992621644017,0.9990697653006515,0.9969853645662675,0.004264087592302907,-9.925756553424383e-05,0.8873870416292211,-0.00018737563261933174,0.040052416929564176,0.008445241535197228,0.030599271169586537,0.041379866140993836,0.0022139668204263665,0.0009350552051250389,0.0023047968076462724,0.002051093568991373
Total Backward Packets,0.004127914055734165,-0.003489699979507786,-0.003951354393880439,0.01991599812218701,0.9990697653006515,1.0,0.3594517175104993,0.9944288293993129,0.009281702283305635,-0.002290420305504873,-3.178143848759134e-05,0.0012587521847048238,0.022814573138597267,-0.004214914492807715,0.021737292385707294,0.006472194096337416,0.0003468822571839032,-0.0024815227396998473,-0.0010842971919228187,-0.0006340298682411446,0.0021774282611845097,-0.0005166121305675943,0.019570673268699348,-0.0009523664030365718,-0.0001285636003147397,0.0017122330088680947,-0.0009135772277781894,0.02365690945864126,-0.0006006076192712217,0.0007758673713753692,0.003733507459228036,-0.0008491909463020189,0.0019197906024163698,0.0,-9.92596255229497e-05,0.0,0.0007545986845104457,0.013762616520814197,-0.0023657356258287355,-0.001218299537245269,-0.004971287665494449,0.021959465972313283,0.025017209537208655,0.012222268062043379,0.00569112573549727,-0.0010751992264482924,0.0019197906024163698,0.00024703648241174473,0.00660639115082398,0.0016243013187921711,-0.0025205491927187563,-9.92596255229497e-05,0.0002460600736486973,0.004238796132400825,0.02270516408385534,-3.178143848759134e-05,0.02173729238570921,0.0007545986845104457,0.0,0.0,0.0,0.0,0.0,0.0,0.9990697653006515,0.35993342400928335,1.0,0.9944236515930832,0.003655952007011955,-0.00015633490780655676,0.8825670989029304,1.5727147141208652e-05,0.03905514161000355,0.006534175550934739,0.028716072153461246,0.041355521273598976,0.001754601113475495,0.0005970974550771018,0.001789513823070233,0.0016477366929792433
Total Length of Fwd Packets,0.0006138750332919356,0.013268759841775366,-0.020564089302360613,0.06708466185268565,0.3655174949359334,0.3594517175104993,1.0,0.35374777230683785,0.19770900299571062,0.0012960050332458605,0.185986738331695,0.16056527668606096,0.02528237514967896,-0.021942465400046622,0.021491125126810482,0.01205906846887576,0.0031473295965316183,-0.012137320687907594,0.005795237540843463,0.016591944862772084,0.0286871660046531,-0.0025149274642381697,0.06624198948095897,0.007271658768965379,0.02478591604613133,0.02870056534205628,-0.004820460216172434,0.07895559117969325,0.008764662418646568,0.03749568954001333,0.04312781762948637,-0.00379682494800107,0.010073992287442882,0.0,-0.0005261304264376827,0.0,-0.0013510659929075969,0.0050025944769891955,-0.01118177642820647,-0.008504507767245824,-0.021595253602428064,0.0782736102900299,0.08489144901003672,0.061230246531443225,0.03685611048448405,-0.0052869871934560905,0.010073992287442882,0.004637870818061555,0.04419803144612681,-0.0005388067278007451,-0.002251202799375873,-0.0005261304264376827,0.0046273992839697565,-0.0048043820866690585,0.07970485423299353,0.185986738331695,0.02149112512682448,-0.0013510659929075969,0.0,0.0,0.0,0.0,0.0,0.0,0.3655174949359334,0.9999993579857875,0.3594517175104993,0.3537543804591134,0.032412436152441354,0.012597038366832907,0.40743250161885747,-0.0012213262562964255,0.10163526726651152,0.10379049702062759,0.12710315964030985,0.06879616716531026,0.024307356370677196,0.027601804916289656,0.027726560332383687,0.020248106322682813
Total Length of Bwd Packets,0.0032036123534983007,-0.002765211103065504,-0.0034304451203950865,0.01633141022528222,0.9969915078899213,0.9944288293993129,0.35374777230683785,1.0,0.006777445501186706,-0.00196880429075904,-0.0012327447986788392,-0.00030746200256669034,0.022045731122273864,-0.003472251577933801,0.020760050701908696,0.006280120067242146,0.0005275701451581459,-0.0017280270276143206,-0.0011768691096766754,-0.0009088427306391198,0.0013893969861222906,-0.00035649039326356646,0.016021868293843316,-0.001095112118485689,-0.0004919806414921923,0.0009346097424678759,-0.0007611830486588293,0.01924324869975425,-0.0009878318008294956,-0.0002893928765501275,0.002135532299612357,-0.0007439175239394709,0.0018034063929731204,0.0,-6.836999137525868e-05,0.0,0.0007494271840707156,0.013688816712144418,-0.00163609154155629,-0.0009230481658938071,-0.004069252998564897,0.02093918431692558,0.023382541036202537,0.011476334155012384,0.006131767946956479,-0.0007383118068336055,0.0018034063929731204,0.0001437193013933945,0.003925773868715986,0.0025378300665348757,-0.00208592857532044,-6.836999137525868e-05,0.00014296695523849574,0.0035197212583271964,0.02127570418639166,-0.0012327447986788392,0.020760050701909755,0.0007494271840707156,0.0,0.0,0.0,0.0,0.0,0.0,0.9969915078899213,0.3542268177579062,0.9944288293993129,0.999999860135099,0.0016317206815251218,-0.0003967224595350134,0.8839675087778142,1.6325581227934557e-05,0.03601225250416714,0.003560026831563783,0.02491023012002749,0.03911712381134271,0.0010354524572809406,0.00017733296152202586,0.0010271622806335768,0.001007588197692089
Fwd Packet Length Max,-0.019313779173606563,0.10835299563580744,-0.10014858716121293,0.2814731789937929,0.009654675720531924,0.009281702283305635,0.19770900299571062,0.006777445501186706,0.9999999999999999,0.01423849781518007,0.8884160181630706,0.9685323833729536,0.10813993649991814,-0.10961299044774638,0.09075067205787407,0.08786373235991014,0.04025221615146777,-0.059342548863732615,0.07842915335297039,0.1654109245789585,0.20939983188855998,-0.012703835621977787,0.27751511383316235,0.09305810189752212,0.23170367265107994,0.21309363872436993,-0.022537133597042625,0.3054647011140562,0.07294108084215158,0.2750941472638647,0.26461200913162086,-0.0210930983153334,0.015218940847562956,0.0,-0.0027604718774927837,0.0,0.00018285984127340308,0.0005007885878234998,-0.054413038779546154,-0.04328311443772361,-0.11195997701775079,0.3953216320903179,0.35001082857825405,0.3594725817248065,0.26620761417796696,-0.002696885713910315,0.015218940847562956,0.01852274406653717,0.2221418570963667,-0.009829204579243914,0.034892348411006566,-0.0027604718774927837,0.018506377719590475,-0.014111730489028113,0.3420139128889021,0.8884160181630706,0.09075067205789128,0.00018285984127340308,0.0,0.0,0.0,0.0,0.0,0.0,0.009654675720531924,0.19797490864983516,0.009281702283305635,0.006777643396953502,0.16523683548766543,0.029948603882599484,0.00775637857276826,0.00044470032177571726,0.12680622392498414,0.09344485247116499,0.1461122084886226,0.10787815297880131,0.18874712608143962,0.18022532232701408,0.2070936471828603,0.16453949436413567
Fwd Packet Length Min,0.08616487670483432,-0.032286291584286274,0.3191165872011105,-0.09140167098165854,-0.0026187465544088295,-0.002290420305504873,0.0012960050332458605,-0.00196880429075904,0.01423849781518007,1.0,0.269458227219019,-0.06492295388917296,-0.10670782027449922,0.3023976907585934,-0.0852725030502528,-0.10986320030125826,0.059364215235857186,-0.045754239921910946,-0.009831917332487982,-0.04108520735489322,-0.06408594046305222,0.0037889722932730446,-0.09528674464380935,-0.0029070090260708394,-0.08716782658852529,-0.07061235147493757,0.0434963168618542,-0.06325533084421348,0.021125838069655924,-0.04210204177375649,-0.023466374707485436,0.04108119905390608,0.10104939079777442,0.0,-0.002955957933975829,0.0,-0.0007143556292110629,-0.0006957058675481758,-0.04678384824291703,-0.0020069761810904037,0.4474375793727166,-0.0872159728424431,-0.018561854634191133,-0.07378776538059358,-0.07093729090008727,-0.04584994442754163,0.10104939079777442,-0.004362454003511376,-0.17556945807932833,-0.08771802132829122,0.02134588105309634,-0.002955957933975829,-0.0038757788349851165,0.2972994422975541,0.0017943463949522923,0.269458227219019,-0.08527250305025437,-0.0007143556292110629,0.0,0.0,0.0,0.0,0.0,0.0,-0.0026187465544088295,0.0012980542701602842,-0.002290420305504873,-0.0019687893644006506,-0.12561694699141743,-0.05763843510221296,-0.0018339332116090617,-0.001245802835365274,-0.029682555605724983,-0.027627586203634827,-0.03764844033083855,-0.022900652477051062,-0.06058919984573175,-0.02667700963014687,-0.06253274290422885,-0.057149978577219686
Fwd Packet Length Mean,-0.03472283629352003,0.15095194688894423,0.0017209862753494328,0.15432755455818126,0.00039148964746638516,-3.178143848759134e-05,0.185986738331695,-0.0012327447986788392,0.8884160181630706,0.269458227219019,1.0,0.8943599041877088,0.02268353217626351,-0.008092660605117196,0.015226994310654033,0.01726822228463533,0.10192246676442056,-0.04808476989080842,0.06058417935590585,0.1293225013434361,0.15895064291292518,-0.009168395916896898,0.15064995663909053,0.07800508463018299,0.1785882211588953,0.16203525817076495,-0.004724560325313362,0.18435803411826668,0.07042690691687739,0.24202128745625848,0.23416272328575638,-0.0025264301420830416,0.07127535280506082,0.0,-0.0029807078814319114,0.0,-0.0001254338975732933,0.00012144161506636103,-0.04409801905807922,-0.03512909254136636,0.026280796073573497,0.3043770908620098,0.3189508931940997,0.29711979821652207,0.22436308076331907,-0.013783974948542088,0.07127535280506082,0.013611595876035098,0.09632246609001534,0.007888108776264783,0.06124833670043618,-0.0029807078814319114,0.013723621881971458,0.06510898428856574,0.32224028816865,1.0,0.015226994310657266,-0.0001254338975732933,0.0,0.0,0.0,0.0,0.0,0.0,0.00039148964746638516,0.18623125653762745,-3.178143848759134e-05,-0.0012327227495399968,0.05952712180924507,-0.001238070962747716,0.0005983051522178637,-2.8933817229828035e-05,0.09638165851009982,0.05931185633948692,0.09767157845062112,0.08367533639009417,0.1367400037045731,0.18071254580050952,0.15709251096326707,0.11285396019112896
Fwd Packet Length Std,-0.0449091451823254,0.13725400765372792,-0.1179916638510239,0.24157474583054314,0.0016815271857018718,0.0012587521847048238,0.16056527668606096,-0.00030746200256669034,0.9685323833729536,-0.06492295388917296,0.8943599041877088,1.0,0.09705914814102573,-0.12470680974379628,0.0799664335325028,0.08722410919973775,0.07418584483891869,-0.0428922011867753,0.07982145448211347,0.17082464219976715,0.21190216994206343,-0.012068593931967226,0.23836332671082397,0.09644638603293401,0.24358198226663977,0.21691231091414337,-0.02264788471335171,0.2560482793882949,0.06972219703854839,0.2780688534311287,0.26172964761762113,-0.021415856638763994,0.023920642538253715,0.0,-0.0023396373052638735,0.0,0.00022572879684516298,0.0004101453207911032,-0.03799708564692448,-0.04001643279081809,-0.13860982191177054,0.38701227127769183,0.3414222510346953,0.36661564164587374,0.28924514931646883,0.008988044428850438,0.023920642538253715,0.015318934273801892,0.196591780689421,0.01912912861258997,0.04763119015423014,-0.0023396373052638735,0.015270487734464823,-0.03277558509811964,0.33717680260565963,0.8943599041877088,0.07996643353250893,0.00022572879684516298,0.0,0.0,0.0,0.0,0.0,0.0,0.0016815271857018718,0.1607817402799839,0.0012587521847048238,-0.0003074540094311635,0.13980825086250212,0.026762838015616297,0.0012225150430445627,0.0005147176582353009,0.10893036175015304,0.07036737095059423,0.11841511683193415,0.09614221021591043,0.1895068130670106,0.19311683986334413,0.20957995057614348,0.16403562165472538
Bwd Packet Length Max,0.16951807835862825,-0.1702034743813626,-0.17928809089410924,0.5066121050586009,0.02312317536295106,0.022814573138597267,0.02528237514967896,0.022045731122273864,0.10813993649991814,-0.10670782027449922,0.02268353217626351,0.09705914814102573,0.9999999999999999,-0.18772597025775084,0.9597193479693569,0.9829558799067614,-0.021647501035397716,-0.11086563694563265,0.2330250401267148,0.49465414993388124,0.5862678304038996,-0.0219512401397109,0.5028153217862903,0.2240960833434296,0.6088762316803654,0.5817056416515366,-0.041480907116870046,0.23675137504217372,0.054584531319817206,0.29482058224206303,0.2525350997254666,-0.03990504943947959,-0.08112155343549456,0.0,-0.004243395819293974,0.0,0.0005156724308290103,0.0009801943859792197,-0.1031213321056091,-0.07118109713996341,-0.2180240871074849,0.9494099546469751,0.883379244009045,0.9412034457667918,0.8540918426558345,0.21816644901682047,-0.08112155343549456,0.006110793497181641,0.25424238762082324,0.006053030846949264,-0.12839637713569352,-0.004243395819293974,0.006071436989470666,0.008345158628539349,0.8778759546392474,0.02268353217626351,0.9597193479693499,0.0005156724308290103,0.0,0.0,0.0,0.0,0.0,0.0,0.02312317536295106,0.025316945189475793,0.022814573138597267,0.02204571340913654,0.13025518345188825,-0.040895959117633156,0.01698423406538773,0.0009823891456561605,0.08052375432412727,0.043876702270232326,0.08401357707037199,0.07664516513468092,0.5830071706589415,0.17360857656059814,0.5880067853354085,0.5650125546131288
Bwd Packet Length Min,0.3157204397822295,-0.21682896037280172,0.7375369724023745,-0.18702836077804583,-0.004824889840334992,-0.004214914492807715,-0.021942465400046622,-0.003472251577933801,-0.10961299044774638,0.3023976907585934,-0.008092660605117196,-0.12470680974379628,-0.18772597025775084,0.9999999999999998,-0.11402455893674003,-0.20937849832597233,-0.017006119729421194,-0.13083901207828913,-0.06502475232256831,-0.1067815899271292,-0.14442804932319753,-0.02418785532187989,-0.18378242697832786,-0.032750336837450086,-0.16290158209652908,-0.14221837397384868,0.051135182746576795,-0.1323219176499947,0.017725234110704233,-0.10514324446501512,-0.07104455151547619,0.06286817531334703,-0.0761313350368772,0.0,-0.00559222961741612,0.0,0.0005415274891061549,-0.0007622580322135823,-0.12825204061756418,-0.04134639852755376,0.7207693452268238,-0.19935117223683727,-0.12340736010114002,-0.18758486647056183,-0.15158879040157652,-0.09372352162908913,-0.0761313350368772,-0.008283765308135627,-0.3269444864433333,-0.3233393187798922,-0.16126698054415148,-0.00559222961741612,-0.008299935406348423,0.2605452028058029,-0.09692552880907941,-0.008092660605117196,-0.11402455893674467,0.0005415274891061549,0.0,0.0,0.0,0.0,0.0,0.0,-0.004824889840334992,-0.021971621635583378,-0.004214914492807715,-0.00347223943843149,-0.2468802264996721,-0.1177436057832156,-0.00341549875199098,0.00011684825850019159,-0.05900256515739182,-0.051355775036631725,-0.0719353316319796,-0.04676255776724848,-0.13409921334367744,-0.048070885744940645,-0.13677409210740749,-0.12825155059210025
Bwd Packet Length Mean,0.2006466256910367,-0.1911877843702364,-0.12570363849496183,0.47264811077320196,0.021731528847167985,0.021737292385707294,0.021491125126810482,0.020760050701908696,0.09075067205787407,-0.0852725030502528,0.015226994310654033,0.0799664335325028,0.9597193479693569,-0.11402455893674003,0.9999999999999998,0.9421246242227017,-0.023359702369119547,-0.12368144897820291,0.22276760137361115,0.48797053937510537,0.5836075234214393,-0.024357456617392904,0.46911043112046685,0.2165514453056949,0.5989626324283321,0.5787923210063501,-0.03724457850441102,0.17707627087150937,0.03647123517810595,0.2433466033339458,0.21366009923805837,-0.03465031391518863,-0.08850470487441096,0.0,-0.004780372205749455,0.0,0.0005691651347146117,0.0009298170553975272,-0.11556550682920186,-0.07600115135449184,-0.1667033901025267,0.9074067622043164,0.9242755294589645,0.9217691501286956,0.7962194520621397,0.188908595538734,-0.08850470487441096,0.00706129993041406,0.23451466314949906,-0.008323460736522062,-0.14380988867481817,-0.004780372205749455,0.007016313231980208,0.039737729589356834,0.9183363753396973,0.015226994310654033,1.0,0.0005691651347146117,0.0,0.0,0.0,0.0,0.0,0.0,0.021731528847167985,0.021520693284638702,0.021737292385707294,0.020760017311342072,0.12471474576451963,-0.052318454692663656,0.016539420701883398,0.0010151003911130548,0.0810326054440082,0.03764731225648648,0.07890170444880458,0.07912830497762824,0.5798128832800898,0.17362347533756936,0.5848691236518581,0.5620701484927926
Bwd Packet Length Std,0.14886942031657355,-0.15265878368897579,-0.19238930754567568,0.4544015362891169,0.006884181522711849,0.006472194096337416,0.01205906846887576,0.006280120067242146,0.08786373235991014,-0.10986320030125826,0.01726822228463533,0.08722410919973775,0.9829558799067614,-0.20937849832597233,0.9421246242227017,1.0,-0.019697619601101026,-0.09964881865566577,0.22695658893318957,0.47776965022307205,0.5593366699091387,-0.019787631715135496,0.45097979624414936,0.21454556790971158,0.5846250441068644,0.5550675562070674,-0.039117643547606315,0.17875156071022422,0.04699741597599109,0.26556083462283714,0.2184281319047741,-0.03792033353642877,-0.07483033075498594,0.0,-0.003795157399093126,0.0,0.00045413342505216736,0.0007282105308571543,-0.09247699489068917,-0.06535354880976278,-0.22821547899174613,0.9337002481930681,0.8535545484904821,0.9432808776477584,0.8920207203638586,0.2042932729689474,-0.07483033075498594,0.005851395540208741,0.2383427229446756,0.028407140302753375,-0.11487168573303859,-0.003795157399093126,0.00581562388170756,-0.010767523657389717,0.8527090645833669,0.01726822228463533,0.9421246242226803,0.00045413342505216736,0.0,0.0,0.0,0.0,0.0,0.0,0.006884181522711849,0.012075745118776174,0.006472194096337416,0.006280239633595952,0.10921306312034658,-0.03746376247732225,0.004899285065158641,0.0009179345223351708,0.06408985657702777,0.020398370735787406,0.05698767748932801,0.06641818188200688,0.553821647919875,0.18082151093149673,0.5606734360715028,0.5348499282237014
Flow Bytes/s,-0.02000673636083676,0.06682060837617043,-0.004911825597549507,-0.022691594868814172,0.0004531419246741301,0.0003468822571839032,0.0031473295965316183,0.0005275701451581459,0.04025221615146777,0.059364215235857186,0.10192246676442056,0.07418584483891869,-0.021647501035397716,-0.017006119729421194,-0.023359702369119547,-0.019697619601101026,1.0,0.22674197936294,-0.014962263106536616,-0.01880496102819306,-0.019446128676349563,-0.0028696431160969865,-0.0222863739514288,-0.014239715611668759,-0.017579876694330702,-0.01910177201417837,-0.00619891239671411,-0.017837034161360385,-0.01057543217240309,-0.012308178250099057,-0.014181506424763951,-0.00606715087365533,0.17031670974663823,0.0,-0.000548215470376599,0.0,3.85697938270246e-05,6.327927973898258e-05,0.22904509360964095,0.02502656759953448,0.016180400896540645,-0.0036398560981381434,0.058870799148158674,0.011786633375510131,-0.0014830513284248962,-0.003728236900086208,0.17031670974663823,-0.0008041893590481736,-0.03034494640338079,0.05431207246653885,-0.01436132152594546,-0.000548215470376599,-0.0008055002433187029,-0.034325007733000804,0.08923139336158496,0.10192246676442056,-0.02335970236911961,3.85697938270246e-05,0.0,0.0,0.0,0.0,0.0,0.0,0.0004531419246741301,0.0031516420365183062,0.0003468822571839032,0.0005275975546357018,-0.012588296461420954,-0.01121773030508786,0.0004550201484755401,7.183359344545746e-05,-0.0065189685129912935,-0.0054454617212986375,-0.0077556047056764055,-0.005230057194995957,-0.01824518027582355,-0.005704230949744357,-0.018498431991274867,-0.017581852749664142
Flow Packets/s,-0.12490269337872832,0.2408196773095598,-0.10349964144960651,-0.10960392138481145,-0.002289392026601978,-0.0024815227396998473,-0.012137320687907594,-0.0017280270276143206,-0.059342548863732615,-0.045754239921910946,-0.04808476989080842,-0.0428922011867753,-0.11086563694563265,-0.13083901207828913,-0.12368144897820291,-0.09964881865566577,0.22674197936294,1.0,-0.07221867308188916,-0.09076957108869146,-0.09387820651191704,-0.013849929318546724,-0.1076435205532508,-0.06872901829428218,-0.08485591300464232,-0.09221069515166068,-0.02991742895559143,-0.08618286490037308,-0.05104370807880296,-0.05941587273705402,-0.0684721336241213,-0.02928155086601645,0.21527256797610095,0.0,0.01900219452358344,0.0,0.0002191944830345822,0.00034223551341099143,0.9876261957394342,0.24480221570657143,-0.1004214095681833,-0.11169569054021079,-0.11707777474767776,-0.10855101809403928,-0.07235402463428568,0.08279279316951192,0.21527256797610095,-0.003916666967015375,-0.08634005148830841,0.25888316901740094,-0.01938708354576152,0.01900219452358344,-0.0039248855581513215,-0.16259011282215582,-0.11351968752471304,-0.04808476989080842,-0.12368144897820291,0.0002191944830345822,0.0,0.0,0.0,0.0,0.0,0.0,-0.002289392026601978,-0.012153493621238565,-0.0024815227396998473,-0.0017280123396515674,-0.06055886719363036,-0.03017088366477006,-0.0018159479042356688,0.00045743376910343045,-0.03162030346217892,-0.02630443031151427,-0.037543342962201694,-0.02540999181053353,-0.08807364707711622,-0.027534992573418356,-0.08929605383252083,-0.08487168071984018
Flow IAT Mean,0.10867020379366925,-0.08763245977229926,-0.022775292097913975,0.5411236185144307,-0.0006779123968008623,-0.0010842971919228187,0.005795237540843463,-0.0011768691096766754,0.07842915335297039,-0.009831917332487982,0.06058417935590585,0.07982145448211347,0.2330250401267148,-0.06502475232256831,0.22276760137361115,0.22695658893318957,-0.014962263106536616,-0.07221867308188916,1.0,0.7059467464362036,0.6585574935568232,0.6414404707589028,0.5407730490917191,0.901002567913334,0.4259621027833222,0.6569768506061685,0.7743014812119425,0.35600944225626274,0.627865336651669,0.2654420397109384,0.48916488550168463,0.5661668729952757,0.062741349536389,0.0,-0.002746920045335376,0.0,0.00022448420141376203,-0.0006200166938075855,-0.06697449624874405,-0.04766545699661533,-0.019776300269817835,0.23787386064590638,0.19390883746419754,0.22047224989121958,0.1639768905136647,0.12850298003683303,0.062741349536389,0.003413983464305172,-0.04380393458191564,0.104339271310307,0.004627432706196331,-0.002746920045335376,0.003388987352398041,-0.04976388112514344,0.1895276957967603,0.06058417935590585,0.22276760137360085,0.00022448420141376203,0.0,0.0,0.0,0.0,0.0,0.0,-0.0006779123968008623,0.0058033570616564,-0.0010842971919228187,-0.001176846115720502,0.03297547030667781,-0.018962406445996206,-0.0008032781905622804,-0.00028819452000991406,0.06842022487905278,0.023386697381669565,0.05662353766289165,0.06792049483975048,0.6060842410090872,0.14355324307688264,0.6077919440677241,0.5926618599463651
Flow IAT Std,0.12584488852588463,-0.09965014332737519,-0.06299202360865609,0.7431565913513619,-8.410981022772339e-05,-0.0006340298682411446,0.016591944862772084,-0.0009088427306391198,0.1654109245789585,-0.04108520735489322,0.1293225013434361,0.17082464219976715,0.49465414993388124,-0.1067815899271292,0.48797053937510537,0.47776965022307205,-0.01880496102819306,-0.09076957108869146,0.7059467464362036,1.0,0.9389262243872567,-0.01643744025394017,0.7427861633374663,0.827870186007492,0.8078502501481736,0.9369837598457174,0.5154168977793417,0.46842755750853843,0.6717543910871284,0.48964569253356754,0.6833142803913306,0.5448160921044269,-0.0007582339592468693,0.0,-0.0034525225930932754,0.0,0.00019563866035814928,-0.0012458329019552454,-0.08417811776348341,-0.05991062331722338,-0.0927430095908413,0.5052434054142532,0.4312572034648697,0.4747577362124098,0.35097717436622183,0.2674174744296854,-0.0007582339592468693,0.010319379270455235,-0.05618237713366288,0.13076199106801717,-0.07032419888074096,-0.0034525225930932754,0.010274766917633208,-0.04590243000408224,0.42127999811437233,0.1293225013434361,0.48797053937508855,0.00019563866035814928,0.0,0.0,0.0,0.0,0.0,0.0,-8.410981022772339e-05,0.016614712504017606,-0.0006340298682411446,-0.0009088067074399689,-0.04120376713730592,-0.030527257961833955,-0.0005628488003835228,-0.000815790035902307,0.09207084887802228,0.032196730549927964,0.07171000174698858,0.08944935736053909,0.9324284263257744,0.23674245833917812,0.936627492374981,0.9101250428380482
Flow IAT Max,0.12497585633263983,-0.0977326151077525,-0.1132964505223364,0.7873679852235971,0.0027150882514687075,0.0021774282611845097,0.0286871660046531,0.0013893969861222906,0.20939983188855998,-0.06408594046305222,0.15895064291292518,0.21190216994206343,0.5862678304038996,-0.14442804932319753,0.5836075234214393,0.5593366699091387,-0.019446128676349563,-0.09387820651191704,0.6585574935568232,0.9389262243872567,0.9999999999999999,0.10261766980935325,0.7870118972865588,0.6838967009676304,0.916977794218991,0.9981065043019648,0.3158354918787121,0.4483685811560074,0.4595987537386046,0.5540728191033798,0.6523203773880761,0.30666490274905517,0.0011005047540840742,0.0,-0.003570769579121659,0.0,-4.181267373699635e-05,-0.0017361243697713205,-0.08706113576540277,-0.06196161359782031,-0.140111340959423,0.6013384344649826,0.5218905153196853,0.5631552389768438,0.408950101968519,0.30182055729705826,0.0011005047540840742,0.01506725562477197,-0.044003796043415,0.16694016316841712,-0.05689390714403291,-0.003570769579121659,0.015011480686911906,-0.06726813352736977,0.5080910936432638,0.15895064291292518,0.5836075234214296,-4.181267373699635e-05,0.0,0.0,0.0,0.0,0.0,0.0,0.0027150882514687075,0.028725090919086184,0.0021774282611845097,0.001389417193856873,-0.017544119073068628,-0.04054781226456063,0.0014658983826742035,-0.001466517662138841,0.1335355156247112,0.056578608477813506,0.10422645302606512,0.12314692150888013,0.9799209726383281,0.28193443725252904,0.989302898613797,0.9519921544132981
Flow IAT Min,0.025471015476885357,-0.019443534030558544,-0.021905239856089328,0.06667179502393492,-0.0004766142440798408,-0.0005166121305675943,-0.0025149274642381697,-0.00035649039326356646,-0.012703835621977787,0.0037889722932730446,-0.009168395916896898,-0.012068593931967226,-0.0219512401397109,-0.02418785532187989,-0.024357456617392904,-0.019787631715135496,-0.0028696431160969865,-0.013849929318546724,0.6414404707589028,-0.01643744025394017,0.10261766980935325,0.9999999999999999,0.0671761237536644,0.29713965919621604,-0.016112477084471572,0.10248004733002447,0.338973867330213,-0.016675119207606424,-0.008963995972009482,-0.011722592375267266,-0.012961790993763309,-0.004599436181556849,0.08579932166806473,0.0,-0.0005267951962311129,0.0,6.1027700300500854e-05,6.981102955071555e-05,-0.012844377669114702,-0.009140108378002783,0.013180167027731712,-0.022455643059687044,-0.02363313624942142,-0.022821579191976,-0.014658002081030116,-0.008125103838141797,0.08579932166806473,-0.0007774510351314952,-0.029371185464471213,0.07375883936880064,0.08819683676744675,-0.0005267951962311129,-0.0007791492466257944,-0.043262303548217605,-0.022856534613533312,-0.009168395916896898,-0.024357456617392907,6.1027700300500854e-05,0.0,0.0,0.0,0.0,0.0,0.0,-0.0004766142440798408,-0.0025182808136970823,-0.0005166121305675943,-0.00035648773463527113,0.0803814767418112,-0.011393825942446912,-0.0003805281883958459,0.00011677703501023048,0.0004926500672386511,-0.005191443807928527,-0.0031617689797531975,0.0025515024976467274,0.03005103552576541,-0.004246321224084577,0.0286050125041505,0.03104425907717989
Fwd IAT Total,0.13949118445794909,-0.13129532482264233,-0.15969385083946536,0.9985818949176621,0.020847957141302786,0.019570673268699348,0.06624198948095897,0.016021868293843316,0.27751511383316235,-0.09528674464380935,0.15064995663909053,0.23836332671082397,0.5028153217862903,-0.18378242697832786,0.46911043112046685,0.45097979624414936,-0.0222863739514288,-0.1076435205532508,0.5407730490917191,0.7427861633374663,0.7870118972865588,0.0671761237536644,1.0,0.5544920486386171,0.7308795878677882,0.7892289065150112,0.21810541726489985,0.8215801792579097,0.4167255230213651,0.5225976389024947,0.5864210036487266,0.2199996193340041,-0.0015045085621699127,0.0,-0.00409438159764219,0.0,-0.0002212229428758657,-0.0011958263436422025,-0.09982726443083427,-0.0710444313782812,-0.19148853758733453,0.5186405699438302,0.4398284197084438,0.4645867916843951,0.2893949496013604,0.19362679550039852,-0.0015045085621699127,0.008405779027203727,0.1795748364385384,0.055722598407721355,-0.08935727965500201,-0.00409438159764219,0.00836112891614446,-0.11343036553993044,0.41887779749141973,0.15064995663909053,0.4691104311204717,-0.0002212229428758657,0.0,0.0,0.0,0.0,0.0,0.0,0.020847957141302786,0.06632850734200986,0.019570673268699348,0.016021404992202573,0.11089193665834778,-0.012681277721384023,0.015849882611905706,-0.00147040917659751,0.187733711296136,0.2396456035868809,0.29281621697210425,0.1201155975500594,0.771500427091019,0.2446710872294887,0.782812770690203,0.7420979540109571
Fwd IAT Mean,0.10620445249475655,-0.08310515773920665,0.023884539923012635,0.5527767404789988,-0.0007090165628583165,-0.0009523664030365718,0.007271658768965379,-0.001095112118485689,0.09305810189752212,-0.0029070090260708394,0.07800508463018299,0.09644638603293401,0.2240960833434296,-0.032750336837450086,0.2165514453056949,0.21454556790971158,-0.014239715611668759,-0.06872901829428218,0.901002567913334,0.827870186007492,0.6838967009676304,0.29713965919621604,0.5544920486386171,1.0,0.42265149277689207,0.6850889365139294,0.8847626234723784,0.4335858357654516,0.8475108462480887,0.29454168800964264,0.6271397266957194,0.7939899678728939,0.02784358923876275,0.0,-0.002614168824583074,0.0,0.00021814284262527408,-0.0006558373505926731,-0.0637379775272752,-0.04536395278508046,0.013141258047381286,0.23434332880224493,0.19963564583820426,0.21795321176708407,0.15934348584429894,0.15877965678019382,0.02784358923876275,0.002089328935937456,-0.05679046740262876,0.047059187379132277,-0.028951120638018964,-0.002614168824583074,0.002068059506717359,-0.011612100558819352,0.19577137959682767,0.07800508463018299,0.21655144530568515,0.00021814284262527408,0.0,0.0,0.0,0.0,0.0,0.0,-0.0007090165628583165,0.007281765021141871,-0.0009523664030365718,-0.0010950899203889953,-0.015244996286929463,-0.025209170579768663,-0.0007762648663690711,-0.0003144733122869054,0.047232128616776566,0.015233056571922287,0.03987880467395543,0.047869378539922326,0.6638148787202579,0.1273966045112956,0.6610436895665979,0.653469574514493
Fwd IAT Std,0.10522690341361535,-0.08155261718191023,-0.14910593205004344,0.7288818269816438,0.00047172647907310194,-0.0001285636003147397,0.02478591604613133,-0.0004919806414921923,0.23170367265107994,-0.08716782658852529,0.1785882211588953,0.24358198226663977,0.6088762316803654,-0.16290158209652908,0.5989626324283321,0.5846250441068644,-0.017579876694330702,-0.08485591300464232,0.4259621027833222,0.8078502501481736,0.916977794218991,-0.016112477084471572,0.7308795878677882,0.42265149277689207,1.0,0.9191966884847578,-0.03194555577656549,0.39115395079345927,0.20575742800366809,0.6335445036393248,0.550710727304792,0.0005415502127726926,-0.011003622523772218,0.0,-0.0032275827716240625,0.0,0.00015702286603069886,-0.0016140010457883795,-0.07869380189027875,-0.05600803190251691,-0.17845456075857302,0.6319127227939517,0.5440928532071421,0.5965491433772635,0.4405589115860999,0.3725386606686266,-0.011003622523772218,0.011790780529596511,-0.04318975303304408,0.16988135194067983,-0.057500322728571404,-0.0032275827716240625,0.011744303384457483,-0.0859360106700077,0.5310215366076463,0.1785882211588953,0.5989626324283132,0.00015702286603069886,0.0,0.0,0.0,0.0,0.0,0.0,0.00047172647907310194,0.02481975655190882,-0.0001285636003147397,-0.000491942253594225,-0.032861948099220765,-0.02652722116187176,-0.000233952995482575,-0.0011431678921026876,0.09880381838016732,0.03556621955524275,0.07735104718759471,0.09555306972883476,0.9055632312113195,0.2807615107572622,0.9163657536068169,0.8768748823932158
Fwd IAT Max,0.12417828530237948,-0.09707326262029928,-0.11129800675196494,0.7869034931537738,0.0022627550600593767,0.0017122330088680947,0.02870056534205628,0.0009346097424678759,0.21309363872436993,-0.07061235147493757,0.16203525817076495,0.21691231091414337,0.5817056416515366,-0.14221837397384868,0.5787923210063501,0.5550675562070674,-0.01910177201417837,-0.09221069515166068,0.6569768506061685,0.9369837598457174,0.9981065043019648,0.10248004733002447,0.7892289065150112,0.6850889365139294,0.9191966884847578,1.0,0.3158818426547357,0.44828863895443033,0.4587330854171819,0.5519961630167446,0.6504710814492374,0.30646706660861434,0.0009289143758524713,0.0,-0.0035073330688013718,0.0,-4.853125244677966e-05,-0.001748005848686652,-0.0855145808846575,-0.0608618743165947,-0.13775825021296695,0.5990903454151223,0.5176772749723717,0.5603445567095839,0.40744730446335414,0.30176633737979636,0.0009289143758524713,0.014107128594348388,-0.04897893677110023,0.16745368983198672,-0.058505844778626484,-0.0035073330688013718,0.014053848429926666,-0.08120264202841626,0.5039891623230018,0.16203525817076495,0.5787923210063405,-4.853125244677966e-05,0.0,0.0,0.0,0.0,0.0,0.0,0.0022627550600593767,0.028738505427389958,0.0017122330088680947,0.0009345897079063018,-0.02112235023763156,-0.041419054816172605,0.0010592758630267674,-0.0014770606357233033,0.13059732598570664,0.0559213647794138,0.1024404750865369,0.12024163368625866,0.9783578756147557,0.287299186776106,0.9884916964007481,0.9496574589323938
Fwd IAT Min,0.060503799430355075,-0.04540864300987236,0.10594740192548127,0.21696419387466787,-0.0010142811307860748,-0.0009135772277781894,-0.004820460216172434,-0.0007611830486588293,-0.022537133597042625,0.0434963168618542,-0.004724560325313362,-0.02264788471335171,-0.041480907116870046,0.051135182746576795,-0.03724457850441102,-0.039117643547606315,-0.00619891239671411,-0.02991742895559143,0.7743014812119425,0.5154168977793417,0.3158354918787121,0.338973867330213,0.21810541726489985,0.8847626234723784,-0.03194555577656549,0.3158818426547357,0.9999999999999999,0.22850852306839983,0.8160090670885812,-0.01794921060289338,0.406037494350838,0.8803270634522883,0.034656900667110815,0.0,-0.0011379281314698128,0.0,0.00012520769761836247,8.048037346039624e-05,-0.027744824489521636,-0.01974689853740959,0.11010239221024216,-0.04343365902277705,-0.03587727323948353,-0.04369446333031305,-0.03150975721197376,-0.020562373711674315,0.034656900667110815,-0.0016787763887588373,-0.066538646905848,-0.014268757531911565,0.0007763913003733161,-0.0011379281314698128,-0.0016823151121953958,0.033095954962130664,-0.03364386349186867,-0.004724560325313362,-0.03724457850441152,0.00012520769761836247,0.0,0.0,0.0,0.0,0.0,0.0,-0.0010142811307860748,-0.004826874960826606,-0.0009135772277781894,-0.0007611771879244872,-0.01364408316482313,-0.02329799849102382,-0.0007347491306406479,0.0001645419288055231,-0.0006971111881044036,-0.010770552096866934,-0.0077865899545923505,0.0033210962138592094,0.30025348560814047,-0.003146540277095567,0.290631303513244,0.30434164735534297
Bwd IAT Total,0.09476418397361867,-0.08958655627891149,-0.1086772757855123,0.824654276710575,0.02430579293990667,0.02365690945864126,0.07895559117969325,0.01924324869975425,0.3054647011140562,-0.06325533084421348,0.18435803411826668,0.2560482793882949,0.23675137504217372,-0.1323219176499947,0.17707627087150937,0.17875156071022422,-0.017837034161360385,-0.08618286490037308,0.35600944225626274,0.46842755750853843,0.4483685811560074,-0.016675119207606424,0.8215801792579097,0.4335858357654516,0.39115395079345927,0.44828863895443033,0.22850852306839983,1.0,0.513992499614008,0.6461339444926151,0.7249871305153236,0.27196719813174713,0.011638079613709905,0.0,-0.0032781168004595703,0.0,0.00021614868134369177,-0.0016453292402726191,-0.07992522657037779,-0.056878461247841114,-0.1386494995995425,0.2743991343103955,0.235160149179597,0.22945721334754962,0.09800509819095794,0.2196349180815693,0.011638079613709905,-0.0029434087373619855,0.27217245544908497,-0.12499009751817279,-0.06463131446606103,-0.0032781168004595703,-0.002958101115140007,-0.01259788283765093,0.21660085341645322,0.18435803411826668,0.17707627087152547,0.00021614868134369177,0.0,0.0,0.0,0.0,0.0,0.0,0.02430579293990667,0.07905862634126082,0.02365690945864126,0.019242832003976116,0.15320433423042565,0.00292352595626349,0.01932353850153124,-0.0014148750920018715,0.15014427834570507,0.2678821005693629,0.29011672117561094,0.07353209643366666,0.4507627263252234,0.12040852883939054,0.45496249016993956,0.4342521905208681
Bwd IAT Mean,0.07721442949762686,-0.05836285258505561,0.06949484665798168,0.41732028620492756,-0.0003974377022379016,-0.0006006076192712217,0.008764662418646568,-0.0009878318008294956,0.07294108084215158,0.021125838069655924,0.07042690691687739,0.06972219703854839,0.054584531319817206,0.017725234110704233,0.03647123517810595,0.04699741597599109,-0.01057543217240309,-0.05104370807880296,0.627865336651669,0.6717543910871284,0.4595987537386046,-0.008963995972009482,0.4167255230213651,0.8475108462480887,0.20575742800366809,0.4587330854171819,0.8160090670885812,0.513992499614008,1.0,0.32951975057907423,0.7094195592753643,0.9326423061584974,0.04694191023302585,0.0,-0.0019414986870227632,0.0,0.00013789485793416626,-0.000855903838221047,-0.047336992736549295,-0.03369070750775382,0.05288623052723736,0.06852603018306223,0.055676778867220514,0.05923685026961211,0.034839477778108786,0.12187686074506911,0.04694191023302585,-0.0022882207516883354,-0.007909762303503627,-0.05983075148515638,-0.043604810945058144,-0.0019414986870227632,-0.002295732605036882,0.0388204521940913,0.05395603459274423,0.07042690691687739,0.03647123517810254,0.00013789485793416626,0.0,0.0,0.0,0.0,0.0,0.0,-0.0003974377022379016,0.008776722104823114,-0.0006006076192712217,-0.0009878176850718376,-0.01089696771904026,-0.022774320049408547,-0.0003224992822463579,-0.0005763941155792267,0.04833047672854555,0.07311452848691379,0.06169025539287927,0.022430253647354594,0.46488630879625,0.07995119051236305,0.464166286864234,0.4586453820090838
Bwd IAT Std,0.04299743298623492,-0.022662386904672375,-0.09092912808647802,0.5259604913764043,0.0010334452686315185,0.0007758673713753692,0.03749568954001333,-0.0002893928765501275,0.2750941472638647,-0.04210204177375649,0.24202128745625848,0.2780688534311287,0.29482058224206303,-0.10514324446501512,0.2433466033339458,0.26556083462283714,-0.012308178250099057,-0.05941587273705402,0.2654420397109384,0.48964569253356754,0.5540728191033798,-0.011722592375267266,0.5225976389024947,0.29454168800964264,0.6335445036393248,0.5519961630167446,-0.01794921060289338,0.6461339444926151,0.32951975057907423,1.0,0.8507490984335349,-0.007357781811446812,-0.00018235442110615073,0.0,-0.002259950362194594,0.0,1.477571691129659e-05,-0.002943581847641788,-0.05510128378019799,-0.03921599252955388,-0.11401835221303988,0.3490785534928375,0.3027171509183733,0.325253842798941,0.22291137590551577,0.4880837463319036,-0.00018235442110615073,-0.0017093216719277615,0.05797207663896758,-0.07151682973422559,-0.013195646836779967,-0.002259950362194594,-0.0017201380760940759,0.04588236404800685,0.2930480107622361,0.24202128745625848,0.24334660333393923,1.477571691129659e-05,0.0,0.0,0.0,0.0,0.0,0.0,0.0010334452686315185,0.03754659220281776,0.0007758673713753692,-0.00028936407257477466,0.027578993709525067,-0.022298069465992856,0.0006759958535762973,-0.002358294749244357,0.09247535274147219,0.09724384595178065,0.10196549253361537,0.06230904132689446,0.5512779108888327,0.1635355896227608,0.55865886419499,0.534150437972467
Bwd IAT Max,0.06520324892667607,-0.039206086956683706,-0.036505096552771336,0.5891438907923673,0.003716831246198103,0.003733507459228036,0.04312781762948637,0.002135532299612357,0.26461200913162086,-0.023466374707485436,0.23416272328575638,0.26172964761762113,0.2525350997254666,-0.07104455151547619,0.21366009923805837,0.2184281319047741,-0.014181506424763951,-0.0684721336241213,0.48916488550168463,0.6833142803913306,0.6523203773880761,-0.012961790993763309,0.5864210036487266,0.6271397266957194,0.550710727304792,0.6504710814492374,0.406037494350838,0.7249871305153236,0.7094195592753643,0.8507490984335349,0.9999999999999999,0.46923492381166704,0.024342738076728893,0.0,-0.002604424669417032,0.0,5.6373324031076335e-05,-0.002894127940177604,-0.06350003289573315,-0.04519254752755259,-0.06067191433182805,0.3058930693013778,0.2756162262070164,0.2799579253074256,0.18307315778418298,0.42014081964215594,0.024342738076728893,-0.0018527739124096657,0.03957627503878451,-0.0792738333498873,-0.02356597091127858,-0.002604424669417032,-0.001865500889331563,0.0681683412587117,0.26551884190068004,0.23416272328575638,0.21366009923806079,5.6373324031076335e-05,0.0,0.0,0.0,0.0,0.0,0.0,0.003716831246198103,0.043184652625192145,0.003733507459228036,0.002135716001113787,0.014200508571719266,-0.029496823247034766,0.0028852826792086198,-0.002297065463322815,0.1236447159174102,0.10897008591732786,0.12180899343046732,0.09013807469916074,0.6522614499061868,0.1723559578831976,0.6580083947714825,0.635278566250662
Bwd IAT Min,0.05969522919652937,-0.04487269184361979,0.1121275941391777,0.2189384933603,-0.0008663019721411594,-0.0008491909463020189,-0.00379682494800107,-0.0007439175239394709,-0.0210930983153334,0.04108119905390608,-0.0025264301420830416,-0.021415856638763994,-0.03990504943947959,0.06286817531334703,-0.03465031391518863,-0.03792033353642877,-0.00606715087365533,-0.02928155086601645,0.5661668729952757,0.5448160921044269,0.30666490274905517,-0.004599436181556849,0.2199996193340041,0.7939899678728939,0.0005415502127726926,0.30646706660861434,0.8803270634522883,0.27196719813174713,0.9326423061584974,-0.007357781811446812,0.46923492381166704,0.9999999999999999,0.0491153389458276,0.0,-0.0011137504080243517,0.0,0.0001211912833563979,7.45271874424902e-05,-0.027155138557466162,-0.01932709324521876,0.1042299316628559,-0.041939400485603684,-0.03302219466643944,-0.041905257509207254,-0.030829293114966853,-0.01905909105726701,0.0491153389458276,-0.0016427243641170505,-0.05835285793373564,-0.03049632891416627,-0.03395410912405019,-0.0011137504080243517,-0.0016463174142411251,0.04002586714176486,-0.03122309195459569,-0.0025264301420830416,-0.03465031391518916,0.0001211912833563979,0.0,0.0,0.0,0.0,0.0,0.0,-0.0008663019721411594,-0.003801855868149684,-0.0008491909463020189,-0.0007439117730572931,-0.03860910285684984,-0.018868680297902198,-0.0006008748686035121,0.00014502582459882045,0.01647234881713614,0.025429432263109727,0.013009261991691976,0.004773069864766522,0.31373866394884375,0.027792974404879787,0.3097339840449815,0.31370555293964897
Fwd PSH Flags,-0.12698952875832742,0.23120876812894228,-0.10779030149810903,-0.0018640224256158385,0.002177148096684515,0.0019197906024163698,0.010073992287442882,0.0018034063929731204,0.015218940847562956,0.10104939079777442,0.07127535280506082,0.023920642538253715,-0.08112155343549456,-0.0761313350368772,-0.08850470487441096,-0.07483033075498594,0.17031670974663823,0.21527256797610095,0.062741349536389,-0.0007582339592468693,0.0011005047540840742,0.08579932166806473,-0.0015045085621699127,0.02784358923876275,-0.011003622523772218,0.0009289143758524713,0.034656900667110815,0.011638079613709905,0.04694191023302585,-0.00018235442110615073,0.024342738076728893,0.0491153389458276,1.0,0.0,0.04790706746189357,0.0,0.0002504945744589281,0.0003705648507433183,0.22341586259630347,-0.014405104158362013,-0.0816935135765854,-0.06399088198473116,-0.04935360673545977,-0.05751828071723456,-0.04742848173441149,-0.03820569011989835,1.0,-0.003111172032973213,-0.12711342689610494,0.32982959922660643,-0.003161506676238044,0.04790706746189357,-0.00290323888694486,-0.12186664736210459,-0.0424407787136439,0.07127535280506082,-0.08850470487440851,0.0002504945744589281,0.0,0.0,0.0,0.0,0.0,0.0,0.002177148096684515,0.010082867369388042,0.0019197906024163698,0.001802384616990183,-0.03139105080863623,-0.034854230076835864,0.0021603036616449686,0.000510328596951868,0.007205811089310445,0.009847480575243489,0.007696452306348067,0.0013910415047947197,-0.016757331734057922,0.020328460762452455,-0.013085122539791636,-0.019920992849193103
Bwd PSH Flags,0.0,0.0,0.0,0.0,0.0,0.0,0.0,0.0,0.0,0.0,0.0,0.0,0.0,0.0,0.0,0.0,0.0,0.0,0.0,0.0,0.0,0.0,0.0,0.0,0.0,0.0,0.0,0.0,0.0,0.0,0.0,0.0,0.0,0.0,0.0,0.0,0.0,0.0,0.0,0.0,0.0,0.0,0.0,0.0,0.0,0.0,0.0,0.0,0.0,0.0,0.0,0.0,0.0,0.0,0.0,0.0,0.0,0.0,0.0,0.0,0.0,0.0,0.0,0.0,0.0,0.0,0.0,0.0,0.0,0.0,0.0,0.0,0.0,0.0,0.0,0.0,0.0,0.0,0.0,0.0
Fwd URG Flags,0.004010992400032872,0.0017767257939546527,-0.005163917245607755,-0.0041689568892955805,-9.171049330357696e-05,-9.92596255229497e-05,-0.0005261304264376827,-6.836999137525868e-05,-0.0027604718774927837,-0.002955957933975829,-0.0029807078814319114,-0.0023396373052638735,-0.004243395819293974,-0.00559222961741612,-0.004780372205749455,-0.003795157399093126,-0.000548215470376599,0.01900219452358344,-0.002746920045335376,-0.0034525225930932754,-0.003570769579121659,-0.0005267951962311129,-0.00409438159764219,-0.002614168824583074,-0.0032275827716240625,-0.0035073330688013718,-0.0011379281314698128,-0.0032781168004595703,-0.0019414986870227632,-0.002259950362194594,-0.002604424669417032,-0.0011137504080243517,0.04790706746189357,0.0,1.0,0.0,1.1861419454271838e-05,1.4992961475315036e-05,0.019763668746983543,-0.001532289111244512,-0.0061152492439582986,-0.004440283937227409,-0.005308624307588541,-0.0044237736286405855,-0.00281367030990084,-0.0018303225740021701,0.04790706746189357,-0.00014904712846920427,0.006305369118270611,-0.006370019761271952,0.032751482342007525,1.0,-0.0001493727495808506,-0.008537132510966154,-0.005451472360566112,-0.0029807078814319114,-0.004780372205749452,1.1861419454271838e-05,0.0,0.0,0.0,0.0,0.0,0.0,-9.171049330357696e-05,-0.0005268328749506363,-9.92596255229497e-05,-6.836948230446665e-05,0.016986307027611527,-0.0022475454986887423,-8.150258972680045e-05,2.4580069496571108e-05,-0.0012028204703861515,-0.0010005361029155964,-0.001428079931824383,-0.000966610065014898,-0.003349972376279663,-0.0010473215716782446,-0.0033964678564253905,-0.0032281822535589356
Bwd URG Flags,0.0,0.0,0.0,0.0,0.0,0.0,0.0,0.0,0.0,0.0,0.0,0.0,0.0,0.0,0.0,0.0,0.0,0.0,0.0,0.0,0.0,0.0,0.0,0.0,0.0,0.0,0.0,0.0,0.0,0.0,0.0,0.0,0.0,0.0,0.0,0.0,0.0,0.0,0.0,0.0,0.0,0.0,0.0,0.0,0.0,0.0,0.0,0.0,0.0,0.0,0.0,0.0,0.0,0.0,0.0,0.0,0.0,0.0,0.0,0.0,0.0,0.0,0.0,0.0,0.0,0.0,0.0,0.0,0.0,0.0,0.0,0.0,0.0,0.0,0.0,0.0,0.0,0.0,0.0,0.0
Fwd Header Length,0.0010781339758245505,0.0003526125040366698,-0.0016551872558224555,-0.00021049881641273767,0.0004734108892555701,0.0007545986845104457,-0.0013510659929075969,0.0007494271840707156,0.00018285984127340308,-0.0007143556292110629,-0.0001254338975732933,0.00022572879684516298,0.0005156724308290103,0.0005415274891061549,0.0005691651347146117,0.00045413342505216736,3.85697938270246e-05,0.0002191944830345822,0.00022448420141376203,0.00019563866035814928,-4.181267373699635e-05,6.1027700300500854e-05,-0.0002212229428758657,0.00021814284262527408,0.00015702286603069886,-4.853125244677966e-05,0.00012520769761836247,0.00021614868134369177,0.00013789485793416626,1.477571691129659e-05,5.6373324031076335e-05,0.0001211912833563979,0.0002504945744589281,0.0,1.1861419454271838e-05,0.0,1.0,0.06921867597382328,0.00019590973037540303,0.00019322591000305793,-0.00178226826935173,0.00048787325488770637,0.0003549634679222727,0.0005072424935275721,0.00033653017743586996,0.00021519708480781619,0.0002504945744589281,1.7867447240938047e-05,0.000729412883972768,0.0007533443915752049,0.00036146652292177995,1.1861419454271838e-05,1.7904758240123802e-05,0.0009252060281028311,0.0003876787924248161,-0.0001254338975732933,0.000569165134714613,1.0,0.0,0.0,0.0,0.0,0.0,0.0,0.0004734108892555701,-0.0013529118996110823,0.0007545986845104457,0.0007494227548318667,0.0005503917638321061,0.00026527900945123704,0.0003364288653937463,0.5664488927199608,-0.0014822507785497972,-0.002245142977560309,-0.0017596712181026709,-0.000376721280219305,0.00011223078909400181,-0.0006187341205966374,-2.1484637307123226e-05,0.00022144702256774568
Bwd Header Length,0.0009930943806931295,0.0006235675467593735,-0.0023614029711008754,-0.001173653765074446,0.013746398323510689,0.013762616520814197,0.0050025944769891955,0.013688816712144418,0.0005007885878234998,-0.0006957058675481758,0.00012144161506636103,0.0004101453207911032,0.0009801943859792197,-0.0007622580322135823,0.0009298170553975272,0.0007282105308571543,6.327927973898258e-05,0.00034223551341099143,-0.0006200166938075855,-0.0012458329019552454,-0.0017361243697713205,6.981102955071555e-05,-0.0011958263436422025,-0.0006558373505926731,-0.0016140010457883795,-0.001748005848686652,8.048037346039624e-05,-0.0016453292402726191,-0.000855903838221047,-0.002943581847641788,-0.002894127940177604,7.45271874424902e-05,0.0003705648507433183,0.0,1.4992961475315036e-05,0.0,0.06921867597382328,0.9999999999999999,0.0003387002284383129,8.778264369205632e-05,-0.0017712627237077751,0.0010022683661720148,0.0009706149721258319,0.0008784041816753045,0.000548784299885542,0.000288045831589604,0.0003705648507433183,2.7726027834561657e-05,0.001122081677116766,0.0010607010452952264,0.0004663289952790651,1.4992961475315036e-05,2.7766801402658727e-05,-0.0007766005212059498,0.0009429520688006463,0.00012144161506636103,0.0009298170553975615,0.06921867597382328,0.0,0.0,0.0,0.0,0.0,0.0,0.013746398323510689,0.0050092559358441355,0.013762616520814197,0.013688742133011371,0.0008418969506213829,0.0003660349872386853,0.012123791871861567,0.6793531969294908,-0.006947822560549302,-0.0042269728634397995,-0.005423043696894587,-0.005691811690775618,-0.0011991586830621397,-0.004584403539234351,-0.0017790252188300349,-0.0005804081284651864
Fwd Packets/s,-0.1199237941756157,0.2259919931796971,-0.10216501020983422,-0.10164542021691533,-0.002125686455102294,-0.0023657356258287355,-0.01118177642820647,-0.00163609154155629,-0.054413038779546154,-0.04678384824291703,-0.04409801905807922,-0.03799708564692448,-0.1031213321056091,-0.12825204061756418,-0.11556550682920186,-0.09247699489068917,0.22904509360964095,0.9876261957394342,-0.06697449624874405,-0.08417811776348341,-0.08706113576540277,-0.012844377669114702,-0.09982726443083427,-0.0637379775272752,-0.07869380189027875,-0.0855145808846575,-0.027744824489521636,-0.07992522657037779,-0.047336992736549295,-0.05510128378019799,-0.06350003289573315,-0.027155138557466162,0.22341586259630347,0.0,0.019763668746983543,0.0,0.00019590973037540303,0.0003387002284383129,1.0,0.09766935391532815,-0.09714170988393464,-0.10354821883304455,-0.10813920252529564,-0.1004617230966016,-0.06705840366923044,0.08416966539192025,0.22341586259630347,-0.003632979050159605,-0.09161473379811984,0.25427558923481686,-0.04178112903941523,0.019763668746983543,-0.003640846757986075,-0.1860421807801172,-0.10450146751024292,-0.04409801905807922,-0.11556550682920182,0.00019590973037540303,0.0,0.0,0.0,0.0,0.0,0.0,-0.002125686455102294,-0.011196674366915836,-0.0023657356258287355,-0.0016360785752993494,-0.060722361799407674,-0.039408350919481715,-0.0016972580978425905,0.00042413017921474503,-0.029325471595628826,-0.02439448343559456,-0.034818008840595945,-0.023566218955599915,-0.08167790770054624,-0.025535448798506815,-0.08281154485892178,-0.07870846199905893
Bwd Packets/s,-0.05517728393961564,0.14097571829326377,-0.02838424646777797,-0.07233761401314996,-0.0014980960650713795,-0.001218299537245269,-0.008504507767245824,-0.0009230481658938071,-0.04328311443772361,-0.0020069761810904037,-0.03512909254136636,-0.04001643279081809,-0.07118109713996341,-0.04134639852755376,-0.07600115135449184,-0.06535354880976278,0.02502656759953448,0.24480221570657143,-0.04766545699661533,-0.05991062331722338,-0.06196161359782031,-0.009140108378002783,-0.0710444313782812,-0.04536395278508046,-0.05600803190251691,-0.0608618743165947,-0.01974689853740959,-0.056878461247841114,-0.03369070750775382,-0.03921599252955388,-0.04519254752755259,-0.01932709324521876,-0.014405104158362013,0.0,-0.001532289111244512,0.0,0.00019322591000305793,8.778264369205632e-05,0.09766935391532815,1.0,-0.040409239028440354,-0.07398809343419968,-0.08024394003171605,-0.0730369815599253,-0.04803675901609077,0.008630187565606132,-0.014405104158362013,-0.0025803848506784966,0.017480859197702526,0.07981420094471137,0.1416046642203508,-0.001532289111244512,-0.002584213815012222,0.12408930548074794,-0.08013285692456823,-0.03512909254136636,-0.07600115135449201,0.00019322591000305793,0.0,0.0,0.0,0.0,0.0,0.0,-0.0014980960650713795,-0.008515851517299751,-0.001218299537245269,-0.000923034224004798,-0.009442452068763284,0.05684299322958036,-0.0011153445892112756,0.000303835005474253,-0.02086156897646503,-0.017360325255765856,-0.024773456203214143,-0.016762045655189777,-0.058131602650668336,-0.018174066706790438,-0.058938437634431295,-0.05601819595588764
Min Packet Length,0.29815812931710284,-0.2105063662117528,0.7779157312779008,-0.19500534088751886,-0.005412677687894135,-0.004971287665494449,-0.021595253602428064,-0.004069252998564897,-0.11195997701775079,0.4474375793727166,0.026280796073573497,-0.13860982191177054,-0.2180240871074849,0.7207693452268238,-0.1667033901025267,-0.22821547899174613,0.016180400896540645,-0.1004214095681833,-0.019776300269817835,-0.0927430095908413,-0.140111340959423,0.013180167027731712,-0.19148853758733453,0.013141258047381286,-0.17845456075857302,-0.13775825021296695,0.11010239221024216,-0.1386494995995425,0.05288623052723736,-0.11401835221303988,-0.06067191433182805,0.1042299316628559,-0.0816935135765854,0.0,-0.0061152492439582986,0.0,-0.00178226826935173,-0.0017712627237077751,-0.09714170988393464,-0.040409239028440354,1.0,-0.22755201166479255,-0.1466578139877023,-0.2259907961862499,-0.1679601851680758,-0.09943408530822251,-0.0816935135765854,-0.009024990931076607,-0.3622005884961511,-0.31752952541610496,-0.13970893911357313,-0.0061152492439582986,-0.009039426494937892,0.2573190416588495,-0.11758530881600715,0.026280796073573497,-0.1667033901025303,-0.00178226826935173,0.0,0.0,0.0,0.0,0.0,0.0,-0.005412677687894135,-0.021623889873960016,-0.004971287665494449,-0.004069222186115075,-0.2627532522704348,-0.1270400212777934,-0.0037881842034941564,-0.0031396900043627516,-0.061736798004958925,-0.05716340014145579,-0.07824530605448521,-0.04778374023383668,-0.13217325298039193,-0.054247847394929945,-0.1358587837547826,-0.1252585406706716
Max Packet Length,0.13134750529782727,-0.10249373018320802,-0.19039872237557282,0.5224958594998941,0.022328503963886023,0.021959465972313283,0.0782736102900299,0.02093918431692558,0.3953216320903179,-0.0872159728424431,0.3043770908620098,0.38701227127769183,0.9494099546469751,-0.19935117223683727,0.9074067622043164,0.9337002481930681,-0.0036398560981381434,-0.11169569054021079,0.23787386064590638,0.5052434054142532,0.6013384344649826,-0.022455643059687044,0.5186405699438302,0.23434332880224493,0.6319127227939517,0.5990903454151223,-0.04343365902277705,0.2743991343103955,0.06852603018306223,0.3490785534928375,0.3058930693013778,-0.041939400485603684,-0.06399088198473116,0.0,-0.004440283937227409,0.0,0.00048787325488770637,0.0010022683661720148,-0.10354821883304455,-0.07398809343419968,-0.22755201166479255,0.9999999999999999,0.9197002977899494,0.9847219395259122,0.8955389647405676,0.202616105354974,-0.06399088198473116,0.006555342456433593,0.2620678193486717,0.02523504289450971,-0.0931036287254666,-0.004440283937227409,0.00652713754353183,0.008364155275087543,0.914566937411054,0.3043770908620098,0.9074067622043113,0.00048787325488770637,0.0,0.0,0.0,0.0,0.0,0.0,0.022328503963886023,0.07837931027966104,0.021959465972313283,0.020939169934941042,0.1330418623045994,-0.035409404761302034,0.0164853074378867,0.0009814856332756973,0.10238029243584765,0.05026376954914226,0.10152509338165365,0.09816443373520072,0.5909452970939746,0.2273865882391046,0.6029273450669096,0.5655336668210995
Packet Length Mean,0.1639370011846155,-0.12336021387111767,-0.12438754672614204,0.44441427645255693,0.02474331595068895,0.025017209537208655,0.08489144901003672,0.023382541036202537,0.35001082857825405,-0.018561854634191133,0.3189508931940997,0.3414222510346953,0.883379244009045,-0.12340736010114002,0.9242755294589645,0.8535545484904821,0.058870799148158674,-0.11707777474767776,0.19390883746419754,0.4312572034648697,0.5218905153196853,-0.02363313624942142,0.4398284197084438,0.19963564583820426,0.5440928532071421,0.5176772749723717,-0.03587727323948353,0.235160149179597,0.055676778867220514,0.3027171509183733,0.2756162262070164,-0.03302219466643944,-0.04935360673545977,0.0,-0.005308624307588541,0.0,0.0003549634679222727,0.0009706149721258319,-0.10813920252529564,-0.08024394003171605,-0.1466578139877023,0.9197002977899494,1.0,0.9446274765371149,0.8065543768233959,0.1854410130770138,-0.04935360673545977,0.009513290284036201,0.2894204573997158,-0.04392467158636485,-0.12545608909926897,-0.005308624307588541,0.009492285355183767,0.09416438221903553,0.9978436220702024,0.3189508931940996,0.9242755294589763,0.0003549634679222727,0.0,0.0,0.0,0.0,0.0,0.0,0.02474331595068895,0.08500387945868022,0.025017209537208655,0.023382496157503947,0.1540020894813077,-0.048090212321948385,0.019074945495177485,0.0007943037842657673,0.09663315705771935,0.06415145699200057,0.10489573308827435,0.08578856906362121,0.5163710245102368,0.15910351488723762,0.5217093640810018,0.4996772609791919
Packet Length Std,0.12794957882679175,-0.09878835749877096,-0.18627507229393694,0.4684844141446773,0.012472147238753813,0.012222268062043379,0.061230246531443225,0.011476334155012384,0.3594725817248065,-0.07378776538059358,0.29711979821652207,0.36661564164587374,0.9412034457667918,-0.18758486647056183,0.9217691501286956,0.9432808776477584,0.011786633375510131,-0.10855101809403928,0.22047224989121958,0.4747577362124098,0.5631552389768438,-0.022821579191976,0.4645867916843951,0.21795321176708407,0.5965491433772635,0.5603445567095839,-0.04369446333031305,0.22945721334754962,0.05923685026961211,0.325253842798941,0.2799579253074256,-0.041905257509207254,-0.05751828071723456,0.0,-0.0044237736286405855,0.0,0.0005072424935275721,0.0008784041816753045,-0.1004617230966016,-0.0730369815599253,-0.2259907961862499,0.9847219395259122,0.9446274765371149,0.9999999999999999,0.9243499881622753,0.19783705824639727,-0.05751828071723456,0.006376447992299432,0.2698361049828217,0.014558106344710709,-0.09566553031838326,-0.0044237736286405855,0.006357841184623799,0.027836887424820312,0.9444811437992692,0.29711979821652207,0.9217691501286835,0.0005072424935275721,0.0,0.0,0.0,0.0,0.0,0.0,0.012472147238753813,0.06131246550346371,0.012222268062043379,0.011476393141772184,0.1267047080937987,-0.038835288857555876,0.009388319504311952,0.0010224684549153707,0.08462123361877036,0.03620525228651589,0.08020979178352747,0.08323395395629592,0.5538200498096971,0.2069417329257317,0.5642335728041713,0.5310808027926947
Packet Length Variance,0.06857740318535178,-0.05282909473573854,-0.14260032850928148,0.2911981205585722,0.005790262641099586,0.00569112573549727,0.03685611048448405,0.006131767946956479,0.26620761417796696,-0.07093729090008727,0.22436308076331907,0.28924514931646883,0.8540918426558345,-0.15158879040157652,0.7962194520621397,0.8920207203638586,-0.0014830513284248962,-0.07235402463428568,0.1639768905136647,0.35097717436622183,0.408950101968519,-0.014658002081030116,0.2893949496013604,0.15934348584429894,0.4405589115860999,0.40744730446335414,-0.03150975721197376,0.09800509819095794,0.034839477778108786,0.22291137590551577,0.18307315778418298,-0.030829293114966853,-0.04742848173441149,0.0,-0.00281367030990084,0.0,0.00033653017743586996,0.000548784299885542,-0.06705840366923044,-0.04803675901609077,-0.1679601851680758,0.8955389647405676,0.8065543768233959,0.9243499881622753,1.0,0.15515204588832304,-0.04742848173441149,-0.0008034507650775574,0.16183553230791536,0.03672569225916533,-0.05693175053617119,-0.00281367030990084,-0.0008167448108586717,0.033932146114571536,0.8165402461412276,0.22436308076331907,0.7962194520621193,0.00033653017743586996,0.0,0.0,0.0,0.0,0.0,0.0,0.005790262641099586,0.03690599668142989,0.00569112573549727,0.006131906425490447,0.029107442459010275,-0.04136669446510538,0.004419584090273604,0.0006794874846495219,0.04420238313604284,-0.005290552523654539,0.025177387678753417,0.05228910755921285,0.40040007473789135,0.17349880900152767,0.41103918453775373,0.3811817264424136
FIN Flag Count,0.05154435729236703,-0.031701636601610385,-0.09358708236844124,0.19203063178306287,-0.0011499400075766632,-0.0010751992264482924,-0.0052869871934560905,-0.0007383118068336055,-0.002696885713910315,-0.04584994442754163,-0.013783974948542088,0.008988044428850438,0.21816644901682047,-0.09372352162908913,0.188908595538734,0.2042932729689474,-0.003728236900086208,0.08279279316951192,0.12850298003683303,0.2674174744296854,0.30182055729705826,-0.008125103838141797,0.19362679550039852,0.15877965678019382,0.3725386606686266,0.30176633737979636,-0.020562373711674315,0.2196349180815693,0.12187686074506911,0.4880837463319036,0.42014081964215594,-0.01905909105726701,-0.03820569011989835,0.0,-0.0018303225740021701,0.0,0.00021519708480781619,0.000288045831589604,0.08416966539192025,0.008630187565606132,-0.09943408530822251,0.202616105354974,0.1854410130770138,0.19783705824639727,0.15515204588832304,1.0,-0.03820569011989835,-0.0027012218099915306,-0.1109035436667648,-0.08617551342984037,-0.05588518268849688,-0.0018303225740021701,-0.002584746945917276,0.0003784246421099468,0.181870238432073,-0.013783974948542088,0.18890859553872524,0.00021519708480781619,0.0,0.0,0.0,0.0,0.0,0.0,-0.0011499400075766632,-0.005293964819465989,-0.0010751992264482924,-0.0007382957723020445,-0.08329723993642107,-0.028547037707208952,-0.0009293088835633688,0.00044194711389365795,-0.02003536745506298,-0.01806505372792668,-0.02474828263012715,-0.015568157192959132,0.3148455485121595,0.009138159363473673,0.3063241411489884,0.31759223394809477
SYN Flag Count,-0.12698952875832742,0.23120876812894228,-0.10779030149810903,-0.0018640224256158385,0.002177148096684515,0.0019197906024163698,0.010073992287442882,0.0018034063929731204,0.015218940847562956,0.10104939079777442,0.07127535280506082,0.023920642538253715,-0.08112155343549456,-0.0761313350368772,-0.08850470487441096,-0.07483033075498594,0.17031670974663823,0.21527256797610095,0.062741349536389,-0.0007582339592468693,0.0011005047540840742,0.08579932166806473,-0.0015045085621699127,0.02784358923876275,-0.011003622523772218,0.0009289143758524713,0.034656900667110815,0.011638079613709905,0.04694191023302585,-0.00018235442110615073,0.024342738076728893,0.0491153389458276,1.0,0.0,0.04790706746189357,0.0,0.0002504945744589281,0.0003705648507433183,0.22341586259630347,-0.014405104158362013,-0.0816935135765854,-0.06399088198473116,-0.04935360673545977,-0.05751828071723456,-0.04742848173441149,-0.03820569011989835,1.0,-0.003111172032973213,-0.12711342689610494,0.32982959922660643,-0.003161506676238044,0.04790706746189357,-0.00290323888694486,-0.12186664736210459,-0.0424407787136439,0.07127535280506082,-0.08850470487440851,0.0002504945744589281,0.0,0.0,0.0,0.0,0.0,0.0,0.002177148096684515,0.010082867369388042,0.0019197906024163698,0.001802384616990183,-0.03139105080863623,-0.034854230076835864,0.0021603036616449686,0.000510328596951868,0.007205811089310445,0.009847480575243489,0.007696452306348067,0.0013910415047947197,-0.016757331734057922,0.020328460762452455,-0.013085122539791636,-0.019920992849193103
RST Flag Count,0.011662285093911103,-0.0057798370269921,-0.007620998662725626,0.009358165860557419,0.000375522472031373,0.00024703648241174473,0.004637870818061555,0.0001437193013933945,0.01852274406653717,-0.004362454003511376,0.013611595876035098,0.015318934273801892,0.006110793497181641,-0.008283765308135627,0.00706129993041406,0.005851395540208741,-0.0008041893590481736,-0.003916666967015375,0.003413983464305172,0.010319379270455235,0.01506725562477197,-0.0007774510351314952,0.008405779027203727,0.002089328935937456,0.011790780529596511,0.014107128594348388,-0.0016787763887588373,-0.0029434087373619855,-0.0022882207516883354,-0.0017093216719277615,-0.0018527739124096657,-0.0016427243641170505,-0.003111172032973213,0.0,-0.00014904712846920427,0.0,1.7867447240938047e-05,2.7726027834561657e-05,-0.003632979050159605,-0.0025803848506784966,-0.009024990931076607,0.006555342456433593,0.009513290284036201,0.006376447992299432,-0.0008034507650775574,-0.0027012218099915306,-0.003111172032973213,1.0,0.02435649683212984,-0.009400985680682775,-0.004550851375604281,-0.00014904712846920427,0.9978200768710489,-0.004481385997620608,0.008749056870458904,0.013611595876035103,0.007061299930413613,1.7867447240938047e-05,0.0,0.0,0.0,0.0,0.0,0.0,0.000375522472031373,0.00464416636739658,0.00024703648241174473,0.00014372337853009662,0.020698814550650604,0.002757467047045799,0.00042015068354229535,3.599849420228248e-05,0.003509592742446474,0.007919187526194863,0.003954538070515687,6.755076130975493e-05,-0.004119119588423189,-2.7808409044896437e-05,-0.003976156559524498,-0.004132188816004064
PSH Flag Count,0.2324468760432716,-0.14856423539476857,-0.3128938744865968,0.18796684685637846,0.007203793582967693,0.00660639115082398,0.04419803144612681,0.003925773868715986,0.2221418570963667,-0.17556945807932833,0.09632246609001534,0.196591780689421,0.25424238762082324,-0.3269444864433333,0.23451466314949906,0.2383427229446756,-0.03034494640338079,-0.08634005148830841,-0.04380393458191564,-0.05618237713366288,-0.044003796043415,-0.029371185464471213,0.1795748364385384,-0.05679046740262876,-0.04318975303304408,-0.04897893677110023,-0.066538646905848,0.27217245544908497,-0.007909762303503627,0.05797207663896758,0.03957627503878451,-0.05835285793373564,-0.12711342689610494,0.0,0.006305369118270611,0.0,0.000729412883972768,0.001122081677116766,-0.09161473379811984,0.017480859197702526,-0.3622005884961511,0.2620678193486717,0.2894204573997158,0.2698361049828217,0.16183553230791536,-0.1109035436667648,-0.12711342689610494,0.02435649683212984,1.0,-0.38384541344504053,-0.18639823073837733,0.006305369118270611,0.024264016302954106,-0.005028178159261534,0.2740303765575775,0.09632246609001534,0.2345146631495146,0.000729412883972768,0.0,0.0,0.0,0.0,0.0,0.0,0.007203793582967693,0.04425849445135463,0.00660639115082398,0.003926387550575861,0.5648677505820234,0.10789869828488939,0.004684474497040777,0.0014813816881952117,0.11722733318525409,0.1262714830036872,0.16071095508841735,0.08814614555790064,-0.058741353396447656,-0.019487261061122124,-0.058550694566537095,-0.058919849593688144
ACK Flag Count,-0.3048909024142295,0.5397084558829096,-0.32570846940013204,0.053917953574325904,0.0019664524973041922,0.0016243013187921711,-0.0005388067278007451,0.0025378300665348757,-0.009829204579243914,-0.08771802132829122,0.007888108776264783,0.01912912861258997,0.006053030846949264,-0.3233393187798922,-0.008323460736522062,0.028407140302753375,0.05431207246653885,0.25888316901740094,0.104339271310307,0.13076199106801717,0.16694016316841712,0.07375883936880064,0.055722598407721355,0.047059187379132277,0.16988135194067983,0.16745368983198672,-0.014268757531911565,-0.12499009751817279,-0.05983075148515638,-0.07151682973422559,-0.0792738333498873,-0.03049632891416627,0.32982959922660643,0.0,-0.006370019761271952,0.0,0.0007533443915752049,0.0010607010452952264,0.25427558923481686,0.07981420094471137,-0.31752952541610496,0.02523504289450971,-0.04392467158636485,0.014558106344710709,0.03672569225916533,-0.08617551342984037,0.32982959922660643,-0.009400985680682775,-0.38384541344504053,1.0,0.4832860300163711,-0.006370019761271952,-0.009278399659176793,-0.1340808803820987,-0.049706062524180195,0.007888108776264783,-0.008323460736530053,0.0007533443915752049,0.0,0.0,0.0,0.0,0.0,0.0,0.0019664524973041922,-0.0005411141090359276,0.0016243013187921711,0.002537173928349935,-0.10353783061855049,0.11078274338525772,0.001891046329657105,0.001541670849986142,-0.018305916126154873,-0.04349296456505962,-0.04149970278343874,-0.005099831950571746,0.1570340135336277,0.09950418238604695,0.16519985268130583,0.14571888608767988
URG Flag Count,-0.32174977990263526,0.5107718668504477,-0.15766972595876802,-0.08744168913302737,-0.003090665660930952,-0.0025205491927187563,-0.002251202799375873,-0.00208592857532044,0.034892348411006566,0.02134588105309634,0.06124833670043618,0.04763119015423014,-0.12839637713569352,-0.16126698054415148,-0.14380988867481817,-0.11487168573303859,-0.01436132152594546,-0.01938708354576152,0.004627432706196331,-0.07032419888074096,-0.05689390714403291,0.08819683676744675,-0.08935727965500201,-0.028951120638018964,-0.057500322728571404,-0.058505844778626484,0.0007763913003733161,-0.06463131446606103,-0.043604810945058144,-0.013195646836779967,-0.02356597091127858,-0.03395410912405019,-0.003161506676238044,0.0,0.032751482342007525,0.0,0.00036146652292177995,0.0004663289952790651,-0.04178112903941523,0.1416046642203508,-0.13970893911357313,-0.0931036287254666,-0.12545608909926897,-0.09566553031838326,-0.05693175053617119,-0.05588518268849688,-0.003161506676238044,-0.004550851375604281,-0.18639823073837733,0.4832860300163711,0.9999999999999998,0.032751482342007525,-0.004560793554961112,0.29551310623289667,-0.12830736797224662,0.06124833670043618,-0.14380988867481817,0.00036146652292177995,0.0,0.0,0.0,0.0,0.0,0.0,-0.003090665660930952,-0.0022539445739928813,-0.0025205491927187563,-0.0020859130099846897,-0.05792305018241996,0.20501119055901218,-0.0023882834821043735,0.0007463453016224722,-0.018093233063019805,-0.030545491992544513,-0.031825241763261375,-0.008568706714811374,-0.0696794951287206,0.02855250840157373,-0.06404675729008524,-0.07396806026861813
CWE Flag Count,0.004010992400032872,0.0017767257939546527,-0.005163917245607755,-0.0041689568892955805,-9.171049330357696e-05,-9.92596255229497e-05,-0.0005261304264376827,-6.836999137525868e-05,-0.0027604718774927837,-0.002955957933975829,-0.0029807078814319114,-0.0023396373052638735,-0.004243395819293974,-0.00559222961741612,-0.004780372205749455,-0.003795157399093126,-0.000548215470376599,0.01900219452358344,-0.002746920045335376,-0.0034525225930932754,-0.003570769579121659,-0.0005267951962311129,-0.00409438159764219,-0.002614168824583074,-0.0032275827716240625,-0.0035073330688013718,-0.0011379281314698128,-0.0032781168004595703,-0.0019414986870227632,-0.002259950362194594,-0.002604424669417032,-0.0011137504080243517,0.04790706746189357,0.0,1.0,0.0,1.1861419454271838e-05,1.4992961475315036e-05,0.019763668746983543,-0.001532289111244512,-0.0061152492439582986,-0.004440283937227409,-0.005308624307588541,-0.0044237736286405855,-0.00281367030990084,-0.0018303225740021701,0.04790706746189357,-0.00014904712846920427,0.006305369118270611,-0.006370019761271952,0.032751482342007525,1.0,-0.0001493727495808506,-0.008537132510966154,-0.005451472360566112,-0.0029807078814319114,-0.004780372205749452,1.1861419454271838e-05,0.0,0.0,0.0,0.0,0.0,0.0,-9.171049330357696e-05,-0.0005268328749506363,-9.92596255229497e-05,-6.836948230446665e-05,0.016986307027611527,-0.0022475454986887423,-8.150258972680045e-05,2.4580069496571108e-05,-0.0012028204703861515,-0.0010005361029155964,-0.001428079931824383,-0.000966610065014898,-0.003349972376279663,-0.0010473215716782446,-0.0033964678564253905,-0.0032281822535589356
ECE Flag Count,0.011583800922111092,-0.0056902439792752444,-0.007637648148575495,0.009310964469391182,0.0003740552105151621,0.0002460600736486973,0.0046273992839697565,0.00014296695523849574,0.018506377719590475,-0.0038757788349851165,0.013723621881971458,0.015270487734464823,0.006071436989470666,-0.008299935406348423,0.007016313231980208,0.00581562388170756,-0.0008055002433187029,-0.0039248855581513215,0.003388987352398041,0.010274766917633208,0.015011480686911906,-0.0007791492466257944,0.00836112891614446,0.002068059506717359,0.011744303384457483,0.014053848429926666,-0.0016823151121953958,-0.002958101115140007,-0.002295732605036882,-0.0017201380760940759,-0.001865500889331563,-0.0016463174142411251,-0.00290323888694486,0.0,-0.0001493727495808506,0.0,1.7904758240123802e-05,2.7766801402658727e-05,-0.003640846757986075,-0.002584213815012222,-0.009039426494937892,0.00652713754353183,0.009492285355183767,0.006357841184623799,-0.0008167448108586717,-0.002584746945917276,-0.00290323888694486,0.9978200768710489,0.024264016302954106,-0.009278399659176793,-0.004560793554961112,-0.0001493727495808506,0.9999999999999999,-0.004276232196330513,0.008732367808261367,0.013723621881971463,0.007016313231979762,1.7904758240123802e-05,0.0,0.0,0.0,0.0,0.0,0.0,0.0003740552105151621,0.004633680684902558,0.0002460600736486973,0.00014297102678477731,0.02062416636479419,0.002764201524823052,0.00041874590085296166,3.6077597802136664e-05,0.003494199366658781,0.007895488506269073,0.0039367245158286514,6.117865147125337e-05,-0.004131717828299201,-3.4492512714095424e-05,-0.0039893657390957975,-0.004143974256373336
Down/Up Ratio,0.12582088950689652,0.0744113878200201,0.37423094111269734,-0.10115266706928787,0.002114384171731353,0.004238796132400825,-0.0048043820866690585,0.0035197212583271964,-0.014111730489028113,0.2972994422975541,0.06510898428856574,-0.03277558509811964,0.008345158628539349,0.2605452028058029,0.039737729589356834,-0.010767523657389717,-0.034325007733000804,-0.16259011282215582,-0.04976388112514344,-0.04590243000408224,-0.06726813352736977,-0.043262303548217605,-0.11343036553993044,-0.011612100558819352,-0.0859360106700077,-0.08120264202841626,0.033095954962130664,-0.01259788283765093,0.0388204521940913,0.04588236404800685,0.0681683412587117,0.04002586714176486,-0.12186664736210459,0.0,-0.008537132510966154,0.0,0.0009252060281028311,-0.0007766005212059498,-0.1860421807801172,0.12408930548074794,0.2573190416588495,0.008364155275087543,0.09416438221903553,0.027836887424820312,0.033932146114571536,0.0003784246421099468,-0.12186664736210459,-0.004481385997620608,-0.005028178159261534,-0.1340808803820987,0.29551310623289667,-0.008537132510966154,-0.004276232196330513,1.0,0.10394160450515072,0.06510898428856574,0.039737729589367166,0.0009252060281028311,0.0,0.0,0.0,0.0,0.0,0.0,0.002114384171731353,-0.004809973171554524,0.004238796132400825,0.003519690982128555,-0.099383522062048,-0.00924300109338153,0.0018834601333111078,0.0004603361693145496,-0.01730608141080686,-0.02042764161382338,-0.030182977284968632,-0.011937936865295458,-0.055260055015828584,-0.03970534744957037,-0.05947323306392551,-0.049772764080165836
Average Packet Size,0.17020345934803485,-0.12384198516650766,-0.10122639848348117,0.4232000428361106,0.022424301882574663,0.02270516408385534,0.07970485423299353,0.02127570418639166,0.3420139128889021,0.0017943463949522923,0.32224028816865,0.33717680260565963,0.8778759546392474,-0.09692552880907941,0.9183363753396973,0.8527090645833669,0.08923139336158496,-0.11351968752471304,0.1895276957967603,0.42127999811437233,0.5080910936432638,-0.022856534613533312,0.41887779749141973,0.19577137959682767,0.5310215366076463,0.5039891623230018,-0.03364386349186867,0.21660085341645322,0.05395603459274423,0.2930480107622361,0.26551884190068004,-0.03122309195459569,-0.0424407787136439,0.0,-0.005451472360566112,0.0,0.0003876787924248161,0.0009429520688006463,-0.10450146751024292,-0.08013285692456823,-0.11758530881600715,0.914566937411054,0.9978436220702024,0.9444811437992692,0.8165402461412276,0.181870238432073,-0.0424407787136439,0.008749056870458904,0.2740303765575775,-0.049706062524180195,-0.12830736797224662,-0.005451472360566112,0.008732367808261367,0.10394160450515072,1.0,0.32224028816865,0.9183363753397049,0.0003876787924248161,0.0,0.0,0.0,0.0,0.0,0.0,0.022424301882574663,0.07981052035454524,0.02270516408385534,0.021275667853902006,0.13835503357611087,-0.05310719225060843,0.01727568397693768,0.0008352519438759443,0.0876716108848982,0.05510288369753013,0.09299477170713821,0.07905305264208623,0.5030766811873396,0.15389666648559164,0.508098712807737,0.4870737876310102
Avg Fwd Segment Size,-0.03472283629352003,0.15095194688894423,0.0017209862753494328,0.15432755455818126,0.00039148964746638516,-3.178143848759134e-05,0.185986738331695,-0.0012327447986788392,0.8884160181630706,0.269458227219019,1.0,0.8943599041877088,0.02268353217626351,-0.008092660605117196,0.015226994310654033,0.01726822228463533,0.10192246676442056,-0.04808476989080842,0.06058417935590585,0.1293225013434361,0.15895064291292518,-0.009168395916896898,0.15064995663909053,0.07800508463018299,0.1785882211588953,0.16203525817076495,-0.004724560325313362,0.18435803411826668,0.07042690691687739,0.24202128745625848,0.23416272328575638,-0.0025264301420830416,0.07127535280506082,0.0,-0.0029807078814319114,0.0,-0.0001254338975732933,0.00012144161506636103,-0.04409801905807922,-0.03512909254136636,0.026280796073573497,0.3043770908620098,0.3189508931940996,0.29711979821652207,0.22436308076331907,-0.013783974948542088,0.07127535280506082,0.013611595876035103,0.09632246609001534,0.007888108776264783,0.06124833670043618,-0.0029807078814319114,0.013723621881971463,0.06510898428856574,0.32224028816865,1.0,0.015226994310657266,-0.0001254338975732933,0.0,0.0,0.0,0.0,0.0,0.0,0.00039148964746638516,0.18623125653762745,-3.178143848759134e-05,-0.0012327227495399968,0.05952712180924507,-0.001238070962747716,0.000598305152217864,-2.8933817229828035e-05,0.09638165851009982,0.05931185633948692,0.09767157845062112,0.08367533639009417,0.1367400037045731,0.18071254580050952,0.15709251096326707,0.11285396019112896
Avg Bwd Segment Size,0.20064662569103514,-0.19118778437023623,-0.12570363849496544,0.4726481107732073,0.02173152884716933,0.02173729238570921,0.02149112512682448,0.020760050701909755,0.09075067205789128,-0.08527250305025437,0.015226994310657266,0.07996643353250893,0.9597193479693499,-0.11402455893674467,1.0,0.9421246242226803,-0.02335970236911961,-0.12368144897820291,0.22276760137360085,0.48797053937508855,0.5836075234214296,-0.024357456617392907,0.4691104311204717,0.21655144530568515,0.5989626324283132,0.5787923210063405,-0.03724457850441152,0.17707627087152547,0.03647123517810254,0.24334660333393923,0.21366009923806079,-0.03465031391518916,-0.08850470487440851,0.0,-0.004780372205749452,0.0,0.000569165134714613,0.0009298170553975615,-0.11556550682920182,-0.07600115135449201,-0.1667033901025303,0.9074067622043113,0.9242755294589763,0.9217691501286835,0.7962194520621193,0.18890859553872524,-0.08850470487440851,0.007061299930413613,0.2345146631495146,-0.008323460736530053,-0.14380988867481817,-0.004780372205749452,0.007016313231979762,0.039737729589367166,0.9183363753397049,0.015226994310657266,1.0,0.000569165134714613,0.0,0.0,0.0,0.0,0.0,0.0,0.02173152884716933,0.021520693284652725,0.02173729238570921,0.02076001731134314,0.12471474576452968,-0.052318454692663226,0.016539420701884647,0.0010151003911130587,0.08103260544401776,0.03764731225649983,0.07890170444881973,0.07912830497763476,0.5798128832800737,0.17362347533757433,0.584869123651843,0.5620701484927756
Fwd Header Length.1,0.0010781339758245505,0.0003526125040366698,-0.0016551872558224555,-0.00021049881641273767,0.0004734108892555701,0.0007545986845104457,-0.0013510659929075969,0.0007494271840707156,0.00018285984127340308,-0.0007143556292110629,-0.0001254338975732933,0.00022572879684516298,0.0005156724308290103,0.0005415274891061549,0.0005691651347146117,0.00045413342505216736,3.85697938270246e-05,0.0002191944830345822,0.00022448420141376203,0.00019563866035814928,-4.181267373699635e-05,6.1027700300500854e-05,-0.0002212229428758657,0.00021814284262527408,0.00015702286603069886,-4.853125244677966e-05,0.00012520769761836247,0.00021614868134369177,0.00013789485793416626,1.477571691129659e-05,5.6373324031076335e-05,0.0001211912833563979,0.0002504945744589281,0.0,1.1861419454271838e-05,0.0,1.0,0.06921867597382328,0.00019590973037540303,0.00019322591000305793,-0.00178226826935173,0.00048787325488770637,0.0003549634679222727,0.0005072424935275721,0.00033653017743586996,0.00021519708480781619,0.0002504945744589281,1.7867447240938047e-05,0.000729412883972768,0.0007533443915752049,0.00036146652292177995,1.1861419454271838e-05,1.7904758240123802e-05,0.0009252060281028311,0.0003876787924248161,-0.0001254338975732933,0.000569165134714613,1.0,0.0,0.0,0.0,0.0,0.0,0.0,0.0004734108892555701,-0.0013529118996110823,0.0007545986845104457,0.0007494227548318667,0.0005503917638321061,0.00026527900945123704,0.0003364288653937463,0.5664488927199608,-0.0014822507785497972,-0.002245142977560309,-0.0017596712181026709,-0.000376721280219305,0.00011223078909400181,-0.0006187341205966374,-2.1484637307123226e-05,0.00022144702256774568
Fwd Avg Bytes/Bulk,0.0,0.0,0.0,0.0,0.0,0.0,0.0,0.0,0.0,0.0,0.0,0.0,0.0,0.0,0.0,0.0,0.0,0.0,0.0,0.0,0.0,0.0,0.0,0.0,0.0,0.0,0.0,0.0,0.0,0.0,0.0,0.0,0.0,0.0,0.0,0.0,0.0,0.0,0.0,0.0,0.0,0.0,0.0,0.0,0.0,0.0,0.0,0.0,0.0,0.0,0.0,0.0,0.0,0.0,0.0,0.0,0.0,0.0,0.0,0.0,0.0,0.0,0.0,0.0,0.0,0.0,0.0,0.0,0.0,0.0,0.0,0.0,0.0,0.0,0.0,0.0,0.0,0.0,0.0,0.0
Fwd Avg Packets/Bulk,0.0,0.0,0.0,0.0,0.0,0.0,0.0,0.0,0.0,0.0,0.0,0.0,0.0,0.0,0.0,0.0,0.0,0.0,0.0,0.0,0.0,0.0,0.0,0.0,0.0,0.0,0.0,0.0,0.0,0.0,0.0,0.0,0.0,0.0,0.0,0.0,0.0,0.0,0.0,0.0,0.0,0.0,0.0,0.0,0.0,0.0,0.0,0.0,0.0,0.0,0.0,0.0,0.0,0.0,0.0,0.0,0.0,0.0,0.0,0.0,0.0,0.0,0.0,0.0,0.0,0.0,0.0,0.0,0.0,0.0,0.0,0.0,0.0,0.0,0.0,0.0,0.0,0.0,0.0,0.0
Fwd Avg Bulk Rate,0.0,0.0,0.0,0.0,0.0,0.0,0.0,0.0,0.0,0.0,0.0,0.0,0.0,0.0,0.0,0.0,0.0,0.0,0.0,0.0,0.0,0.0,0.0,0.0,0.0,0.0,0.0,0.0,0.0,0.0,0.0,0.0,0.0,0.0,0.0,0.0,0.0,0.0,0.0,0.0,0.0,0.0,0.0,0.0,0.0,0.0,0.0,0.0,0.0,0.0,0.0,0.0,0.0,0.0,0.0,0.0,0.0,0.0,0.0,0.0,0.0,0.0,0.0,0.0,0.0,0.0,0.0,0.0,0.0,0.0,0.0,0.0,0.0,0.0,0.0,0.0,0.0,0.0,0.0,0.0
Bwd Avg Bytes/Bulk,0.0,0.0,0.0,0.0,0.0,0.0,0.0,0.0,0.0,0.0,0.0,0.0,0.0,0.0,0.0,0.0,0.0,0.0,0.0,0.0,0.0,0.0,0.0,0.0,0.0,0.0,0.0,0.0,0.0,0.0,0.0,0.0,0.0,0.0,0.0,0.0,0.0,0.0,0.0,0.0,0.0,0.0,0.0,0.0,0.0,0.0,0.0,0.0,0.0,0.0,0.0,0.0,0.0,0.0,0.0,0.0,0.0,0.0,0.0,0.0,0.0,0.0,0.0,0.0,0.0,0.0,0.0,0.0,0.0,0.0,0.0,0.0,0.0,0.0,0.0,0.0,0.0,0.0,0.0,0.0
Bwd Avg Packets/Bulk,0.0,0.0,0.0,0.0,0.0,0.0,0.0,0.0,0.0,0.0,0.0,0.0,0.0,0.0,0.0,0.0,0.0,0.0,0.0,0.0,0.0,0.0,0.0,0.0,0.0,0.0,0.0,0.0,0.0,0.0,0.0,0.0,0.0,0.0,0.0,0.0,0.0,0.0,0.0,0.0,0.0,0.0,0.0,0.0,0.0,0.0,0.0,0.0,0.0,0.0,0.0,0.0,0.0,0.0,0.0,0.0,0.0,0.0,0.0,0.0,0.0,0.0,0.0,0.0,0.0,0.0,0.0,0.0,0.0,0.0,0.0,0.0,0.0,0.0,0.0,0.0,0.0,0.0,0.0,0.0
Bwd Avg Bulk Rate,0.0,0.0,0.0,0.0,0.0,0.0,0.0,0.0,0.0,0.0,0.0,0.0,0.0,0.0,0.0,0.0,0.0,0.0,0.0,0.0,0.0,0.0,0.0,0.0,0.0,0.0,0.0,0.0,0.0,0.0,0.0,0.0,0.0,0.0,0.0,0.0,0.0,0.0,0.0,0.0,0.0,0.0,0.0,0.0,0.0,0.0,0.0,0.0,0.0,0.0,0.0,0.0,0.0,0.0,0.0,0.0,0.0,0.0,0.0,0.0,0.0,0.0,0.0,0.0,0.0,0.0,0.0,0.0,0.0,0.0,0.0,0.0,0.0,0.0,0.0,0.0,0.0,0.0,0.0,0.0
Subflow Fwd Packets,0.004336629858542534,-0.0036926950363562116,-0.004430648053659627,0.021175937744957782,1.0,0.9990697653006515,0.3655174949359334,0.9969915078899213,0.009654675720531924,-0.0026187465544088295,0.00039148964746638516,0.0016815271857018718,0.02312317536295106,-0.004824889840334992,0.021731528847167985,0.006884181522711849,0.0004531419246741301,-0.002289392026601978,-0.0006779123968008623,-8.410981022772339e-05,0.0027150882514687075,-0.0004766142440798408,0.020847957141302786,-0.0007090165628583165,0.00047172647907310194,0.0022627550600593767,-0.0010142811307860748,0.02430579293990667,-0.0003974377022379016,0.0010334452686315185,0.003716831246198103,-0.0008663019721411594,0.002177148096684515,0.0,-9.171049330357696e-05,0.0,0.0004734108892555701,0.013746398323510689,-0.002125686455102294,-0.0014980960650713795,-0.005412677687894135,0.022328503963886023,0.02474331595068895,0.012472147238753813,0.005790262641099586,-0.0011499400075766632,0.002177148096684515,0.000375522472031373,0.007203793582967693,0.0019664524973041922,-0.003090665660930952,-9.171049330357696e-05,0.0003740552105151621,0.002114384171731353,0.022424301882574663,0.00039148964746638516,0.02173152884716933,0.0004734108892555701,0.0,0.0,0.0,0.0,0.0,0.0,1.0,0.3659992621644017,0.9990697653006515,0.9969853645662675,0.004264087592302907,-9.925756553424383e-05,0.8873870416292211,-0.00018737563261933174,0.040052416929564176,0.008445241535197228,0.030599271169586537,0.041379866140993836,0.0022139668204263665,0.0009350552051250389,0.0023047968076462724,0.002051093568991373
Subflow Fwd Bytes,0.0006141314067287318,0.013287120276267453,-0.020591423815807496,0.0671723339315632,0.3659992621644017,0.35993342400928335,0.9999993579857875,0.3542268177579062,0.19797490864983516,0.0012980542701602842,0.18623125653762745,0.1607817402799839,0.025316945189475793,-0.021971621635583378,0.021520693284638702,0.012075745118776174,0.0031516420365183062,-0.012153493621238565,0.0058033570616564,0.016614712504017606,0.028725090919086184,-0.0025182808136970823,0.06632850734200986,0.007281765021141871,0.02481975655190882,0.028738505427389958,-0.004826874960826606,0.07905862634126082,0.008776722104823114,0.03754659220281776,0.043184652625192145,-0.003801855868149684,0.010082867369388042,0.0,-0.0005268328749506363,0.0,-0.0013529118996110823,0.0050092559358441355,-0.011196674366915836,-0.008515851517299751,-0.021623889873960016,0.07837931027966104,0.08500387945868022,0.06131246550346371,0.03690599668142989,-0.005293964819465989,0.010082867369388042,0.00464416636739658,0.04425849445135463,-0.0005411141090359276,-0.0022539445739928813,-0.0005268328749506363,0.004633680684902558,-0.004809973171554524,0.07981052035454524,0.18623125653762745,0.021520693284652725,-0.0013529118996110823,0.0,0.0,0.0,0.0,0.0,0.0,0.3659992621644017,1.0,0.35993342400928335,0.35423343485884506,0.03245671095666634,0.012613955112490943,0.4079692046319768,-0.00122298264425032,0.10175971437974825,0.10389354323946787,0.12724148706550745,0.06888938473492641,0.02433994473808826,0.027636598449067677,0.027763161364151315,0.020275598996733868
Subflow Bwd Packets,0.004127914055734165,-0.003489699979507786,-0.003951354393880439,0.01991599812218701,0.9990697653006515,1.0,0.3594517175104993,0.9944288293993129,0.009281702283305635,-0.002290420305504873,-3.178143848759134e-05,0.0012587521847048238,0.022814573138597267,-0.004214914492807715,0.021737292385707294,0.006472194096337416,0.0003468822571839032,-0.0024815227396998473,-0.0010842971919228187,-0.0006340298682411446,0.0021774282611845097,-0.0005166121305675943,0.019570673268699348,-0.0009523664030365718,-0.0001285636003147397,0.0017122330088680947,-0.0009135772277781894,0.02365690945864126,-0.0006006076192712217,0.0007758673713753692,0.003733507459228036,-0.0008491909463020189,0.0019197906024163698,0.0,-9.92596255229497e-05,0.0,0.0007545986845104457,0.013762616520814197,-0.0023657356258287355,-0.001218299537245269,-0.004971287665494449,0.021959465972313283,0.025017209537208655,0.012222268062043379,0.00569112573549727,-0.0010751992264482924,0.0019197906024163698,0.00024703648241174473,0.00660639115082398,0.0016243013187921711,-0.0025205491927187563,-9.92596255229497e-05,0.0002460600736486973,0.004238796132400825,0.02270516408385534,-3.178143848759134e-05,0.02173729238570921,0.0007545986845104457,0.0,0.0,0.0,0.0,0.0,0.0,0.9990697653006515,0.35993342400928335,1.0,0.9944236515930832,0.003655952007011955,-0.00015633490780655676,0.8825670989029304,1.5727147141208652e-05,0.03905514161000355,0.006534175550934739,0.028716072153461246,0.041355521273598976,0.001754601113475495,0.0005970974550771018,0.001789513823070233,0.0016477366929792433
Subflow Bwd Bytes,0.0032035739486169757,-0.0027651900327236114,-0.0034304182015091863,0.016330976731229584,0.9969853645662675,0.9944236515930832,0.3537543804591134,0.999999860135099,0.006777643396953502,-0.0019687893644006506,-0.0012327227495399968,-0.0003074540094311635,0.02204571340913654,-0.00347223943843149,0.020760017311342072,0.006280239633595952,0.0005275975546357018,-0.0017280123396515674,-0.001176846115720502,-0.0009088067074399689,0.001389417193856873,-0.00035648773463527113,0.016021404992202573,-0.0010950899203889953,-0.000491942253594225,0.0009345897079063018,-0.0007611771879244872,0.019242832003976116,-0.0009878176850718376,-0.00028936407257477466,0.002135716001113787,-0.0007439117730572931,0.001802384616990183,0.0,-6.836948230446665e-05,0.0,0.0007494227548318667,0.013688742133011371,-0.0016360785752993494,-0.000923034224004798,-0.004069222186115075,0.020939169934941042,0.023382496157503947,0.011476393141772184,0.006131906425490447,-0.0007382957723020445,0.001802384616990183,0.00014372337853009662,0.003926387550575861,0.002537173928349935,-0.0020859130099846897,-6.836948230446665e-05,0.00014297102678477731,0.003519690982128555,0.021275667853902006,-0.0012327227495399968,0.02076001731134314,0.0007494227548318667,0.0,0.0,0.0,0.0,0.0,0.0,0.9969853645662675,0.35423343485884506,0.9944236515930832,0.9999999999999998,0.0016318941282894995,-0.0003967153785174533,0.8839866653945865,1.632545569709925e-05,0.03600909576142634,0.003560221047152047,0.024908291633330287,0.039113482117246065,0.0010355894215347593,0.00017737543214984877,0.001027300852778273,0.0010077204530105634
Init_Win_bytes_forward,0.17057183169661647,-0.0909961429030674,-0.2360845947426532,0.11625060772129345,0.004264087592302907,0.003655952007011955,0.032412436152441354,0.0016317206815251218,0.16523683548766543,-0.12561694699141743,0.05952712180924507,0.13980825086250212,0.13025518345188825,-0.2468802264996721,0.12471474576451963,0.10921306312034658,-0.012588296461420954,-0.06055886719363036,0.03297547030667781,-0.04120376713730592,-0.017544119073068628,0.0803814767418112,0.11089193665834778,-0.015244996286929463,-0.032861948099220765,-0.02112235023763156,-0.01364408316482313,0.15320433423042565,-0.01089696771904026,0.027578993709525067,0.014200508571719266,-0.03860910285684984,-0.03139105080863623,0.0,0.016986307027611527,0.0,0.0005503917638321061,0.0008418969506213829,-0.060722361799407674,-0.009442452068763284,-0.2627532522704348,0.1330418623045994,0.1540020894813077,0.1267047080937987,0.029107442459010275,-0.08329723993642107,-0.03139105080863623,0.020698814550650604,0.5648677505820234,-0.10353783061855049,-0.05792305018241996,0.016986307027611527,0.02062416636479419,-0.099383522062048,0.13835503357611087,0.05952712180924507,0.12471474576452968,0.0005503917638321061,0.0,0.0,0.0,0.0,0.0,0.0,0.004264087592302907,0.03245671095666634,0.003655952007011955,0.0016318941282894995,1.0,0.10289590948879505,0.0012387720385854044,0.0011189184147272694,0.08149008158073202,0.07211507864278657,0.10027388854345629,0.06619412874278376,-0.03917516411705432,-0.015351774373306811,-0.03894739995099643,-0.03882700081838622
Init_Win_bytes_backward,-0.11663225083642867,0.21712761035383873,-0.11493382567762372,-0.011671433574185897,-9.925756553424383e-05,-0.00015633490780655676,0.012597038366832907,-0.0003967224595350134,0.029948603882599484,-0.05763843510221296,-0.001238070962747716,0.026762838015616297,-0.040895959117633156,-0.1177436057832156,-0.052318454692663656,-0.03746376247732225,-0.01121773030508786,-0.03017088366477006,-0.018962406445996206,-0.030527257961833955,-0.04054781226456063,-0.011393825942446912,-0.012681277721384023,-0.025209170579768663,-0.02652722116187176,-0.041419054816172605,-0.02329799849102382,0.00292352595626349,-0.022774320049408547,-0.022298069465992856,-0.029496823247034766,-0.018868680297902198,-0.034854230076835864,0.0,-0.0022475454986887423,0.0,0.00026527900945123704,0.0003660349872386853,-0.039408350919481715,0.05684299322958036,-0.1270400212777934,-0.035409404761302034,-0.048090212321948385,-0.038835288857555876,-0.04136669446510538,-0.028547037707208952,-0.034854230076835864,0.002757467047045799,0.10789869828488939,0.11078274338525772,0.20501119055901218,-0.0022475454986887423,0.002764201524823052,-0.00924300109338153,-0.05310719225060843,-0.001238070962747716,-0.052318454692663226,0.00026527900945123704,0.0,0.0,0.0,0.0,0.0,0.0,-9.925756553424383e-05,0.012613955112490943,-0.00015633490780655676,-0.0003967153785174533,0.10289590948879505,1.0,2.7385005616833875e-05,0.0005438274676854276,0.0202943226689502,0.01941699537749991,0.02575708879724349,0.01502027943036824,-0.05021683598423635,-0.01506097535813987,-0.0507989233525231,-0.048846612725322376
act_data_pkt_fwd,0.0031652225950424863,-0.0028526948411114047,-0.003095119734425828,0.016144409281746874,0.8873870416292211,0.8825670989029304,0.40743250161885747,0.8839675087778142,0.00775637857276826,-0.0018339332116090617,0.0005983051522178637,0.0012225150430445627,0.01698423406538773,-0.00341549875199098,0.016539420701883398,0.004899285065158641,0.0004550201484755401,-0.0018159479042356688,-0.0008032781905622804,-0.0005628488003835228,0.0014658983826742035,-0.0003805281883958459,0.015849882611905706,-0.0007762648663690711,-0.000233952995482575,0.0010592758630267674,-0.0007347491306406479,0.01932353850153124,-0.0003224992822463579,0.0006759958535762973,0.0028852826792086198,-0.0006008748686035121,0.0021603036616449686,0.0,-8.150258972680045e-05,0.0,0.0003364288653937463,0.012123791871861567,-0.0016972580978425905,-0.0011153445892112756,-0.0037881842034941564,0.0164853074378867,0.019074945495177485,0.009388319504311952,0.004419584090273604,-0.0009293088835633688,0.0021603036616449686,0.00042015068354229535,0.004684474497040777,0.001891046329657105,-0.0023882834821043735,-8.150258972680045e-05,0.00041874590085296166,0.0018834601333111078,0.01727568397693768,0.000598305152217864,0.016539420701884647,0.0003364288653937463,0.0,0.0,0.0,0.0,0.0,0.0,0.8873870416292211,0.4079692046319768,0.8825670989029304,0.8839866653945865,0.0012387720385854044,2.7385005616833875e-05,1.0,-0.0002310644486023455,0.03004715344497751,0.005559493030843926,0.02215523074965578,0.03145892792179029,0.0011082832280007956,0.0008066589414925483,0.0012033424852744019,0.0009746802896491821
min_seg_size_forward,0.0013542284220150844,0.0007863172211244357,-0.0033780634260518207,-0.001447110102405314,-0.00018737563261933174,1.5727147141208652e-05,-0.0012213262562964255,1.6325581227934557e-05,0.00044470032177571726,-0.001245802835365274,-2.8933817229828035e-05,0.0005147176582353009,0.0009823891456561605,0.00011684825850019159,0.0010151003911130548,0.0009179345223351708,7.183359344545746e-05,0.00045743376910343045,-0.00028819452000991406,-0.000815790035902307,-0.001466517662138841,0.00011677703501023048,-0.00147040917659751,-0.0003144733122869054,-0.0011431678921026876,-0.0014770606357233033,0.0001645419288055231,-0.0014148750920018715,-0.0005763941155792267,-0.002358294749244357,-0.002297065463322815,0.00014502582459882045,0.000510328596951868,0.0,2.4580069496571108e-05,0.0,0.5664488927199608,0.6793531969294908,0.00042413017921474503,0.000303835005474253,-0.0031396900043627516,0.0009814856332756973,0.0007943037842657673,0.0010224684549153707,0.0006794874846495219,0.00044194711389365795,0.000510328596951868,3.599849420228248e-05,0.0014813816881952117,0.001541670849986142,0.0007463453016224722,2.4580069496571108e-05,3.6077597802136664e-05,0.0004603361693145496,0.0008352519438759443,-2.8933817229828035e-05,0.0010151003911130587,0.5664488927199608,0.0,0.0,0.0,0.0,0.0,0.0,-0.00018737563261933174,-0.00122298264425032,1.5727147141208652e-05,1.632545569709925e-05,0.0011189184147272694,0.0005438274676854276,-0.0002310644486023455,1.0,-0.008839985097160063,-0.005817822028339326,-0.007355457649444775,-0.006854639163762176,-0.0009523902214086326,-0.0037432627706589327,-0.0014815730446540117,-0.0004209529749971211
Active Mean,0.02424225528610703,-0.03013381788202122,-0.055320879620777856,0.1925564706212387,0.040052416929564176,0.03905514161000355,0.10163526726651152,0.03601225250416714,0.12680622392498414,-0.029682555605724983,0.09638165851009982,0.10893036175015304,0.08052375432412727,-0.05900256515739182,0.0810326054440082,0.06408985657702777,-0.0065189685129912935,-0.03162030346217892,0.06842022487905278,0.09207084887802228,0.1335355156247112,0.0004926500672386511,0.187733711296136,0.047232128616776566,0.09880381838016732,0.13059732598570664,-0.0006971111881044036,0.15014427834570507,0.04833047672854555,0.09247535274147219,0.1236447159174102,0.01647234881713614,0.007205811089310445,0.0,-0.0012028204703861515,0.0,-0.0014822507785497972,-0.006947822560549302,-0.029325471595628826,-0.02086156897646503,-0.061736798004958925,0.10238029243584765,0.09663315705771935,0.08462123361877036,0.04420238313604284,-0.02003536745506298,0.007205811089310445,0.003509592742446474,0.11722733318525409,-0.018305916126154873,-0.018093233063019805,-0.0012028204703861515,0.003494199366658781,-0.01730608141080686,0.0876716108848982,0.09638165851009982,0.08103260544401776,-0.0014822507785497972,0.0,0.0,0.0,0.0,0.0,0.0,0.040052416929564176,0.10175971437974825,0.03905514161000355,0.03600909576142634,0.08149008158073202,0.0202943226689502,0.03004715344497751,-0.008839985097160063,1.0,0.4353703024420278,0.8318180394378195,0.9059472779413376,0.12346924172401351,0.07176748499513895,0.1359530540776599,0.11313842796430382
Active Std,0.021861546996991027,-0.039075657338442905,-0.05455042594975144,0.24302594559018428,0.008445241535197228,0.006534175550934739,0.10379049702062759,0.003560026831563783,0.09344485247116499,-0.027627586203634827,0.05931185633948692,0.07036737095059423,0.043876702270232326,-0.051355775036631725,0.03764731225648648,0.020398370735787406,-0.0054454617212986375,-0.02630443031151427,0.023386697381669565,0.032196730549927964,0.056578608477813506,-0.005191443807928527,0.2396456035868809,0.015233056571922287,0.03556621955524275,0.0559213647794138,-0.010770552096866934,0.2678821005693629,0.07311452848691379,0.09724384595178065,0.10897008591732786,0.025429432263109727,0.009847480575243489,0.0,-0.0010005361029155964,0.0,-0.002245142977560309,-0.0042269728634397995,-0.02439448343559456,-0.017360325255765856,-0.05716340014145579,0.05026376954914226,0.06415145699200057,0.03620525228651589,-0.005290552523654539,-0.01806505372792668,0.009847480575243489,0.007919187526194863,0.1262714830036872,-0.04349296456505962,-0.030545491992544513,-0.0010005361029155964,0.007895488506269073,-0.02042764161382338,0.05510288369753013,0.05931185633948692,0.03764731225649983,-0.002245142977560309,0.0,0.0,0.0,0.0,0.0,0.0,0.008445241535197228,0.10389354323946787,0.006534175550934739,0.003560221047152047,0.07211507864278657,0.01941699537749991,0.005559493030843926,-0.005817822028339326,0.4353703024420278,1.0,0.7919940393237193,0.03481677706138301,0.0397081941012,0.08240623583905098,0.058380241147987615,0.0266649823986004
Active Max,0.029247743706224138,-0.045306103032800055,-0.07235781689603091,0.2971531404055486,0.030599271169586537,0.028716072153461246,0.12710315964030985,0.02491023012002749,0.1461122084886226,-0.03764844033083855,0.09767157845062112,0.11841511683193415,0.08401357707037199,-0.0719353316319796,0.07890170444880458,0.05698767748932801,-0.0077556047056764055,-0.037543342962201694,0.05662353766289165,0.07171000174698858,0.10422645302606512,-0.0031617689797531975,0.29281621697210425,0.03987880467395543,0.07735104718759471,0.1024404750865369,-0.0077865899545923505,0.29011672117561094,0.06169025539287927,0.10196549253361537,0.12180899343046732,0.013009261991691976,0.007696452306348067,0.0,-0.001428079931824383,0.0,-0.0017596712181026709,-0.005423043696894587,-0.034818008840595945,-0.024773456203214143,-0.07824530605448521,0.10152509338165365,0.10489573308827435,0.08020979178352747,0.025177387678753417,-0.02474828263012715,0.007696452306348067,0.003954538070515687,0.16071095508841735,-0.04149970278343874,-0.031825241763261375,-0.001428079931824383,0.0039367245158286514,-0.030182977284968632,0.09299477170713821,0.09767157845062112,0.07890170444881973,-0.0017596712181026709,0.0,0.0,0.0,0.0,0.0,0.0,0.030599271169586537,0.12724148706550745,0.028716072153461246,0.024908291633330287,0.10027388854345629,0.02575708879724349,0.02215523074965578,-0.007355457649444775,0.8318180394378195,0.7919940393237193,1.0,0.5850189738278777,0.09313763006254569,0.0714011814057768,0.10700656255642683,0.08142782783999544
Active Min,0.02136292701563116,-0.018889685065880818,-0.040024315886119,0.12411433769059896,0.041379866140993836,0.041355521273598976,0.06879616716531026,0.03911712381134271,0.10787815297880131,-0.022900652477051062,0.08367533639009417,0.09614221021591043,0.07664516513468092,-0.04676255776724848,0.07912830497762824,0.06641818188200688,-0.005230057194995957,-0.02540999181053353,0.06792049483975048,0.08944935736053909,0.12314692150888013,0.0025515024976467274,0.1201155975500594,0.047869378539922326,0.09555306972883476,0.12024163368625866,0.0033210962138592094,0.07353209643366666,0.022430253647354594,0.06230904132689446,0.09013807469916074,0.004773069864766522,0.0013910415047947197,0.0,-0.000966610065014898,0.0,-0.000376721280219305,-0.005691811690775618,-0.023566218955599915,-0.016762045655189777,-0.04778374023383668,0.09816443373520072,0.08578856906362121,0.08323395395629592,0.05228910755921285,-0.015568157192959132,0.0013910415047947197,6.755076130975493e-05,0.08814614555790064,-0.005099831950571746,-0.008568706714811374,-0.000966610065014898,6.117865147125337e-05,-0.011937936865295458,0.07905305264208623,0.08367533639009417,0.07912830497763476,-0.000376721280219305,0.0,0.0,0.0,0.0,0.0,0.0,0.041379866140993836,0.06888938473492641,0.041355521273598976,0.039113482117246065,0.06619412874278376,0.01502027943036824,0.03145892792179029,-0.006854639163762176,0.9059472779413376,0.03481677706138301,0.5850189738278777,1.0,0.12067562877889802,0.039285146744598015,0.1251916590741303,0.11538213174438758
Idle Mean,0.11624661802000878,-0.09678467531227583,-0.10234709460037451,0.7710409733404531,0.0022139668204263665,0.001754601113475495,0.024307356370677196,0.0010354524572809406,0.18874712608143962,-0.06058919984573175,0.1367400037045731,0.1895068130670106,0.5830071706589415,-0.13409921334367744,0.5798128832800898,0.553821647919875,-0.01824518027582355,-0.08807364707711622,0.6060842410090872,0.9324284263257744,0.9799209726383281,0.03005103552576541,0.771500427091019,0.6638148787202579,0.9055632312113195,0.9783578756147557,0.30025348560814047,0.4507627263252234,0.46488630879625,0.5512779108888327,0.6522614499061868,0.31373866394884375,-0.016757331734057922,0.0,-0.003349972376279663,0.0,0.00011223078909400181,-0.0011991586830621397,-0.08167790770054624,-0.058131602650668336,-0.13217325298039193,0.5909452970939746,0.5163710245102368,0.5538200498096971,0.40040007473789135,0.3148455485121595,-0.016757331734057922,-0.004119119588423189,-0.058741353396447656,0.1570340135336277,-0.0696794951287206,-0.003349972376279663,-0.004131717828299201,-0.055260055015828584,0.5030766811873396,0.1367400037045731,0.5798128832800737,0.00011223078909400181,0.0,0.0,0.0,0.0,0.0,0.0,0.0022139668204263665,0.02433994473808826,0.001754601113475495,0.0010355894215347593,-0.03917516411705432,-0.05021683598423635,0.0011082832280007956,-0.0009523902214086326,0.12346924172401351,0.0397081941012,0.09313763006254569,0.12067562877889802,1.0,0.15285341368676517,0.9904961638531615,0.990314710155725
Idle Std,0.028946608812963,0.014729164630417261,-0.04537968298341019,0.24528573175156,0.0009350552051250389,0.0005970974550771018,0.027601804916289656,0.00017733296152202586,0.18022532232701408,-0.02667700963014687,0.18071254580050952,0.19311683986334413,0.17360857656059814,-0.048070885744940645,0.17362347533756936,0.18082151093149673,-0.005704230949744357,-0.027534992573418356,0.14355324307688264,0.23674245833917812,0.28193443725252904,-0.004246321224084577,0.2446710872294887,0.1273966045112956,0.2807615107572622,0.287299186776106,-0.003146540277095567,0.12040852883939054,0.07995119051236305,0.1635355896227608,0.1723559578831976,0.027792974404879787,0.020328460762452455,0.0,-0.0010473215716782446,0.0,-0.0006187341205966374,-0.004584403539234351,-0.025535448798506815,-0.018174066706790438,-0.054247847394929945,0.2273865882391046,0.15910351488723762,0.2069417329257317,0.17349880900152767,0.009138159363473673,0.020328460762452455,-2.7808409044896437e-05,-0.019487261061122124,0.09950418238604695,0.02855250840157373,-0.0010473215716782446,-3.4492512714095424e-05,-0.03970534744957037,0.15389666648559164,0.18071254580050952,0.17362347533757433,-0.0006187341205966374,0.0,0.0,0.0,0.0,0.0,0.0,0.0009350552051250389,0.027636598449067677,0.0005970974550771018,0.00017737543214984877,-0.015351774373306811,-0.01506097535813987,0.0008066589414925483,-0.0037432627706589327,0.07176748499513895,0.08240623583905098,0.0714011814057768,0.039285146744598015,0.15285341368676517,0.9999999999999998,0.285110083096303,0.014954102228602686
Idle Max,0.11691489222006965,-0.09223450509721197,-0.1057665795581571,0.7824400631770069,0.0023047968076462724,0.001789513823070233,0.027726560332383687,0.0010271622806335768,0.2070936471828603,-0.06253274290422885,0.15709251096326707,0.20957995057614348,0.5880067853354085,-0.13677409210740749,0.5848691236518581,0.5606734360715028,-0.018498431991274867,-0.08929605383252083,0.6077919440677241,0.936627492374981,0.989302898613797,0.0286050125041505,0.782812770690203,0.6610436895665979,0.9163657536068169,0.9884916964007481,0.290631303513244,0.45496249016993956,0.464166286864234,0.55865886419499,0.6580083947714825,0.3097339840449815,-0.013085122539791636,0.0,-0.0033964678564253905,0.0,-2.1484637307123226e-05,-0.0017790252188300349,-0.08281154485892178,-0.058938437634431295,-0.1358587837547826,0.6029273450669096,0.5217093640810018,0.5642335728041713,0.41103918453775373,0.3063241411489884,-0.013085122539791636,-0.003976156559524498,-0.058550694566537095,0.16519985268130583,-0.06404675729008524,-0.0033964678564253905,-0.0039893657390957975,-0.05947323306392551,0.508098712807737,0.15709251096326707,0.584869123651843,-2.1484637307123226e-05,0.0,0.0,0.0,0.0,0.0,0.0,0.0023047968076462724,0.027763161364151315,0.001789513823070233,0.001027300852778273,-0.03894739995099643,-0.0507989233525231,0.0012033424852744019,-0.0014815730446540117,0.1359530540776599,0.058380241147987615,0.10700656255642683,0.1251916590741303,0.9904961638531615,0.285110083096303,0.9999999999999999,0.9622203698021571
Idle Min,0.11312756703517465,-0.09934547669941461,-0.09643069375974248,0.7415485634856461,0.002051093568991373,0.0016477366929792433,0.020248106322682813,0.001007588197692089,0.16453949436413567,-0.057149978577219686,0.11285396019112896,0.16403562165472538,0.5650125546131288,-0.12825155059210025,0.5620701484927926,0.5348499282237014,-0.017581852749664142,-0.08487168071984018,0.5926618599463651,0.9101250428380482,0.9519921544132981,0.03104425907717989,0.7420979540109571,0.653469574514493,0.8768748823932158,0.9496574589323938,0.30434164735534297,0.4342521905208681,0.4586453820090838,0.534150437972467,0.635278566250662,0.31370555293964897,-0.019920992849193103,0.0,-0.0032281822535589356,0.0,0.00022144702256774568,-0.0005804081284651864,-0.07870846199905893,-0.05601819595588764,-0.1252585406706716,0.5655336668210995,0.4996772609791919,0.5310808027926947,0.3811817264424136,0.31759223394809477,-0.019920992849193103,-0.004132188816004064,-0.058919849593688144,0.14571888608767988,-0.07396806026861813,-0.0032281822535589356,-0.004143974256373336,-0.049772764080165836,0.4870737876310102,0.11285396019112896,0.5620701484927756,0.00022144702256774568,0.0,0.0,0.0,0.0,0.0,0.0,0.002051093568991373,0.020275598996733868,0.0016477366929792433,0.0010077204530105634,-0.03882700081838622,-0.048846612725322376,0.0009746802896491821,-0.0004209529749971211,0.11313842796430382,0.0266649823986004,0.08142782783999544,0.11538213174438758,0.990314710155725,0.014954102228602686,0.9622203698021571,0.9999999999999999
