,Dst Port,Protocol,Flow Duration,Tot Fwd Pkts,Tot Bwd Pkts,TotLen Fwd Pkts,TotLen Bwd Pkts,Fwd Pkt Len Max,Fwd Pkt Len Min,Fwd Pkt Len Mean,Fwd Pkt Len Std,Bwd Pkt Len Max,Bwd Pkt Len Min,Bwd Pkt Len Mean,Bwd Pkt Len Std,Flow Byts/s,Flow Pkts/s,Flow IAT Mean,Flow IAT Std,Flow IAT Max,Flow IAT Min,Fwd IAT Tot,Fwd IAT Mean,Fwd IAT Std,Fwd IAT Max,Fwd IAT Min,Bwd IAT Tot,Bwd IAT Mean,Bwd IAT Std,Bwd IAT Max,Bwd IAT Min,Fwd PSH Flags,Bwd PSH Flags,Fwd URG Flags,Bwd URG Flags,Fwd Header Len,Bwd Header Len,Fwd Pkts/s,Bwd Pkts/s,Pkt Len Min,Pkt Len Max,Pkt Len Mean,Pkt Len Std,Pkt Len Var,FIN Flag Cnt,SYN Flag Cnt,RST Flag Cnt,PSH Flag Cnt,ACK Flag Cnt,URG Flag Cnt,CWE Flag Count,ECE Flag Cnt,Down/Up Ratio,Pkt Size Avg,Fwd Seg Size Avg,Bwd Seg Size Avg,Fwd Byts/b Avg,Fwd Pkts/b Avg,Fwd Blk Rate Avg,Bwd Byts/b Avg,Bwd Pkts/b Avg,Bwd Blk Rate Avg,Subflow Fwd Pkts,Subflow Fwd Byts,Subflow Bwd Pkts,Subflow Bwd Byts,Init Fwd Win Byts,Init Bwd Win Byts,Fwd Act Data Pkts,Fwd Seg Size Min,Active Mean,Active Std,Active Max,Active Min,Idle Mean,Idle Std,Idle Max,Idle Min
Dst Port,1.0,-0.2611756491085728,-0.004975806335346639,-0.006525980353650489,-0.01422018537330575,-0.006092315415276402,-0.0091042630198688,0.103993494951489,-0.20532749022214924,0.04855943613550086,0.193571358073862,-0.21167777578436592,-0.24481235524789965,-0.19993857863646897,-0.14731754523102775,0.09226118255266035,0.1673044453789465,0.0041240628613452585,-0.0014083057217439165,-0.0004585695070744583,0.0018091540045900667,-0.0047328620791922925,0.0036031087902998024,-0.0014860503676519738,-0.00032974413389592514,0.0017576957340246725,-0.12888348457938686,-0.08015343698447791,-0.10577981645026327,-0.10831990055623592,-0.0333898972307582,0.11698640433123751,0.0,0.0,0.0,-0.007297253033174049,-0.014537212596596395,0.2136844826626467,-0.021312131608123345,-0.22826273012966883,-0.09514051570852075,-0.13490039727003544,-0.07227255064650004,-0.028014464551650745,0.09701509037109589,0.11698640433123751,0.008857392211386518,-0.16948569774176628,0.438932637313407,0.3651626254063799,0.0,0.008862037583423311,-0.13262092389156158,-0.15291538398312265,0.04855943613550086,-0.19993857863646775,0.0,0.0,0.0,0.0,0.0,0.0,-0.006525980353650489,-0.006092315415276402,-0.01422018537330575,-0.009104619476550613,0.22878484970714041,0.002655618724320458,-0.006162050821908681,0.21146522103605303,-0.027644747500655216,-0.02625996940840988,-0.03329844210467492,-0.020269004040901123,0.0009191512185766431,-0.0006880462012669674,0.00010445223887871657,0.0060381350649762
Protocol,-0.2611756491085728,1.0,-0.014486603895814729,0.01891224550950106,-0.01762071604486293,0.016814109337153254,-0.011332315006218726,-0.2901278152806552,0.7708461613001536,-0.05666903964716132,-0.34571271537726916,-0.2863078960841927,0.8433342998606714,-0.03879021295929478,-0.36699415690024334,-0.01343032485857983,-0.10126543934762818,-0.010170290944703718,-0.003060241009046799,-0.007097458443481889,-0.0012989620678291406,-0.014181124859686855,-0.010836939607565661,-0.0032904325635495593,-0.0069452303754349584,-0.0013250117841704355,-0.16226181088151592,-0.09736126527872083,-0.13970137188708928,-0.13926557269912415,-0.035738521523661665,-0.12155837832451366,0.0,0.0,0.0,0.015888126529873654,-0.021363910692561047,-0.09056470511417099,-0.07946926689182923,0.8304280758066528,-0.31307072620251625,-0.07167409709987221,-0.30001147400503064,-0.1253858426344046,-0.0394288963560605,-0.12155837832451366,-0.27595774097297465,-0.46421448114267766,-0.38491078767619374,-0.11775599962994987,0.0,-0.2759582830375937,0.2850298966654287,0.020046050333299207,-0.05666903964716132,-0.03879021295929507,0.0,0.0,0.0,0.0,0.0,0.0,0.01891224550950106,0.016814109337153254,-0.01762071604486293,-0.011332747781882932,-0.31498713537430933,-0.24478286291039786,0.020042544164576643,-0.7198741609771652,-0.08652578177253692,-0.07664902835573652,-0.09605687003503713,-0.06486088071259495,-0.013433567950703383,-0.0019730982659445784,-0.006599389772523708,-0.048918129667789946
Flow Duration,-0.004975806335346639,-0.014486603895814729,1.0,0.0027034478456891475,0.0037137226629473745,0.0027651936727913825,0.00284205037456899,0.009222861242268888,-0.009490028942308331,-0.00010144417974693031,0.0055634311169755505,0.017423812740505164,-0.010665530243455516,0.01509218587211081,0.015417496826974618,-0.0016472570390604114,-0.004412960082719552,0.5429497271542312,-0.7152667224077788,-0.497874233548088,0.8145053396958304,0.9999870913275407,0.5431325367921888,-0.7151874267932874,-0.4978843853362526,0.8145179747588064,0.048829630826793084,0.024642736997269217,0.0365064757296503,0.03702893744293172,0.008185159497473747,0.0012294407301607076,0.0,0.0,0.0,0.0030301800447740065,0.0039205699646046675,-0.00388328222965592,-0.0036140633768601362,-0.01009666823200705,0.016562436948515568,0.014930914156287164,0.016176566109538264,0.008336091425785796,-0.0016099460159039753,0.0012294407301607076,0.004232775021340167,0.008812357101293805,0.00037094150693000547,-0.004457607795408696,0.0,0.004232649042537282,-0.0025362553521653917,0.01270465715668777,-0.00010144417974693031,0.015092185872110912,0.0,0.0,0.0,0.0,0.0,0.0,0.0027034478456891475,0.0027651936727913825,0.0037137226629473745,0.002842173569656904,0.006271277248199147,-0.005773350886322277,0.0026064977544204126,0.0031702214642455695,0.010266605427145126,0.010323523816259872,0.012681229709131143,0.007252914377632032,-0.6654503770101208,-0.6680210492746914,-0.6836670246403668,-0.1541801988876678
Tot Fwd Pkts,-0.006525980353650489,0.01891224550950106,0.0027034478456891475,1.0,0.031777536989919135,0.9841821573559221,0.03175754540046313,-0.004193739553043177,0.00976576588209314,-0.0025513814608507782,-0.005990287928418193,-0.005233469948838105,-0.007652459520524341,-0.0023149601893983542,-0.0057970078348657085,-0.0008462467377158041,-0.0027805763749796635,-0.00021230104837839398,2.8651886029189783e-05,-3.6171843273694002e-06,-0.00010948820333834442,0.0027029203626825946,-0.00022253808647629142,2.941488998521119e-05,-7.5363061066782736e-06,-0.00011107659865914459,0.0004328330488400736,-0.0017397727179589485,-0.001604099097198592,-0.0003190241336784057,-0.0010032516791637046,-0.0020670177506886015,0.0,0.0,0.0,0.9956687676723001,0.03173367789429632,-0.002407893062369721,-0.0023699551937559913,0.010538235544540933,-0.005046044754092864,0.0014396210520717181,-0.00515688664428898,-0.0005060577616751251,-0.0010349240075802153,-0.0020670177506886015,-0.005020966039669399,-0.008053549347764272,-0.009372319210542998,-0.00316698516087522,0.0,-0.005020992531139652,-0.005333562771141745,-0.0001437345166862614,-0.0025513814608507782,-0.0023149601893982393,0.0,0.0,0.0,0.0,0.0,0.0,1.0,0.9841821573559221,0.031777536989919135,0.03175647463304353,-0.006712953096310384,-0.004402318223736595,0.9992245767612085,-0.015494813868955444,0.001583356597658923,0.001305719390206089,0.001811019335726526,0.001243013235427668,-8.521949075703219e-05,6.479641762944499e-05,5.538115198195897e-06,-0.0005833807631672518
Tot Bwd Pkts,-0.01422018537330575,-0.01762071604486293,0.0037137226629473745,0.031777536989919135,1.0,0.005757399352390547,0.9972958583571203,0.03854922003221931,-0.01493010556322543,0.008783318656968856,0.01767085936312066,0.063032442262036,-0.009893587166074589,0.15299711875500221,0.02623003539880808,-0.0007556385507036085,-0.006685791804688136,-0.0004816202323354789,8.189115463458195e-05,0.0007069219634993855,-0.00012363353458949133,0.0033390102896232892,-0.00040694106612181594,0.00015792870015584446,0.00045691450903427014,-0.00012571189858229397,0.07588466374339622,0.004151393036760119,0.017693711746607683,0.05502382513123359,-0.0016526760425176201,0.01726250726829165,0.0,0.0,0.0,0.09255036342612855,0.9997045651888623,-0.006080376334177639,-0.00500597140685643,-0.015882938948143053,0.0617741979756998,0.18350741517477837,0.07303071736697489,0.044594113318396376,-0.002481388738887209,0.01726250726829165,0.009461110336115155,0.029217403471916717,-0.01159914975222838,-0.006853607830986272,0.0,0.009461044754306083,0.12742335992551804,0.1739327112845185,0.008783318656968856,0.15299711875500302,0.0,0.0,0.0,0.0,0.0,0.0,0.031777536989919135,0.005757399352390547,1.0,0.9972967073372955,0.0009852072355571782,0.003446675316511964,-6.61201115652427e-05,0.012056593475503197,0.026589597773383912,0.015617561894656776,0.030854256658073974,0.02463988644329521,0.001559167877279019,0.0003090910995246914,0.0007152022076695887,0.005832836955750706
TotLen Fwd Pkts,-0.006092315415276402,0.016814109337153254,0.0027651936727913825,0.9841821573559221,0.005757399352390547,0.9999999999999998,0.0025850702191362014,0.028065043222854497,0.010103512101100139,0.034470439323178385,0.014843120136473478,0.0005067276180682177,-0.00951890061948414,-0.0014509776857892518,-0.00032195596546201623,0.0002469428682499665,-0.003595562588187207,-0.0002705903195030285,-2.4843908481045447e-05,-8.255382549451882e-05,-6.178559301719156e-05,0.00277397629514275,-0.00027255959945924035,-1.7067799938661543e-05,-7.875600053949471e-05,-6.380068469456115e-05,0.002451244318453659,-0.0010127441366168327,0.00045045827508238524,0.0008400275553294792,-0.0011033632159961051,-0.002838239956859939,0.0,0.0,0.0,0.9772392015056407,0.006244659898567879,-0.0031395402595456954,-0.0030029010042913603,0.008941187034275792,0.014641758916283928,0.00876493199977182,0.005766108536831701,0.03398077391033045,-0.0013593085504345593,-0.002838239956859939,-0.001694058552376982,-0.003411615118347666,-0.01150729817074586,-0.004008366367911098,0.0,-0.0016941062057772443,-0.005690518546698268,0.006960177077486965,0.03447043932317837,-0.0014509776857892297,0.0,0.0,0.0,0.0,0.0,0.0,0.9841821573559221,0.9999999999999998,0.005757399352390547,0.0025851915073652515,-0.00502116310849198,0.0007019213605657385,0.9848413285554608,-0.01319908289554642,0.00010758996184006204,-3.173857056345019e-05,0.00033447334269478277,0.0001797925474219729,-0.00017634984482079206,-9.220895945145165e-06,-8.16184995977554e-05,-0.0006872939748570011
TotLen Bwd Pkts,-0.0091042630198688,-0.011332315006218726,0.00284205037456899,0.03175754540046313,0.9972958583571203,0.0025850702191362014,1.0,0.019171837131851287,-0.009537077801114829,-0.007211410507976432,0.002137887123033592,0.04413556473756423,-0.004279562899442145,0.14100696176460706,0.00987446216155491,0.0001639779553913243,-0.0039044916983840537,-0.0002883810665401729,1.2314325878679225e-05,0.000624722264384368,-6.584159826168213e-05,0.0024735132776616893,-0.00027361859422562416,6.0571161256936176e-05,0.0003744799225630847,-6.817062269073514e-05,0.05630673338582854,-0.001447097217829895,0.005583629750223598,0.042672095260876876,-0.0015144113149167852,0.018932806103931287,0.0,0.0,0.0,0.09233106758395854,0.9969865055930904,-0.0034494081500675163,-0.0031653320896130794,-0.010122182115731734,0.04186562101270155,0.17005570667511796,0.05601814769210385,0.040376173812904884,-0.001443920711918207,0.018932806103931287,0.0005590097652059922,0.013989536262131435,-0.0026245477079522885,-0.004310853649873932,0.0,0.0005589747867599153,0.08316838173843265,0.16147433486932875,-0.007211410507976432,0.14100696176460784,0.0,0.0,0.0,0.0,0.0,0.0,0.03175754540046313,0.0025850702191362014,0.9972958583571203,0.9999998439731599,-0.00013789720984764794,-0.004381653167550782,6.030747968651414e-05,0.006799209374831791,0.024965840792067394,0.014455136702627547,0.028533819773142493,0.023183991496897097,0.0013292112029438502,0.0002854435997243497,0.0006189193684518331,0.004928221342520232
Fwd Pkt Len Max,0.103993494951489,-0.2901278152806552,0.009222861242268888,-0.004193739553043177,0.03854922003221931,0.028065043222854497,0.019171837131851287,1.0,-0.2131685654736476,0.8707609699922847,0.9578737408236134,0.6841557664886171,-0.2654185855890773,0.4445107451267926,0.6643163431920978,-0.012704798214804332,-0.11827027808941525,-0.00801058348393274,0.00077833041896468,-0.0006366312042086946,-0.0020756561457108873,0.009104572316563154,-0.007072100877165833,0.0014116539159893448,-0.0005956880274003406,-0.0021293111710485504,0.25668461027811745,0.07056381533643187,0.18668445740854286,0.16745830646036716,-0.025968033554577708,-0.08778275704565575,0.0,0.0,0.0,0.0010209329825858744,0.04282900400894352,-0.10326955991341182,-0.09877703713731521,-0.23867215709364195,0.8119222259364873,0.5742875143909112,0.7467077348502257,0.29315909120245404,-0.04544459141258254,-0.08778275704565575,0.5056170243569548,0.6035631675063833,-0.3182343346424709,-0.12913450780291252,0.0,0.5056146533081305,-0.07167513623186138,0.5570458904536106,0.8707609699922847,0.44451074512679034,0.0,0.0,0.0,0.0,0.0,0.0,-0.004193739553043177,0.028065043222854497,0.03854922003221931,0.019172651521988868,0.2686997438237987,0.6429202291513594,-0.005472338996232803,0.257233746918938,-0.00035318240770921704,-0.00161310313221733,0.008346812791163696,0.002503310306345677,-0.0013449086111241013,-0.00013148682015263525,-0.0007962822015262227,-0.0047942503382597534
Fwd Pkt Len Min,-0.20532749022214924,0.7708461613001536,-0.009490028942308331,0.00976576588209314,-0.01493010556322543,0.010103512101100139,-0.009537077801114829,-0.2131685654736476,1.0,0.10412198815057962,-0.2884805621178595,-0.23929679428006972,0.715446822265826,-0.029961268415259826,-0.3076870397331399,0.026033196936979322,-0.07652041407833478,-0.005937742093183143,-0.0014046590852907946,-0.004012509038272017,-0.0012364184698765068,-0.00924196765253003,-0.006455098662864078,-0.001634631222788107,-0.0038909215438912882,-0.0012344547731898724,-0.1344881771902718,-0.07674243122474753,-0.11729278587703795,-0.11462877014231052,-0.02429433517407793,-0.0764924348223864,0.0,0.0,0.0,0.007200410194617251,-0.01793753058033642,-0.07193980806817075,-0.05169968925336435,0.9339089034297516,-0.2492290329110664,0.010406857645697978,-0.25109050838314817,-0.1028375818675384,-0.033087713932776125,-0.0764924348223864,-0.23157662614732175,-0.38955662045660316,-0.3075295034234305,-0.08838325082999118,0.0,-0.2315742000891628,0.22216944865407978,0.10328437346801593,0.10412198815057952,-0.029961268415260096,0.0,0.0,0.0,0.0,0.0,0.0,0.00976576588209314,0.010103512101100139,-0.01493010556322543,-0.009537450950811092,-0.26245565725497133,-0.205261053753338,0.010572811896727909,-0.6087008330656698,-0.024492242022862633,-0.025648233824937597,-0.030472321325722557,-0.016896897243840987,-0.007690870986683971,-0.0003742136246841929,-0.003406129486678487,-0.030392449261392725
Fwd Pkt Len Mean,0.04855943613550086,-0.05666903964716132,-0.00010144417974693031,-0.0025513814608507782,0.008783318656968856,0.034470439323178385,-0.007211410507976432,0.8707609699922847,0.10412198815057962,1.0,0.8743693618091923,0.539352329141405,-0.044551475409935724,0.38099574289019295,0.5282220038359934,0.014504988370469353,-0.14207946522168868,-0.010509964379691062,6.138937774069729e-05,-0.0025756379461089767,-0.0025620908695964885,-0.00015138420016245005,-0.010050044401550004,0.0005280810851713049,-0.0025148277002897067,-0.0025948666768018627,0.09014345199811975,0.028590691516236864,0.0986054730190595,0.08498989286095993,-0.010801825006439437,-0.05627587114739265,0.0,0.0,0.0,-0.00017600905413733353,0.010986099110853173,-0.12391431520301269,-0.11900651313971473,0.04940697656305956,0.6770118213535676,0.5579463777550421,0.6337401631701961,0.24622539671243937,-0.05788198384916581,-0.05627587114739265,0.4100782441003619,0.4770020871522659,-0.3999099529506009,-0.1619284963660204,0.0,0.41007732407845243,0.011462345434266542,0.5768291440235647,1.0,0.38099574289018884,0.0,0.0,0.0,0.0,0.0,0.0,-0.0025513814608507782,0.034470439323178385,0.008783318656968856,-0.007211665907522602,0.20338779891295783,0.5360077002732059,-0.0026151560061443316,0.06795970458016677,-0.010038740113776074,-0.016103343240059464,-0.008751530073894254,-0.003020047240070538,-0.005715465116601144,-0.00027415683887156966,-0.0026801050527232527,-0.0220991566021264
Fwd Pkt Len Std,0.193571358073862,-0.34571271537726916,0.0055634311169755505,-0.005990287928418193,0.01767085936312066,0.014843120136473478,0.002137887123033592,0.9578737408236134,-0.2884805621178595,0.8743693618091923,0.9999999999999999,0.5949574526852094,-0.3155384838040818,0.38393661856762146,0.6206513403169241,-0.004185521480545779,-0.1071572895470677,-0.007582841704939372,0.0005754654603703233,-0.0010387665834845294,-0.0019422504167113696,0.005415801243382219,-0.0068505526037390034,0.0010785796366036935,-0.0010327228863618284,-0.001984059298772182,0.178206462824127,0.05421177515130359,0.13968781976673003,0.1183780873219855,-0.017766248275394275,-0.06118720940596617,0.0,0.0,0.0,-0.0025383740587146967,0.02112115048605236,-0.09240468675144217,-0.09226243716575405,-0.3078724839235967,0.7519733441872501,0.5206081019094252,0.7213342119774311,0.2665699376051805,-0.04185372625113071,-0.06118720940596617,0.5139676125818126,0.5946248496884226,-0.25783317678355655,-0.11811598351405597,0.0,0.5139654492600447,-0.08094161278374024,0.5041183614176362,0.8743693618091923,0.3839366185676183,0.0,0.0,0.0,0.0,0.0,0.0,-0.005990287928418193,0.014843120136473478,0.01767085936312066,0.0021380193692903046,0.34884391088761896,0.5662985539434652,-0.006569880466086001,0.30866557623071683,-0.002355552588661764,-0.00457420433809942,0.004083040932194058,0.0011328781235157945,-0.0025175192859110086,-0.0002573959207936786,-0.0013020275532108585,-0.009312835442418227
Bwd Pkt Len Max,-0.21167777578436592,-0.2863078960841927,0.017423812740505164,-0.005233469948838105,0.063032442262036,0.0005067276180682177,0.04413556473756423,0.6841557664886171,-0.23929679428006972,0.539352329141405,0.5949574526852094,1.0,-0.24275650867258697,0.7769120155939563,0.9700654225796546,-0.038299506126965074,-0.13348294817483863,-0.008344894915783068,0.0019569096552840485,0.0019073358837404433,-0.002265194338541153,0.01705887330267106,-0.006861118001339258,0.0030887839744409167,0.0018102953789230056,-0.0023358944900629995,0.42873885331373324,0.12440672787210343,0.385704386933782,0.3647935175362746,-0.03336775160571854,-0.13220024423499283,0.0,0.0,0.0,0.0014172277693390693,0.06711508642538616,-0.1179586675954366,-0.10813306744194885,-0.253386038735531,0.9647665352858055,0.7552094333829064,0.9234893417349178,0.4056385278666103,-0.048751296316659976,-0.13220024423499283,0.5315072874263718,0.7253112997686497,-0.4476989619995597,-0.14484736865513717,0.0,0.5315048716318002,0.01496983132601308,0.7296237028453323,0.539352329141405,0.7769120155939522,0.0,0.0,0.0,0.0,0.0,0.0,-0.005233469948838105,0.0005067276180682177,0.063032442262036,0.04413730381893337,0.09168581890703678,0.5473429651845398,-0.00732321811512596,0.19621951429987172,-0.00201363884579496,0.002157433213456871,0.008623838649890457,-0.0009120067560924311,0.004927535573254191,0.00017553504392765805,0.001874712675077354,0.020588436940973016
Bwd Pkt Len Min,-0.24481235524789965,0.8433342998606714,-0.010665530243455516,-0.007652459520524341,-0.009893587166074589,-0.00951890061948414,-0.004279562899442145,-0.2654185855890773,0.715446822265826,-0.044551475409935724,-0.3155384838040818,-0.24275650867258697,1.0,0.033405470812642224,-0.3402251895217595,-0.011926998435310575,-0.09478241276680986,-0.007431284028197955,-0.0011809442888395256,-0.004355007355247981,-0.0016608533309189493,-0.010385142174006372,-0.007772039637477768,-0.0012528202447199047,-0.004215581149417392,-0.001672015000064287,-0.12951975652883813,-0.0005393500187611794,-0.12695646817336212,-0.08911941331070282,0.06609642681901609,-0.05711085954645964,0.0,0.0,0.0,-0.009999060716278577,-0.013456797691550969,-0.08462877917272008,-0.0747102966268035,0.7690439368199685,-0.2692563418954495,-0.026113992880345913,-0.2417656537504089,-0.11211319994702475,-0.03645977819568839,-0.05711085954645964,-0.25603634495489475,-0.430699633249498,-0.3313863117251385,-0.109238108390134,0.0,-0.25603642524185677,0.2496030388939756,0.07117100629341211,-0.044551475409935724,0.03340547081264131,0.0,0.0,0.0,0.0,0.0,0.0,-0.007652459520524341,-0.00951890061948414,-0.009893587166074589,-0.004279714233722309,-0.2911218964074783,-0.2234434637892876,-0.007019343034737138,-0.6665712368736737,-0.03409202390719841,-0.027664796284623247,-0.03844315982692813,-0.02734619235788334,-0.007899107514721403,-0.0008243453623450052,-0.0036548978140448704,-0.030121600413342116
Bwd Pkt Len Mean,-0.19993857863646897,-0.03879021295929478,0.01509218587211081,-0.0023149601893983542,0.15299711875500221,-0.0014509776857892518,0.14100696176460706,0.4445107451267926,-0.029961268415259826,0.38099574289019295,0.38393661856762146,0.7769120155939563,0.033405470812642224,1.0,0.7736216412611683,-0.031049503389539622,-0.1291563703902808,-0.008500176833718292,0.001708078132071434,0.002357768919760598,-0.002207663178271253,0.014727473654004494,-0.007276555525301198,0.0029862099958826707,0.0022161339229778663,-0.002266907942647832,0.3714634203622595,0.07831738708725998,0.30802360440274185,0.3621196240044432,-0.012691324574077366,-0.11160814953840098,0.0,0.0,0.0,0.008757385344472597,0.1549247247470295,-0.11438010344518601,-0.10404491278411565,-0.029224967568604193,0.7558120661135507,0.9518657524600659,0.8576287482597371,0.45693377458836726,-0.04770796815763703,-0.11160814953840098,0.3357225094869017,0.479723245870735,-0.4290205974205506,-0.1423128498946149,0.0,0.3357207739462199,0.12418615388978303,0.9460701395552958,0.38099574289019295,1.0,0.0,0.0,0.0,0.0,0.0,0.0,-0.0023149601893983542,-0.0014509776857892518,0.15299711875500221,0.14101245658257436,0.027393839104058213,0.22172162632335832,-0.0074936413966677435,0.0012416702763511534,-0.000789527854320092,0.0058480413391806835,0.012026213498624105,-0.0009831751441946135,0.0056241114431839455,0.00035542333814303495,0.002215051182482077,0.023145754632999553
Bwd Pkt Len Std,-0.14731754523102775,-0.36699415690024334,0.015417496826974618,-0.0057970078348657085,0.02623003539880808,-0.00032195596546201623,0.00987446216155491,0.6643163431920978,-0.3076870397331399,0.5282220038359934,0.6206513403169241,0.9700654225796546,-0.3402251895217595,0.7736216412611683,0.9999999999999998,-0.033214873698137325,-0.12156270153619728,-0.007617272067504724,0.001857749312005993,0.001854204030620927,-0.002065276646134819,0.015016626048586135,-0.006296760167317122,0.002895135885504622,0.0017120037365422754,-0.002132704572257968,0.3785922383372517,0.10430279398228876,0.36188936472661026,0.3321698578049433,-0.03977811122862837,-0.1261114740504336,0.0,0.0,0.0,-0.001487218547397531,0.030038927038895734,-0.10745874309082594,-0.09839566108050234,-0.3271006668125212,0.9554613890316975,0.7429702284331834,0.9502719593677809,0.41573591773347707,-0.04413296711810939,-0.1261114740504336,0.5668882563599816,0.7523128134001718,-0.4017940607914522,-0.13116072986495353,0.0,0.5668860083101256,-0.020512018370801265,0.7137427070588995,0.5282220038359934,0.7736216412611636,0.0,0.0,0.0,0.0,0.0,0.0,-0.0057970078348657085,-0.00032195596546201623,0.02623003539880808,0.009874925213917292,0.16567916585063386,0.4898340796171023,-0.006736525258395256,0.2618049024174008,-0.005005633514952498,0.00045139503550774615,0.0046058210387371415,-0.0038294607319680892,0.00445719586436746,0.0001626294920984914,0.0016923867207741436,0.018616869745808375
Flow Byts/s,0.09226118255266035,-0.01343032485857983,-0.0016472570390604114,-0.0008462467377158041,-0.0007556385507036085,0.0002469428682499665,0.0001639779553913243,-0.012704798214804332,0.026033196936979322,0.014504988370469353,-0.004185521480545779,-0.038299506126965074,-0.011926998435310575,-0.031049503389539622,-0.033214873698137325,1.0,0.39254089122183217,-0.0010778574704492009,-0.00025801685109849535,-0.000700856059404226,-0.00022497607340380644,-0.0016077551363512358,-0.0011754400031719905,-0.00028134824170337666,-0.00068125889671357,-0.00023319881824660694,-0.020914100662286366,-0.01340804091247484,-0.01805510443736058,-0.018111039717225285,-0.005463562609047323,0.18157849632524056,0.0,0.0,0.0,-0.0009581916994558355,-0.0009030275692398942,0.43002150894107677,0.11994578986319279,-0.005346267657281576,-0.028428703504684023,-0.0073346305567776795,-0.02220627262313821,-0.00834123352913124,-0.004889044751330516,0.18157849632524056,-0.018309254538425686,-0.03748875611131925,0.05650275658144411,-0.014462960739417502,0.0,-0.018296588708720883,-0.0048622514694229265,-0.002133692320966422,0.014504988370469353,-0.03104950338953942,0.0,0.0,0.0,0.0,0.0,0.0,-0.0008462467377158041,0.0002469428682499665,-0.0007556385507036085,0.00016395240488528253,-0.013743914029361202,-0.023744632901463194,-0.0008058096708345372,0.004821146715425981,-0.004836846451338686,-0.004040328168061729,-0.005568425220561674,-0.0038122113932118405,-0.0013343954181663986,-0.00011915540512206096,-0.000609024471390733,-0.00515751953975836
Flow Pkts/s,0.1673044453789465,-0.10126543934762818,-0.004412960082719552,-0.0027805763749796635,-0.006685791804688136,-0.003595562588187207,-0.0039044916983840537,-0.11827027808941525,-0.07652041407833478,-0.14207946522168868,-0.1071572895470677,-0.13348294817483863,-0.09478241276680986,-0.1291563703902808,-0.12156270153619728,0.39254089122183217,1.0,-0.0028825427481203414,-0.0006903458884927009,-0.0018763611246223728,-0.0006016204904657454,-0.0043063796118801454,-0.0031436064045702477,-0.0007528717265355623,-0.0018233703670696559,-0.0006235958518876472,-0.05605711038241436,-0.035876219231665424,-0.04832498987630669,-0.04855182428407288,-0.014617929547381482,0.08392002264341224,0.0,0.0,0.0,-0.0033797455381006395,-0.007036352954275207,0.9484608792022815,0.6558071079260192,-0.08970841529594786,-0.13894493683025663,-0.13121363356857083,-0.13518155735832726,-0.04350553227809462,0.05511597425943407,0.08392002264341224,-0.09088492056899848,0.004735626339474146,0.09351873541747205,0.05567272804462141,0.0,-0.0908763077678935,0.01176086472439834,-0.14299627759905736,-0.14207946522168868,-0.12915637039027988,0.0,0.0,0.0,0.0,0.0,0.0,-0.0027805763749796635,-0.003595562588187207,-0.006685791804688136,-0.0039046468414762696,0.0338905398614367,-0.07867121241450574,-0.0025188044680938926,0.2831373064573846,-0.012994800205588578,-0.010832600913491476,-0.01495401608981809,-0.010253299781926902,-0.0035721639919522362,-0.00031925714703100893,-0.001630355394894179,-0.013806400631582462
Flow IAT Mean,0.0041240628613452585,-0.010170290944703718,0.5429497271542312,-0.00021230104837839398,-0.0004816202323354789,-0.0002705903195030285,-0.0002883810665401729,-0.00801058348393274,-0.005937742093183143,-0.010509964379691062,-0.007582841704939372,-0.008344894915783068,-0.007431284028197955,-0.008500176833718292,-0.007617272067504724,-0.0010778574704492009,-0.0028825427481203414,1.0,-0.10107873243038759,0.28717884023829937,0.3478662683253936,0.5429497796455807,0.9999652783806714,-0.10109459081554296,0.28717499102231603,0.34787394531029037,-7.394422061816837e-05,0.0028803190503430415,-0.00028539328210475123,0.0007342901249181419,0.0032852544424966687,-0.0014161052742768423,0.0,0.0,0.0,-0.00025498440098091187,-0.000493314926710095,-0.002536573624877709,-0.002360665526591881,-0.0063118360375054895,-0.008910440136504764,-0.008984256992308844,-0.008924787612902434,-0.0026646826343504544,-0.0010461109335802854,-0.0014161052742768423,-0.0061199938298179,-0.010073805965388061,0.015913631573950694,-0.002887155769056877,0.0,-0.006120061482396207,-0.006806898054607868,-0.010082545080133927,-0.010509964379691062,-0.008500176833718233,0.0,0.0,0.0,0.0,0.0,0.0,-0.00021230104837839398,-0.0002705903195030285,-0.0004816202323354789,-0.000288392404227009,0.0174772343794982,-0.006041136472360902,-0.00020077068305941815,0.0006664583390834831,-0.0003671078886882815,-0.00035521250250789276,-0.00043532486016643266,-0.00026366722891875194,-0.026574690682369534,-0.027421304336020445,-0.024543043612798264,-0.008227923541216124
Flow IAT Std,-0.0014083057217439165,-0.003060241009046799,-0.7152667224077788,2.8651886029189783e-05,8.189115463458195e-05,-2.4843908481045447e-05,1.2314325878679225e-05,0.00077833041896468,-0.0014046590852907946,6.138937774069729e-05,0.0005754654603703233,0.0019569096552840485,-0.0011809442888395256,0.001708078132071434,0.001857749312005993,-0.00025801685109849535,-0.0006903458884927009,-0.10107873243038759,1.0,0.8957414018040302,-0.9576199297219748,-0.7152873015950422,-0.10102811749027014,0.9999820604396716,0.8957349377072155,-0.9576054154435378,0.005923827944315108,0.007075850520727386,0.006231889880411129,0.007516001939338675,0.005251792953658414,0.0016042628544169297,0.0,0.0,0.0,-2.254643465554088e-05,9.566401966887971e-05,-0.0006074911131924566,-0.0005653555636027492,-0.0015021566668694196,0.0018746715411925964,0.0015747933057365568,0.001855154680403632,0.0009520645395960639,-0.00024784265374461044,0.0016042628544169297,0.00037703789958679323,0.0008655314090983144,-0.0009694953545351953,-0.0006502199366974749,0.0,0.0003770160306780461,-0.0005284877996006653,0.0013088917027665587,6.138937774069729e-05,0.0017080781320714228,0.0,0.0,0.0,0.0,0.0,0.0,2.8651886029189783e-05,-2.4843908481045447e-05,8.189115463458195e-05,1.2315056646979462e-05,-0.0009298498467532035,-0.0008724458702898081,-3.8975183081114185e-05,-0.0013057478911279099,0.0005090264758646422,0.00044752658478240865,0.0005907886770444165,0.0003900559033941133,0.9746306548111537,0.956775410873479,0.9565428017938254,0.4854066252556989
Flow IAT Max,-0.0004585695070744583,-0.007097458443481889,-0.497874233548088,-3.6171843273694002e-06,0.0007069219634993855,-8.255382549451882e-05,0.000624722264384368,-0.0006366312042086946,-0.004012509038272017,-0.0025756379461089767,-0.0010387665834845294,0.0019073358837404433,-0.004355007355247981,0.002357768919760598,0.001854204030620927,-0.000700856059404226,-0.0018763611246223728,0.28717884023829937,0.8957414018040302,0.9999999999999999,-0.7835677633346634,-0.49789213883085254,0.2872243332389062,0.8957491639325323,0.9999944518858912,-0.7835560543320403,0.009462074947233596,0.008172545186260947,0.011309599901771331,0.0131684734250451,0.0051143608508934365,0.0008295537594193551,0.0,0.0,0.0,-2.1878679027992474e-05,0.0007168122037375331,-0.0016511635691866132,-0.0015366328679340283,-0.00426887564861704,0.001536373720547803,0.0020703650347285796,0.0017833050532357576,0.001592695434525983,-0.0006806574909709238,0.0008295537594193551,-0.0008038197065812863,-0.0009322341995818496,0.003545748201287364,-0.0018445739768354246,0.0,-0.0008038655078326886,-0.0022927892063555597,0.0012631724969155954,-0.0025756379461089767,0.002357768919760612,0.0,0.0,0.0,0.0,0.0,0.0,-3.6171843273694002e-06,-8.255382549451882e-05,0.0007069219634993855,0.0006247497809207676,0.004985051759055677,-0.0030953088284670967,-0.00010330732528869833,-0.000531110839801561,0.0013649532392680359,0.0012160880776380014,0.001486965593189874,0.0010110393997538518,0.9309791396542088,0.9409270813838689,0.9482178095584228,0.31208268890048096
Flow IAT Min,0.0018091540045900667,-0.0012989620678291406,0.8145053396958304,-0.00010948820333834442,-0.00012363353458949133,-6.178559301719156e-05,-6.584159826168213e-05,-0.0020756561457108873,-0.0012364184698765068,-0.0025620908695964885,-0.0019422504167113696,-0.002265194338541153,-0.0016608533309189493,-0.002207663178271253,-0.002065276646134819,-0.00022497607340380644,-0.0006016204904657454,0.3478662683253936,-0.9576199297219748,-0.7835677633346634,1.0,0.8145150145037932,0.3478448044202324,-0.9576050212715729,-0.7835690814232934,0.9999957545724536,-0.0009387280069475629,-0.0005990469122937485,-0.0008098894800892035,-0.0008128282313291129,-0.00024256704090633294,-0.000644588041981098,0.0,0.0,0.0,-5.6415233342042284e-05,-0.00012989445397556536,-0.0005294123361784738,-0.0004926994107411312,-0.001312400593888146,-0.0023948470886472426,-0.0023124088479456848,-0.0023747496140550627,-0.0007388303271790342,-0.00021857444277025446,-0.000644588041981098,-0.001541897946225505,-0.002579305469380911,0.005320875807637044,-0.000603835141978929,0.0,-0.0015419099692414978,-0.001575618924383317,-0.0025411356082027264,-0.0025620908695964885,-0.0022076631782712375,0.0,0.0,0.0,0.0,0.0,0.0,-0.00010948820333834442,-6.178559301719156e-05,-0.00012363353458949133,-6.584420241687286e-05,0.005760466509327153,-0.0013749673057730483,-4.328066980693226e-05,0.0020070353048203394,-0.00018672725468711466,-0.0001653080056112716,-0.0002209066131093442,-0.00014315824205666264,-0.9371371291633455,-0.9236230108349561,-0.9277840051285942,-0.42546573986143305
Fwd IAT Tot,-0.0047328620791922925,-0.014181124859686855,0.9999870913275407,0.0027029203626825946,0.0033390102896232892,0.00277397629514275,0.0024735132776616893,0.009104572316563154,-0.00924196765253003,-0.00015138420016245005,0.005415801243382219,0.01705887330267106,-0.010385142174006372,0.014727473654004494,0.015016626048586135,-0.0016077551363512358,-0.0043063796118801454,0.5429497796455807,-0.7152873015950422,-0.49789213883085254,0.8145150145037932,1.0,0.5431447502315886,-0.7151942082823245,-0.4978866355658179,0.8145276712685955,0.04841434757803616,0.023932617210014665,0.03582126803614855,0.0362371808780482,0.007711725733407323,0.0012897250028333785,0.0,0.0,0.0,0.003007683359914568,0.0035438646547394786,-0.003789488873198292,-0.0035267907289324193,-0.00982552812462145,0.01623405791764261,0.01454841852871681,0.015779921509792325,0.008144777639367719,-0.0015748324794491592,0.0012897250028333785,0.004043104555988755,0.008254224366270786,0.0006306818479539526,-0.004350655698847117,0.0,0.004042979740816354,-0.0029791991320603337,0.012355936167885275,-0.00015138420016245005,0.014727473654004612,0.0,0.0,0.0,0.0,0.0,0.0,0.0027029203626825946,0.00277397629514275,0.0033390102896232892,0.0024736207493853027,0.006297553822046262,-0.005613231119870763,0.002617220134286751,0.0029243047787253103,0.01005571641558932,0.010308809256861676,0.01251429423504203,0.007009117827233678,-0.6654823210515604,-0.6680315667845979,-0.6836851830488333,-0.1542798387483896
Fwd IAT Mean,0.0036031087902998024,-0.010836939607565661,0.5431325367921888,-0.00022253808647629142,-0.00040694106612181594,-0.00027255959945924035,-0.00027361859422562416,-0.007072100877165833,-0.006455098662864078,-0.010050044401550004,-0.0068505526037390034,-0.006861118001339258,-0.007772039637477768,-0.007276555525301198,-0.006296760167317122,-0.0011754400031719905,-0.0031436064045702477,0.9999652783806714,-0.10102811749027014,0.2872243332389062,0.3478448044202324,0.5431447502315886,1.0,-0.1010451510441438,0.28722980249391544,0.3478704341840648,0.004079394929884134,0.008122049157169322,0.0027904562800927153,0.004987945610838206,0.007512477422242034,-0.0004808406357133206,0.0,0.0,0.0,-0.0002543575145396596,-0.00040443473054932536,-0.002766302816920545,-0.0025744667085277587,-0.006869169460522385,-0.007441172513745435,-0.007774006750653341,-0.007525769225914906,-0.002039759367602656,-0.0011450313682369465,-0.0004808406357133206,-0.005716237017497373,-0.00936924736705545,0.015720751196477808,-0.0031551930173133636,0.0,-0.00571630274785776,-0.0068625974567200305,-0.008981413461243523,-0.010050044401550004,-0.007276555525301144,0.0,0.0,0.0,0.0,0.0,0.0,-0.00022253808647629142,-0.00027255959945924035,-0.00040694106612181594,-0.0002736292390175817,0.017212304028020837,-0.006179814493173971,-0.00021311809693761594,0.001008450167779083,-0.0003336533795752112,-0.00022350722518752855,-0.00029786703011692615,-0.00027381757360841243,-0.02643275582049575,-0.027414054988744548,-0.024481810467341526,-0.0076610368432167425
Fwd IAT Std,-0.0014860503676519738,-0.0032904325635495593,-0.7151874267932874,2.941488998521119e-05,0.00015792870015584446,-1.7067799938661543e-05,6.0571161256936176e-05,0.0014116539159893448,-0.001634631222788107,0.0005280810851713049,0.0010785796366036935,0.0030887839744409167,-0.0012528202447199047,0.0029862099958826707,0.002895135885504622,-0.00028134824170337666,-0.0007528717265355623,-0.10109459081554296,0.9999820604396716,0.8957491639325323,-0.9576050212715729,-0.7151942082823245,-0.1010451510441438,1.0,0.8957528247745934,-0.9576015498548037,0.007294176253626238,0.0065034522779729605,0.008447418295736829,0.009179397003088015,0.003889344861820816,0.0018581154357113856,0.0,0.0,0.0,-1.3856763099554369e-05,0.00017356678640584135,-0.0006625126414064296,-0.0006165608275811586,-0.0017342974482439466,0.0029942010349550256,0.002830412645921509,0.0030092868632522157,0.0015183964058773345,-0.0002708539414226416,0.0018581154357113856,0.0007055094607459389,0.0013535239805815029,-0.0011414652828448581,-0.0007082245110891456,0.0,0.0007054889871316609,-0.0005951095704222584,0.002512248005361848,0.0005280810851713049,0.0029862099958826546,0.0,0.0,0.0,0.0,0.0,0.0,2.941488998521119e-05,-1.7067799938661543e-05,0.00015792870015584446,6.057395855535181e-05,-0.0009295906192440867,-0.0008002488467170127,-4.097945084979262e-05,-0.0010934778044118113,0.0005529660165591509,0.0005446922661519459,0.0006634174419807548,0.00039483097692827703,0.9746611066711999,0.9567641768971009,0.9565474091885082,0.48558334664027564
Fwd IAT Max,-0.00032974413389592514,-0.0069452303754349584,-0.4978843853362526,-7.5363061066782736e-06,0.00045691450903427014,-7.875600053949471e-05,0.0003744799225630847,-0.0005956880274003406,-0.0038909215438912882,-0.0025148277002897067,-0.0010327228863618284,0.0018102953789230056,-0.004215581149417392,0.0022161339229778663,0.0017120037365422754,-0.00068125889671357,-0.0018233703670696559,0.28717499102231603,0.8957349377072155,0.9999944518858912,-0.7835690814232934,-0.4978866355658179,0.28722980249391544,0.8957528247745934,1.0,-0.7835573126403398,0.009335761845267881,0.0077631736407568494,0.01096634833297069,0.012733458840451135,0.004781898438542618,0.0008822966374796591,0.0,0.0,0.0,-3.9994499192422015e-05,0.0004663672694538861,-0.001604530011081746,-0.001493242787777891,-0.004134451478137103,0.0014569970313530781,0.0019329057849224842,0.0016464775456738292,0.0015185613043128203,-0.0006635147912404776,0.0008822966374796591,-0.0008819040540537385,-0.001208032148167026,0.0036734551924076804,-0.0017935402657454358,0.0,-0.0008819493278167532,-0.0025214419153336085,0.0011397824822031793,-0.0025148277002897067,0.0022161339229778824,0.0,0.0,0.0,0.0,0.0,0.0,-7.5363061066782736e-06,-7.875600053949471e-05,0.00045691450903427014,0.00037449666069943027,0.005002566108971127,-0.002916338675944017,-9.970201313578611e-05,-0.0006449237866621077,0.0012870674726744732,0.0012197013748686926,0.001431601056590147,0.000917379658757405,0.9309657528886346,0.9409285777770859,0.9482135227286678,0.3120189608044303
Fwd IAT Min,0.0017576957340246725,-0.0013250117841704355,0.8145179747588064,-0.00011107659865914459,-0.00012571189858229397,-6.380068469456115e-05,-6.817062269073514e-05,-0.0021293111710485504,-0.0012344547731898724,-0.0025948666768018627,-0.001984059298772182,-0.0023358944900629995,-0.001672015000064287,-0.002266907942647832,-0.002132704572257968,-0.00023319881824660694,-0.0006235958518876472,0.34787394531029037,-0.9576054154435378,-0.7835560543320403,0.9999957545724536,0.8145276712685955,0.3478704341840648,-0.9576015498548037,-0.7835573126403398,0.9999999999999998,-0.0006478119557731004,0.0006816744706123574,-0.0008125060152233601,-0.0002738663547312643,0.0011871980316511487,-0.0005286893214474043,0.0,0.0,0.0,-5.837179656624848e-05,-0.0001324716872562003,-0.0005487496973116362,-0.0005106973048551132,-0.0013148782777365428,-0.002463539437104113,-0.0023653342292303415,-0.0024387809436610007,-0.0007625534553776912,-0.00022766205972175904,-0.0005286893214474043,-0.0015932515778670912,-0.0026651021384811605,0.005358833568398008,-0.0006273743590655257,0.0,-0.0015932637478948662,-0.0015407974689038355,-0.0025976037481309283,-0.0025948666768018627,-0.0022669079426478156,0.0,0.0,0.0,0.0,0.0,0.0,-0.00011107659865914459,-6.380068469456115e-05,-0.00012571189858229397,-6.817331877461653e-05,0.0057019000629312195,-0.0014178517560308106,-4.472776748783731e-05,0.0019770515880395494,-0.0001908822586672344,-0.00016896905145625813,-0.0002253216897141682,-0.00014634250108118245,-0.9371116616086,-0.9236193082912288,-0.92777123215508,-0.42537398997869175
Bwd IAT Tot,-0.12888348457938686,-0.16226181088151592,0.048829630826793084,0.0004328330488400736,0.07588466374339622,0.002451244318453659,0.05630673338582854,0.25668461027811745,-0.1344881771902718,0.09014345199811975,0.178206462824127,0.42873885331373324,-0.12951975652883813,0.3714634203622595,0.3785922383372517,-0.020914100662286366,-0.05605711038241436,-7.394422061816837e-05,0.005923827944315108,0.009462074947233596,-0.0009387280069475629,0.04841434757803616,0.004079394929884134,0.007294176253626238,0.009335761845267881,-0.0006478119557731004,1.0,0.5080040174724049,0.7536548555134052,0.764615142994241,0.17066419224582902,0.03282577536699021,0.0,0.0,0.0,0.007137083571571418,0.08010487938204486,-0.04932950436480128,-0.04590693805617355,-0.14342943673983966,0.41529790217422186,0.3702632130896942,0.40346245831357735,0.18601360201803022,-0.02058812581133506,0.03282577536699021,0.1537660103835395,0.2795969044750079,-0.12585847154258384,-0.059617917271664,0.0,0.15376562353029263,0.026367875015533507,0.33750967507514806,0.09014345199811975,0.3714634203622612,0.0,0.0,0.0,0.0,0.0,0.0,0.0004328330488400736,0.002451244318453659,0.07588466374339622,0.056309155895706675,-0.020154346112796505,-0.04736252920762582,-0.002111505183289563,0.09573046084193237,0.03868160262011045,0.05275963533027267,0.07315420185939343,0.025175486136761464,0.024083299131419895,0.001517532464842484,0.010389506042493156,0.0955595150577181
Bwd IAT Mean,-0.08015343698447791,-0.09736126527872083,0.024642736997269217,-0.0017397727179589485,0.004151393036760119,-0.0010127441366168327,-0.001447097217829895,0.07056381533643187,-0.07674243122474753,0.028590691516236864,0.05421177515130359,0.12440672787210343,-0.0005393500187611794,0.07831738708725998,0.10430279398228876,-0.01340804091247484,-0.035876219231665424,0.0028803190503430415,0.007075850520727386,0.008172545186260947,-0.0005990469122937485,0.023932617210014665,0.008122049157169322,0.0065034522779729605,0.0077631736407568494,0.0006816744706123574,0.5080040174724049,1.0,0.3886478468859394,0.6389067650597735,0.8999850527970729,0.20421717783042295,0.0,0.0,0.0,-0.0006982088013999892,0.00572245779431979,-0.031570437890097204,-0.029380534068707456,-0.08317670988490648,0.11864647485325992,0.07217860642486591,0.10340755924267278,0.0372248952329828,-0.013124900774046124,0.20421717783042295,0.041866528643885355,0.08528022634424025,-0.00010921757637744098,-0.03523068049814324,0.0,0.041868420525969466,-0.016164974416673215,0.06026492728354249,0.028590691516236864,0.07831738708725924,0.0,0.0,0.0,0.0,0.0,0.0,-0.0017397727179589485,-0.0010127441366168327,0.004151393036760119,-0.0014471481994058125,-0.03439933165617322,-0.016992321997398578,-0.0018725526137189522,0.057557013447193585,0.015155127541075373,0.014998129372958477,0.022902269409867587,0.012097316387676346,0.020346436807037672,0.0011450847153499646,0.008829528030267908,0.08141866511366952
Bwd IAT Std,-0.10577981645026327,-0.13970137188708928,0.0365064757296503,-0.001604099097198592,0.017693711746607683,0.00045045827508238524,0.005583629750223598,0.18668445740854286,-0.11729278587703795,0.0986054730190595,0.13968781976673003,0.385704386933782,-0.12695646817336212,0.30802360440274185,0.36188936472661026,-0.01805510443736058,-0.04832498987630669,-0.00028539328210475123,0.006231889880411129,0.011309599901771331,-0.0008098894800892035,0.03582126803614855,0.0027904562800927153,0.008447418295736829,0.01096634833297069,-0.0008125060152233601,0.7536548555134052,0.3886478468859394,1.0,0.8754835136093808,0.014709175174188563,0.017192653474178775,0.0,0.0,0.0,0.0010072351301899768,0.01950430077224395,-0.04252520957742876,-0.03957517620966252,-0.12490662244932002,0.3738126014856738,0.2935316349665032,0.35676880730772714,0.15709429969054134,-0.017669979033398515,0.017192653474178775,0.16006413792431065,0.263615227773842,-0.12864242457559405,-0.045183020946947275,0.0,0.16006327112713922,0.02490568253114994,0.26996622667162873,0.0986054730190595,0.30802360440274007,0.0,0.0,0.0,0.0,0.0,0.0,-0.001604099097198592,0.00045045827508238524,0.017693711746607683,0.005583880643058542,-0.01609946138158161,-0.03002275331607025,-0.00227680892499253,0.09475154817550983,0.03311271072250678,0.03592223609091202,0.043920935445263744,0.02288974840136889,0.027773761286557716,0.0021207334164757073,0.012120283290779636,0.11068059244739079
Bwd IAT Max,-0.10831990055623592,-0.13926557269912415,0.03702893744293172,-0.0003190241336784057,0.05502382513123359,0.0008400275553294792,0.042672095260876876,0.16745830646036716,-0.11462877014231052,0.08498989286095993,0.1183780873219855,0.3647935175362746,-0.08911941331070282,0.3621196240044432,0.3321698578049433,-0.018111039717225285,-0.04855182428407288,0.0007342901249181419,0.007516001939338675,0.0131684734250451,-0.0008128282313291129,0.0362371808780482,0.004987945610838206,0.009179397003088015,0.012733458840451135,-0.0002738663547312643,0.764615142994241,0.6389067650597735,0.8754835136093808,1.0,0.3830890647179231,0.0861894362609318,0.0,0.0,0.0,0.004553949021555521,0.0563614320228999,-0.042725021842658834,-0.03976045915575808,-0.12255685100414589,0.350350039715346,0.3549453077099557,0.3540711724296152,0.16941872734047922,-0.017790230316907112,0.0861894362609318,0.1345580477081152,0.2278443765468986,-0.09762033861695507,-0.04832703388358291,0.0,0.1345582322054816,0.03998153831832591,0.32899810694503195,0.08498989286095993,0.3621196240044429,0.0,0.0,0.0,0.0,0.0,0.0,-0.0003190241336784057,0.0008400275553294792,0.05502382513123359,0.04267392343588469,-0.02709377732174231,-0.03428247205945159,-0.0022741546507599377,0.08609180408085434,0.04189207145235425,0.038632685594487945,0.04977632364087598,0.031430078346566685,0.032313064104496074,0.002623100741075207,0.01412974105362463,0.1286692858551286
Bwd IAT Min,-0.0333898972307582,-0.035738521523661665,0.008185159497473747,-0.0010032516791637046,-0.0016526760425176201,-0.0011033632159961051,-0.0015144113149167852,-0.025968033554577708,-0.02429433517407793,-0.010801825006439437,-0.017766248275394275,-0.03336775160571854,0.06609642681901609,-0.012691324574077366,-0.03977811122862837,-0.005463562609047323,-0.014617929547381482,0.0032852544424966687,0.005251792953658414,0.0051143608508934365,-0.00024256704090633294,0.007711725733407323,0.007512477422242034,0.003889344861820816,0.004781898438542618,0.0011871980316511487,0.17066419224582902,0.8999850527970729,0.014709175174188563,0.3830890647179231,0.9999999999999999,0.21391948615175066,0.0,0.0,0.0,-0.0010590268260682982,-0.001764688880780954,-0.01286349944622213,-0.01197128011850448,-0.027404712183975985,-0.03553935039348865,-0.014804283710196167,-0.03174992169063949,-0.014680702943418146,-0.005363219055367876,0.21391948615175066,-0.031144852970971304,-0.03831034839320309,0.06243671788187595,-0.015113380837585226,0.0,-0.031142300157718794,-0.014850525169491225,-0.016885469365903506,-0.010801825006439437,-0.012691324574077347,0.0,0.0,0.0,0.0,0.0,0.0,-0.0010032516791637046,-0.0011033632159961051,-0.0016526760425176201,-0.0015144710001087287,-0.030898908446665277,-0.007046760821389716,-0.000958153929547516,0.013751375192495259,0.004364304777805537,0.0004000144069813897,0.0030408200315684085,0.004899275897724229,0.012786349172596663,0.0004255694642301494,0.005502099835693884,0.05193328138941437
Fwd PSH Flags,0.11698640433123751,-0.12155837832451366,0.0012294407301607076,-0.0020670177506886015,0.01726250726829165,-0.002838239956859939,0.018932806103931287,-0.08778275704565575,-0.0764924348223864,-0.05627587114739265,-0.06118720940596617,-0.13220024423499283,-0.05711085954645964,-0.11160814953840098,-0.1261114740504336,0.18157849632524056,0.08392002264341224,-0.0014161052742768423,0.0016042628544169297,0.0008295537594193551,-0.000644588041981098,0.0012897250028333785,-0.0004808406357133206,0.0018581154357113856,0.0008822966374796591,-0.0005286893214474043,0.03282577536699021,0.20421717783042295,0.017192653474178775,0.0861894362609318,0.21391948615175066,1.0,0.0,0.0,0.0,-0.0010650691662815203,0.016876162775745024,0.1013780277430407,0.0031418980814792758,-0.0981378441632976,-0.12416251136271213,-0.06894902944588159,-0.10853800789059873,-0.04174633347414855,-0.014999764561451348,1.0,-0.10498141023590572,-0.17659843495015753,0.31580922701177877,-0.024634951026583373,0.0,-0.10496235986597423,-0.08380338306148144,-0.07036579712412502,-0.05627587114739265,-0.11160814953840023,0.0,0.0,0.0,0.0,0.0,0.0,-0.0020670177506886015,-0.002838239956859939,0.01726250726829165,0.018933613135888826,-0.10375020208297035,-0.08317963581557992,-0.0027511525172294565,0.07371407829513432,-0.005580264771559375,-0.008490920160730695,-0.007793907537291195,-0.0028235736056754315,0.0029148558203757505,0.00015921706287468185,0.00121035653428884,0.01182961639204183
Bwd PSH Flags,0.0,0.0,0.0,0.0,0.0,0.0,0.0,0.0,0.0,0.0,0.0,0.0,0.0,0.0,0.0,0.0,0.0,0.0,0.0,0.0,0.0,0.0,0.0,0.0,0.0,0.0,0.0,0.0,0.0,0.0,0.0,0.0,0.0,0.0,0.0,0.0,0.0,0.0,0.0,0.0,0.0,0.0,0.0,0.0,0.0,0.0,0.0,0.0,0.0,0.0,0.0,0.0,0.0,0.0,0.0,0.0,0.0,0.0,0.0,0.0,0.0,0.0,0.0,0.0,0.0,0.0,0.0,0.0,0.0,0.0,0.0,0.0,0.0,0.0,0.0,0.0,0.0,0.0
Fwd URG Flags,0.0,0.0,0.0,0.0,0.0,0.0,0.0,0.0,0.0,0.0,0.0,0.0,0.0,0.0,0.0,0.0,0.0,0.0,0.0,0.0,0.0,0.0,0.0,0.0,0.0,0.0,0.0,0.0,0.0,0.0,0.0,0.0,0.0,0.0,0.0,0.0,0.0,0.0,0.0,0.0,0.0,0.0,0.0,0.0,0.0,0.0,0.0,0.0,0.0,0.0,0.0,0.0,0.0,0.0,0.0,0.0,0.0,0.0,0.0,0.0,0.0,0.0,0.0,0.0,0.0,0.0,0.0,0.0,0.0,0.0,0.0,0.0,0.0,0.0,0.0,0.0,0.0,0.0
Bwd URG Flags,0.0,0.0,0.0,0.0,0.0,0.0,0.0,0.0,0.0,0.0,0.0,0.0,0.0,0.0,0.0,0.0,0.0,0.0,0.0,0.0,0.0,0.0,0.0,0.0,0.0,0.0,0.0,0.0,0.0,0.0,0.0,0.0,0.0,0.0,0.0,0.0,0.0,0.0,0.0,0.0,0.0,0.0,0.0,0.0,0.0,0.0,0.0,0.0,0.0,0.0,0.0,0.0,0.0,0.0,0.0,0.0,0.0,0.0,0.0,0.0,0.0,0.0,0.0,0.0,0.0,0.0,0.0,0.0,0.0,0.0,0.0,0.0,0.0,0.0,0.0,0.0,0.0,0.0
Fwd Header Len,-0.007297253033174049,0.015888126529873654,0.0030301800447740065,0.9956687676723001,0.09255036342612855,0.9772392015056407,0.09233106758395854,0.0010209329825858744,0.007200410194617251,-0.00017600905413733353,-0.0025383740587146967,0.0014172277693390693,-0.009999060716278577,0.008757385344472597,-0.001487218547397531,-0.0009581916994558355,-0.0033797455381006395,-0.00025498440098091187,-2.254643465554088e-05,-2.1878679027992474e-05,-5.6415233342042284e-05,0.003007683359914568,-0.0002543575145396596,-1.3856763099554369e-05,-3.9994499192422015e-05,-5.837179656624848e-05,0.007137083571571418,-0.0006982088013999892,0.0010072351301899768,0.004553949021555521,-0.0010590268260682982,-0.0010650691662815203,0.0,0.0,0.0,1.0,0.09257261864498635,-0.0029383719774904926,-0.002852967358008525,0.0077425208817888695,0.001668175503412533,0.013541374989917481,0.002445431409839352,0.00379413498778677,-0.0012877645513148254,-0.0010650691662815203,-0.0029381926353761845,-0.0034962048764727804,-0.01048925868263929,-0.003994349964490696,0.0,-0.0029382550292976315,-0.003764204840376127,0.011214734195514943,-0.00017600905413733353,0.008757385344472771,0.0,0.0,0.0,0.0,0.0,0.0,0.9956687676723001,0.9772392015056407,0.09255036342612855,0.09233010411653766,-0.005650953951340685,-0.002529978577929668,0.9917117572641365,-0.012138468094921688,0.0016692627632330175,0.0009684640078899088,0.0021655160528362004,0.0015774895408477885,-3.071244239315617e-05,1.2296918843304544e-05,-1.604716438152897e-05,-0.0001275811266840357
Bwd Header Len,-0.014537212596596395,-0.021363910692561047,0.0039205699646046675,0.03173367789429632,0.9997045651888623,0.006244659898567879,0.9969865055930904,0.04282900400894352,-0.01793753058033642,0.010986099110853173,0.02112115048605236,0.06711508642538616,-0.013456797691550969,0.1549247247470295,0.030038927038895734,-0.0009030275692398942,-0.007036352954275207,-0.000493314926710095,9.566401966887971e-05,0.0007168122037375331,-0.00012989445397556536,0.0035438646547394786,-0.00040443473054932536,0.00017356678640584135,0.0004663672694538861,-0.0001324716872562003,0.08010487938204486,0.00572245779431979,0.01950430077224395,0.0563614320228999,-0.001764688880780954,0.016876162775745024,0.0,0.0,0.0,0.09257261864498635,1.0,-0.0063951718112043214,-0.005278033503418246,-0.019109443962730423,0.06617314810322557,0.18577675739333932,0.07676144258179785,0.0467098254990844,-0.0026097540667133112,0.016876162775745024,0.011188063368496341,0.033437697267531874,-0.012287094902500748,-0.007085046826065224,0.0,0.011187992034789096,0.12673330827621127,0.17582357149569905,0.010986099110853164,0.15492472474703034,0.0,0.0,0.0,0.0,0.0,0.0,0.03173367789429632,0.006244659898567879,0.9997045651888623,0.9969870659162966,0.002128000308956525,0.004146260602911111,-0.00012377740026908756,0.015993385227214968,0.02655582502156225,0.015636106944412115,0.0309852553438005,0.024641227651119306,0.0015859860057550695,0.00030979014078529656,0.0007257728212062641,0.005934001664880908
Fwd Pkts/s,0.2136844826626467,-0.09056470511417099,-0.00388328222965592,-0.002407893062369721,-0.006080376334177639,-0.0031395402595456954,-0.0034494081500675163,-0.10326955991341182,-0.07193980806817075,-0.12391431520301269,-0.09240468675144217,-0.1179586675954366,-0.08462877917272008,-0.11438010344518601,-0.10745874309082594,0.43002150894107677,0.9484608792022815,-0.002536573624877709,-0.0006074911131924566,-0.0016511635691866132,-0.0005294123361784738,-0.003789488873198292,-0.002766302816920545,-0.0006625126414064296,-0.001604530011081746,-0.0005487496973116362,-0.04932950436480128,-0.031570437890097204,-0.04252520957742876,-0.042725021842658834,-0.01286349944622213,0.1013780277430407,0.0,0.0,0.0,-0.0029383719774904926,-0.0063951718112043214,1.0,0.38277489199946535,-0.08027287960639573,-0.12205406471596458,-0.11441815506296671,-0.11835845895570136,-0.03831154585652101,0.07086806891224538,0.1013780277430407,-0.08024026845011863,-0.038766334682111735,0.1255689041924656,0.02397046277668995,0.0,-0.08023015064341704,-0.01918802840999825,-0.12437104467852837,-0.12391431520301269,-0.11438010344518523,0.0,0.0,0.0,0.0,0.0,0.0,-0.002407893062369721,-0.0031395402595456954,-0.006080376334177639,-0.0034495450843203246,-0.0012665118996541863,-0.06999346518813736,-0.002194972773736459,0.19017288013145425,-0.011435285365603922,-0.009532503212351695,-0.013159357871381302,-0.00902283054382426,-0.0031434356102738098,-0.0002809409610999805,-0.0014346813727262233,-0.012149366403473916
Bwd Pkts/s,-0.021312131608123345,-0.07946926689182923,-0.0036140633768601362,-0.0023699551937559913,-0.00500597140685643,-0.0030029010042913603,-0.0031653320896130794,-0.09877703713731521,-0.05169968925336435,-0.11900651313971473,-0.09226243716575405,-0.10813306744194885,-0.0747102966268035,-0.10404491278411565,-0.09839566108050234,0.11994578986319279,0.6558071079260192,-0.002360665526591881,-0.0005653555636027492,-0.0015366328679340283,-0.0004926994107411312,-0.0035267907289324193,-0.0025744667085277587,-0.0006165608275811586,-0.001493242787777891,-0.0005106973048551132,-0.04590693805617355,-0.029380534068707456,-0.03957517620966252,-0.03976045915575808,-0.01197128011850448,0.0031418980814792758,0.0,0.0,0.0,-0.002852967358008525,-0.005278033503418246,0.38277489199946535,1.0,-0.0702950146204814,-0.11430004783876208,-0.10995180188667615,-0.1121326100032881,-0.03556310961140096,-0.008147489748319196,0.0031418980814792758,-0.07380256858890967,0.1061577497351785,-0.02650424310830243,0.10519850059429114,0.0,-0.07380156306824133,0.07999755975888559,-0.12059124170161832,-0.11900651313971473,-0.1040449127841149,0.0,0.0,0.0,0.0,0.0,0.0,-0.0023699551937559913,-0.0030029010042913603,-0.00500597140685643,-0.0031654581634704363,0.10181825255415326,-0.0626066301769224,-0.0021140458581137985,0.37238640556840014,-0.01064176726567199,-0.008871254584015824,-0.012246257620727077,-0.008396597530340135,-0.002925407287091554,-0.00026145222714345125,-0.0013351720966756286,-0.011306689871026591
Pkt Len Min,-0.22826273012966883,0.8304280758066528,-0.01009666823200705,0.010538235544540933,-0.015882938948143053,0.008941187034275792,-0.010122182115731734,-0.23867215709364195,0.9339089034297516,0.04940697656305956,-0.3078724839235967,-0.253386038735531,0.7690439368199685,-0.029224967568604193,-0.3271006668125212,-0.005346267657281576,-0.08970841529594786,-0.0063118360375054895,-0.0015021566668694196,-0.00426887564861704,-0.001312400593888146,-0.00982552812462145,-0.006869169460522385,-0.0017342974482439466,-0.004134451478137103,-0.0013148782777365428,-0.14342943673983966,-0.08317670988490648,-0.12490662244932002,-0.12255685100414589,-0.027404712183975985,-0.0981378441632976,0.0,0.0,0.0,0.0077425208817888695,-0.019109443962730423,-0.08027287960639573,-0.0702950146204814,1.0,-0.27106095914342604,-0.014360897184336864,-0.2730212464592066,-0.11203420774546845,-0.03512530857547941,-0.0981378441632976,-0.2458374872564257,-0.41354614102997195,-0.3381736953410809,-0.09551747380647252,0.0,-0.24583797015573994,0.23300073784064937,0.08364521529759592,0.04940697656305956,-0.029224967568604508,0.0,0.0,0.0,0.0,0.0,0.0,0.010538235544540933,0.008941187034275792,-0.015882938948143053,-0.010122578109848483,-0.27998275181763443,-0.21806178619864353,0.0113951118348307,-0.6553747538265348,-0.02594698967992235,-0.02721089359718974,-0.032297931564285315,-0.017882549048547938,-0.00818280742100716,-0.00039225623709861283,-0.0036217903921391572,-0.03235176182560183
Pkt Len Max,-0.09514051570852075,-0.31307072620251625,0.016562436948515568,-0.005046044754092864,0.0617741979756998,0.014641758916283928,0.04186562101270155,0.8119222259364873,-0.2492290329110664,0.6770118213535676,0.7519733441872501,0.9647665352858055,-0.2692563418954495,0.7558120661135507,0.9554613890316975,-0.028428703504684023,-0.13894493683025663,-0.008910440136504764,0.0018746715411925964,0.001536373720547803,-0.0023948470886472426,0.01623405791764261,-0.007441172513745435,0.0029942010349550256,0.0014569970313530781,-0.002463539437104113,0.41529790217422186,0.11864647485325992,0.3738126014856738,0.350350039715346,-0.03553935039348865,-0.12416251136271213,0.0,0.0,0.0,0.001668175503412533,0.06617314810322557,-0.12205406471596458,-0.11430004783876208,-0.27106095914342604,1.0,0.7751230764240502,0.9644767772682202,0.43314076046192307,-0.051897209375884996,-0.12416251136271213,0.5820898142838885,0.7389342944692321,-0.4334958547248325,-0.15152448931701948,0.0,0.582087532477634,-0.007743556736734986,0.7523742123834457,0.6770118213535676,0.7558120661135466,0.0,0.0,0.0,0.0,0.0,0.0,-0.005046044754092864,0.014641758916283928,0.0617741979756998,0.04186727075063398,0.18034729975353092,0.556057414708142,-0.0070919352684797,0.2359465607657325,-0.0034891175765210613,0.0001921689995171453,0.006770367562260528,-0.0017528312434356426,0.004128730663942495,0.000130755247923436,0.0015206612037764703,0.017429927139964812
Pkt Len Mean,-0.13490039727003544,-0.07167409709987221,0.014930914156287164,0.0014396210520717181,0.18350741517477837,0.00876493199977182,0.17005570667511796,0.5742875143909112,0.010406857645697978,0.5579463777550421,0.5206081019094252,0.7552094333829064,-0.026113992880345913,0.9518657524600659,0.7429702284331834,-0.0073346305567776795,-0.13121363356857083,-0.008984256992308844,0.0015747933057365568,0.0020703650347285796,-0.0023124088479456848,0.01454841852871681,-0.007774006750653341,0.002830412645921509,0.0019329057849224842,-0.0023653342292303415,0.3702632130896942,0.07217860642486591,0.2935316349665032,0.3549453077099557,-0.014804283710196167,-0.06894902944588159,0.0,0.0,0.0,0.013541374989917481,0.18577675739333932,-0.11441815506296671,-0.10995180188667615,-0.014360897184336864,0.7751230764240502,1.0,0.8649610035460296,0.448910699748908,-0.05138152506325713,-0.06894902944588159,0.35295373657730117,0.4976867579822824,-0.4129955071498453,-0.14899172854278928,0.0,0.35295273909290986,0.12524936730512107,0.9929380232472067,0.5579463777550421,0.9518657524600671,0.0,0.0,0.0,0.0,0.0,0.0,0.0014396210520717181,0.00876493199977182,0.18350741517477837,0.17006243782816785,0.07156176936986763,0.2891193050180475,-0.004192339444016423,0.03853694482636551,0.005087008520864322,0.007645834649408945,0.018266811492745644,0.0052021297930013735,0.0048870897076376705,0.0005142369251949228,0.0019468413728430014,0.01979524230837002
Pkt Len Std,-0.07227255064650004,-0.30001147400503064,0.016176566109538264,-0.00515688664428898,0.07303071736697489,0.005766108536831701,0.05601814769210385,0.7467077348502257,-0.25109050838314817,0.6337401631701961,0.7213342119774311,0.9234893417349178,-0.2417656537504089,0.8576287482597371,0.9502719593677809,-0.02220627262313821,-0.13518155735832726,-0.008924787612902434,0.001855154680403632,0.0017833050532357576,-0.0023747496140550627,0.015779921509792325,-0.007525769225914906,0.0030092868632522157,0.0016464775456738292,-0.0024387809436610007,0.40346245831357735,0.10340755924267278,0.35676880730772714,0.3540711724296152,-0.03174992169063949,-0.10853800789059873,0.0,0.0,0.0,0.002445431409839352,0.07676144258179785,-0.11835845895570136,-0.1121326100032881,-0.2730212464592066,0.9644767772682202,0.8649610035460296,0.9999999999999999,0.4636202064617762,-0.05112872135222635,-0.10853800789059873,0.5568858847408921,0.7090401643946544,-0.41515295302030525,-0.14954188672856938,0.0,0.5568839497801307,0.01420066080697304,0.8441537528971926,0.6337401631701961,0.8576287482597339,0.0,0.0,0.0,0.0,0.0,0.0,-0.00515688664428898,0.005766108536831701,0.07303071736697489,0.05602026453596854,0.19835731532683376,0.44173269944151444,-0.007911604794793952,0.22433950520561516,-0.0025308801198851163,0.0023231629954127246,0.009138834553540927,-0.0014552321777793048,0.004464753450147937,0.00021579924258479071,0.0016820663731707804,0.01863172376390293
Pkt Len Var,-0.028014464551650745,-0.1253858426344046,0.008336091425785796,-0.0005060577616751251,0.044594113318396376,0.03398077391033045,0.040376173812904884,0.29315909120245404,-0.1028375818675384,0.24622539671243937,0.2665699376051805,0.4056385278666103,-0.11211319994702475,0.45693377458836726,0.41573591773347707,-0.00834123352913124,-0.04350553227809462,-0.0026646826343504544,0.0009520645395960639,0.001592695434525983,-0.0007388303271790342,0.008144777639367719,-0.002039759367602656,0.0015183964058773345,0.0015185613043128203,-0.0007625534553776912,0.18601360201803022,0.0372248952329828,0.15709429969054134,0.16941872734047922,-0.014680702943418146,-0.04174633347414855,0.0,0.0,0.0,0.00379413498778677,0.0467098254990844,-0.03831154585652101,-0.03556310961140096,-0.11203420774546845,0.43314076046192307,0.448910699748908,0.4636202064617762,1.0,-0.01592502901991539,-0.04174633347414855,0.18700520601763457,0.25447310809736845,-0.1338725580226316,-0.04682091791020237,0.0,0.18700424923291525,0.013849620778439172,0.4345405192284224,0.24622539671243937,0.45693377458836637,0.0,0.0,0.0,0.0,0.0,0.0,-0.0005060577616751251,0.03398077391033045,0.044594113318396376,0.04037769328958493,0.06710184011449781,0.12301852997400797,-0.0022360062236236543,0.09109915440941194,0.004314240515360691,0.006155125889538437,0.010323516268505395,0.0033389306361541757,0.0035635904385796016,0.0002550253052765166,0.001474087789929968,0.014347392947008977
FIN Flag Cnt,0.09701509037109589,-0.0394288963560605,-0.0016099460159039753,-0.0010349240075802153,-0.002481388738887209,-0.0013593085504345593,-0.001443920711918207,-0.04544459141258254,-0.033087713932776125,-0.05788198384916581,-0.04185372625113071,-0.048751296316659976,-0.03645977819568839,-0.04770796815763703,-0.04413296711810939,-0.004889044751330516,0.05511597425943407,-0.0010461109335802854,-0.00024784265374461044,-0.0006806574909709238,-0.00021857444277025446,-0.0015748324794491592,-0.0011450313682369465,-0.0002708539414226416,-0.0006635147912404776,-0.00022766205972175904,-0.02058812581133506,-0.013124900774046124,-0.017669979033398515,-0.017790230316907112,-0.005363219055367876,-0.014999764561451348,0.0,0.0,0.0,-0.0012877645513148254,-0.0026097540667133112,0.07086806891224538,-0.008147489748319196,-0.03512530857547941,-0.051897209375884996,-0.05138152506325713,-0.05112872135222635,-0.01592502901991539,1.0,-0.014999764561451348,-0.03405196088133283,-0.05727602919465748,0.0013958771306952708,-0.014530567900735179,0.0,-0.03405202776970182,0.0011398812272264472,-0.05690968370792535,-0.05788198384916581,-0.04770796815763669,0.0,0.0,0.0,0.0,0.0,0.0,-0.0010349240075802153,-0.0013593085504345593,-0.002481388738887209,-0.0014439778160922861,-0.0388550694541762,-0.027961419353129447,-0.0009508356205348963,0.023233771254769716,-0.004690795444138629,-0.003985219925922588,-0.005434163105500544,-0.0036655480452459496,-0.0013049734770293347,-0.00011614336779321932,-0.0005955872168188825,-0.005043913610423766
SYN Flag Cnt,0.11698640433123751,-0.12155837832451366,0.0012294407301607076,-0.0020670177506886015,0.01726250726829165,-0.002838239956859939,0.018932806103931287,-0.08778275704565575,-0.0764924348223864,-0.05627587114739265,-0.06118720940596617,-0.13220024423499283,-0.05711085954645964,-0.11160814953840098,-0.1261114740504336,0.18157849632524056,0.08392002264341224,-0.0014161052742768423,0.0016042628544169297,0.0008295537594193551,-0.000644588041981098,0.0012897250028333785,-0.0004808406357133206,0.0018581154357113856,0.0008822966374796591,-0.0005286893214474043,0.03282577536699021,0.20421717783042295,0.017192653474178775,0.0861894362609318,0.21391948615175066,1.0,0.0,0.0,0.0,-0.0010650691662815203,0.016876162775745024,0.1013780277430407,0.0031418980814792758,-0.0981378441632976,-0.12416251136271213,-0.06894902944588159,-0.10853800789059873,-0.04174633347414855,-0.014999764561451348,1.0,-0.10498141023590572,-0.17659843495015753,0.31580922701177877,-0.024634951026583373,0.0,-0.10496235986597423,-0.08380338306148144,-0.07036579712412502,-0.05627587114739265,-0.11160814953840023,0.0,0.0,0.0,0.0,0.0,0.0,-0.0020670177506886015,-0.002838239956859939,0.01726250726829165,0.018933613135888826,-0.10375020208297035,-0.08317963581557992,-0.0027511525172294565,0.07371407829513432,-0.005580264771559375,-0.008490920160730695,-0.007793907537291195,-0.0028235736056754315,0.0029148558203757505,0.00015921706287468185,0.00121035653428884,0.01182961639204183
RST Flag Cnt,0.008857392211386518,-0.27595774097297465,0.004232775021340167,-0.005020966039669399,0.009461110336115155,-0.001694058552376982,0.0005590097652059922,0.5056170243569548,-0.23157662614732175,0.4100782441003619,0.5139676125818126,0.5315072874263718,-0.25603634495489475,0.3357225094869017,0.5668882563599816,-0.018309254538425686,-0.09088492056899848,-0.0061199938298179,0.00037703789958679323,-0.0008038197065812863,-0.001541897946225505,0.004043104555988755,-0.005716237017497373,0.0007055094607459389,-0.0008819040540537385,-0.0015932515778670912,0.1537660103835395,0.041866528643885355,0.16006413792431065,0.1345580477081152,-0.031144852970971304,-0.10498141023590572,0.0,0.0,0.0,-0.0029381926353761845,0.011188063368496341,-0.08024026845011863,-0.07380256858890967,-0.2458374872564257,0.5820898142838885,0.35295373657730117,0.5568858847408921,0.18700520601763457,-0.03405196088133283,-0.10498141023590572,1.0,0.594461724446201,-0.33241146115961295,-0.10169756355163517,0.0,0.9999875594284681,-0.02354469515705092,0.3391731172325302,0.4100782441003619,0.3357225094868983,0.0,0.0,0.0,0.0,0.0,0.0,-0.005020966039669399,-0.001694058552376982,0.009461110336115155,0.0005590282738178986,0.2777146429353628,0.4408582611109461,-0.0053876156258005235,0.16950459789173986,-0.011508720251661681,-0.01138145345671275,-0.010976627675500146,-0.007225985830028936,-0.0007759468374857273,-0.00024070189375007594,-0.0005358306080318376,-0.0020932101137276903
PSH Flag Cnt,-0.16948569774176628,-0.46421448114267766,0.008812357101293805,-0.008053549347764272,0.029217403471916717,-0.003411615118347666,0.013989536262131435,0.6035631675063833,-0.38955662045660316,0.4770020871522659,0.5946248496884226,0.7253112997686497,-0.430699633249498,0.479723245870735,0.7523128134001718,-0.03748875611131925,0.004735626339474146,-0.010073805965388061,0.0008655314090983144,-0.0009322341995818496,-0.002579305469380911,0.008254224366270786,-0.00936924736705545,0.0013535239805815029,-0.001208032148167026,-0.0026651021384811605,0.2795969044750079,0.08528022634424025,0.263615227773842,0.2278443765468986,-0.03831034839320309,-0.17659843495015753,0.0,0.0,0.0,-0.0034962048764727804,0.033437697267531874,-0.038766334682111735,0.1061577497351785,-0.41354614102997195,0.7389342944692321,0.4976867579822824,0.7090401643946544,0.25447310809736845,-0.05727602919465748,-0.17659843495015753,0.594461724446201,1.0,-0.5588039483439311,-0.17107504044331254,0.0,0.5944516643198342,-0.02257622509619157,0.4594460691680205,0.4770020871522659,0.4797232458707322,0.0,0.0,0.0,0.0,0.0,0.0,-0.008053549347764272,-0.003411615118347666,0.029217403471916717,0.013990035496303548,0.29653468711328496,0.4999442997435583,-0.009001016181752478,0.44058754773586023,-0.01304504884146007,-0.014235474345404888,-0.008976044785185511,-0.006300258933738059,-0.0013863355665376781,-0.0002626648625404533,-0.0008958705346556777,-0.004312070801542696
ACK Flag Cnt,0.438932637313407,-0.38491078767619374,0.00037094150693000547,-0.009372319210542998,-0.01159914975222838,-0.01150729817074586,-0.0026245477079522885,-0.3182343346424709,-0.3075295034234305,-0.3999099529506009,-0.25783317678355655,-0.4476989619995597,-0.3313863117251385,-0.4290205974205506,-0.4017940607914522,0.05650275658144411,0.09351873541747205,0.015913631573950694,-0.0009694953545351953,0.003545748201287364,0.005320875807637044,0.0006306818479539526,0.015720751196477808,-0.0011414652828448581,0.0036734551924076804,0.005358833568398008,-0.12585847154258384,-0.00010921757637744098,-0.12864242457559405,-0.09762033861695507,0.06243671788187595,0.31580922701177877,0.0,0.0,0.0,-0.01048925868263929,-0.012287094902500748,0.1255689041924656,-0.02650424310830243,-0.3381736953410809,-0.4334958547248325,-0.4129955071498453,-0.41515295302030525,-0.1338725580226316,0.0013958771306952708,0.31580922701177877,-0.33241146115961295,-0.5588039483439311,1.0,0.30593062964245155,0.0,-0.33240878503766047,-0.22588224056105966,-0.45680753340163444,-0.3999099529506009,-0.4290205974205476,0.0,0.0,0.0,0.0,0.0,0.0,-0.009372319210542998,-0.01150729817074586,-0.01159914975222838,-0.002624609423205932,0.023613374582013225,-0.2659943729774364,-0.009110008075014683,0.3483918843190157,-0.03610089728254593,-0.033687992159930534,-0.04192664662197613,-0.026846516475461043,0.0064812909668696215,-0.0008342974876752194,0.0023532026283516125,0.029572158158985153
URG Flag Cnt,0.3651626254063799,-0.11775599962994987,-0.004457607795408696,-0.00316698516087522,-0.006853607830986272,-0.004008366367911098,-0.004310853649873932,-0.12913450780291252,-0.08838325082999118,-0.1619284963660204,-0.11811598351405597,-0.14484736865513717,-0.109238108390134,-0.1423128498946149,-0.13116072986495353,-0.014462960739417502,0.05567272804462141,-0.002887155769056877,-0.0006502199366974749,-0.0018445739768354246,-0.000603835141978929,-0.004350655698847117,-0.0031551930173133636,-0.0007082245110891456,-0.0017935402657454358,-0.0006273743590655257,-0.059617917271664,-0.03523068049814324,-0.045183020946947275,-0.04832703388358291,-0.015113380837585226,-0.024634951026583373,0.0,0.0,0.0,-0.003994349964490696,-0.007085046826065224,0.02397046277668995,0.10519850059429114,-0.09551747380647252,-0.15152448931701948,-0.14899172854278928,-0.14954188672856938,-0.04682091791020237,-0.014530567900735179,-0.024634951026583373,-0.10169756355163517,-0.17107504044331254,0.30593062964245155,1.0,0.0,-0.10168914406471656,0.08962413351273345,-0.16438598389696765,-0.1619284963660204,-0.14231284989461387,0.0,0.0,0.0,0.0,0.0,0.0,-0.00316698516087522,-0.004008366367911098,-0.006853607830986272,-0.0043110241318335425,-0.07870388075992703,-0.04575287343048719,-0.0028294867384813568,0.12822678174818938,-0.010723455653526842,-0.01191153601728394,-0.01375301037051127,-0.007043132011852512,-0.003673605442790344,-0.00023436422574025294,-0.0016461695355115108,-0.014400484912462298
CWE Flag Count,0.0,0.0,0.0,0.0,0.0,0.0,0.0,0.0,0.0,0.0,0.0,0.0,0.0,0.0,0.0,0.0,0.0,0.0,0.0,0.0,0.0,0.0,0.0,0.0,0.0,0.0,0.0,0.0,0.0,0.0,0.0,0.0,0.0,0.0,0.0,0.0,0.0,0.0,0.0,0.0,0.0,0.0,0.0,0.0,0.0,0.0,0.0,0.0,0.0,0.0,0.0,0.0,0.0,0.0,0.0,0.0,0.0,0.0,0.0,0.0,0.0,0.0,0.0,0.0,0.0,0.0,0.0,0.0,0.0,0.0,0.0,0.0,0.0,0.0,0.0,0.0,0.0,0.0
ECE Flag Cnt,0.008862037583423311,-0.2759582830375937,0.004232649042537282,-0.005020992531139652,0.009461044754306083,-0.0016941062057772443,0.0005589747867599153,0.5056146533081305,-0.2315742000891628,0.41007732407845243,0.5139654492600447,0.5315048716318002,-0.25603642524185677,0.3357207739462199,0.5668860083101256,-0.018296588708720883,-0.0908763077678935,-0.006120061482396207,0.0003770160306780461,-0.0008038655078326886,-0.0015419099692414978,0.004042979740816354,-0.00571630274785776,0.0007054889871316609,-0.0008819493278167532,-0.0015932637478948662,0.15376562353029263,0.041868420525969466,0.16006327112713922,0.1345582322054816,-0.031142300157718794,-0.10496235986597423,0.0,0.0,0.0,-0.0029382550292976315,0.011187992034789096,-0.08023015064341704,-0.07380156306824133,-0.24583797015573994,0.582087532477634,0.35295273909290986,0.5568839497801307,0.18700424923291525,-0.03405202776970182,-0.10496235986597423,0.9999875594284681,0.5944516643198342,-0.33240878503766047,-0.10168914406471656,0.0,1.0,-0.02354321503093403,0.3391725015405436,0.41007732407845243,0.3357207739462164,0.0,0.0,0.0,0.0,0.0,0.0,-0.005020992531139652,-0.0016941062057772443,0.009461044754306083,0.000558993293987256,0.27770924347441767,0.4408571190995746,-0.0053876317504937925,0.1695009538155948,-0.011516006747489939,-0.01138155139503369,-0.010982171939103216,-0.007234586513141029,-0.0007760472194429939,-0.0002407113569194001,-0.0005358750185967192,-0.002093605796864191
Down/Up Ratio,-0.13262092389156158,0.2850298966654287,-0.0025362553521653917,-0.005333562771141745,0.12742335992551804,-0.005690518546698268,0.08316838173843265,-0.07167513623186138,0.22216944865407978,0.011462345434266542,-0.08094161278374024,0.01496983132601308,0.2496030388939756,0.12418615388978303,-0.020512018370801265,-0.0048622514694229265,0.01176086472439834,-0.006806898054607868,-0.0005284877996006653,-0.0022927892063555597,-0.001575618924383317,-0.0029791991320603337,-0.0068625974567200305,-0.0005951095704222584,-0.0025214419153336085,-0.0015407974689038355,0.026367875015533507,-0.016164974416673215,0.02490568253114994,0.03998153831832591,-0.014850525169491225,-0.08380338306148144,0.0,0.0,0.0,-0.003764204840376127,0.12673330827621127,-0.01918802840999825,0.07999755975888559,0.23300073784064937,-0.007743556736734986,0.12524936730512107,0.01420066080697304,0.013849620778439172,0.0011398812272264472,-0.08380338306148144,-0.02354469515705092,-0.02257622509619157,-0.22588224056105966,0.08962413351273345,0.0,-0.02354321503093403,0.9999999999999998,0.1493386490812569,0.011462345434266542,0.12418615388978355,0.0,0.0,0.0,0.0,0.0,0.0,-0.005333562771141745,-0.005690518546698268,0.12742335992551804,0.08317235277538555,-0.10230190409578377,-0.13372700791076225,-0.006238248409131446,-0.17362262001137882,-0.004734538284613689,-0.011976473068182593,-0.00648601420852444,0.0005772244272475258,-0.004031076985578086,-0.0002301376824102505,-0.001901312323856057,-0.015478273009789253
Pkt Size Avg,-0.15291538398312265,0.020046050333299207,0.01270465715668777,-0.0001437345166862614,0.1739327112845185,0.006960177077486965,0.16147433486932875,0.5570458904536106,0.10328437346801593,0.5768291440235647,0.5041183614176362,0.7296237028453323,0.07117100629341211,0.9460701395552958,0.7137427070588995,-0.002133692320966422,-0.14299627759905736,-0.010082545080133927,0.0013088917027665587,0.0012631724969155954,-0.0025411356082027264,0.012355936167885275,-0.008981413461243523,0.002512248005361848,0.0011397824822031793,-0.0025976037481309283,0.33750967507514806,0.06026492728354249,0.26996622667162873,0.32899810694503195,-0.016885469365903506,-0.07036579712412502,0.0,0.0,0.0,0.011214734195514943,0.17582357149569905,-0.12437104467852837,-0.12059124170161832,0.08364521529759592,0.7523742123834457,0.9929380232472067,0.8441537528971926,0.4345405192284224,-0.05690968370792535,-0.07036579712412502,0.3391731172325302,0.4594460691680205,-0.45680753340163444,-0.16438598389696765,0.0,0.3391725015405436,0.1493386490812569,1.0,0.5768291440235647,0.9460701395552967,0.0,0.0,0.0,0.0,0.0,0.0,-0.0001437345166862614,0.006960177077486965,0.1739327112845185,0.16148072774245076,0.052118384778539216,0.26888913114482094,-0.0054399508523486195,-0.03315065727907026,-0.0012051297578926964,0.0019382038047131734,0.010502114736421545,0.00038551085646118413,0.003262016502787163,0.00036317238645035965,0.001207665168471306,0.013524595734092282
Fwd Seg Size Avg,0.04855943613550086,-0.05666903964716132,-0.00010144417974693031,-0.0025513814608507782,0.008783318656968856,0.03447043932317837,-0.007211410507976432,0.8707609699922847,0.10412198815057952,1.0,0.8743693618091923,0.539352329141405,-0.044551475409935724,0.38099574289019295,0.5282220038359934,0.014504988370469353,-0.14207946522168868,-0.010509964379691062,6.138937774069729e-05,-0.0025756379461089767,-0.0025620908695964885,-0.00015138420016245005,-0.010050044401550004,0.0005280810851713049,-0.0025148277002897067,-0.0025948666768018627,0.09014345199811975,0.028590691516236864,0.0986054730190595,0.08498989286095993,-0.010801825006439437,-0.05627587114739265,0.0,0.0,0.0,-0.00017600905413733353,0.010986099110853164,-0.12391431520301269,-0.11900651313971473,0.04940697656305956,0.6770118213535676,0.5579463777550421,0.6337401631701961,0.24622539671243937,-0.05788198384916581,-0.05627587114739265,0.4100782441003619,0.4770020871522659,-0.3999099529506009,-0.1619284963660204,0.0,0.41007732407845243,0.011462345434266542,0.5768291440235647,1.0,0.38099574289018884,0.0,0.0,0.0,0.0,0.0,0.0,-0.0025513814608507782,0.03447043932317837,0.008783318656968856,-0.007211665907522602,0.20338779891295783,0.5360077002732059,-0.0026151560061443316,0.06795970458016677,-0.010038740113776074,-0.01610334324005947,-0.008751530073894254,-0.003020047240070547,-0.005715465116601144,-0.00027415683887156966,-0.0026801050527232527,-0.0220991566021264
Bwd Seg Size Avg,-0.19993857863646775,-0.03879021295929507,0.015092185872110912,-0.0023149601893982393,0.15299711875500302,-0.0014509776857892297,0.14100696176460784,0.44451074512679034,-0.029961268415260096,0.38099574289018884,0.3839366185676183,0.7769120155939522,0.03340547081264131,1.0,0.7736216412611636,-0.03104950338953942,-0.12915637039027988,-0.008500176833718233,0.0017080781320714228,0.002357768919760612,-0.0022076631782712375,0.014727473654004612,-0.007276555525301144,0.0029862099958826546,0.0022161339229778824,-0.0022669079426478156,0.3714634203622612,0.07831738708725924,0.30802360440274007,0.3621196240044429,-0.012691324574077347,-0.11160814953840023,0.0,0.0,0.0,0.008757385344472771,0.15492472474703034,-0.11438010344518523,-0.1040449127841149,-0.029224967568604508,0.7558120661135466,0.9518657524600671,0.8576287482597339,0.45693377458836637,-0.04770796815763669,-0.11160814953840023,0.3357225094868983,0.4797232458707322,-0.4290205974205476,-0.14231284989461387,0.0,0.3357207739462164,0.12418615388978355,0.9460701395552967,0.38099574289018884,0.9999999999999999,0.0,0.0,0.0,0.0,0.0,0.0,-0.0023149601893982393,-0.0014509776857892297,0.15299711875500302,0.14101245658257514,0.027393839104057925,0.22172162632335593,-0.007493641396667679,0.001241670276351785,-0.0007895278543199198,0.005848041339181135,0.012026213498624505,-0.0009831751441946293,0.005624111443183989,0.0003554233381430317,0.002215051182482098,0.023145754632999768
Fwd Byts/b Avg,0.0,0.0,0.0,0.0,0.0,0.0,0.0,0.0,0.0,0.0,0.0,0.0,0.0,0.0,0.0,0.0,0.0,0.0,0.0,0.0,0.0,0.0,0.0,0.0,0.0,0.0,0.0,0.0,0.0,0.0,0.0,0.0,0.0,0.0,0.0,0.0,0.0,0.0,0.0,0.0,0.0,0.0,0.0,0.0,0.0,0.0,0.0,0.0,0.0,0.0,0.0,0.0,0.0,0.0,0.0,0.0,0.0,0.0,0.0,0.0,0.0,0.0,0.0,0.0,0.0,0.0,0.0,0.0,0.0,0.0,0.0,0.0,0.0,0.0,0.0,0.0,0.0,0.0
Fwd Pkts/b Avg,0.0,0.0,0.0,0.0,0.0,0.0,0.0,0.0,0.0,0.0,0.0,0.0,0.0,0.0,0.0,0.0,0.0,0.0,0.0,0.0,0.0,0.0,0.0,0.0,0.0,0.0,0.0,0.0,0.0,0.0,0.0,0.0,0.0,0.0,0.0,0.0,0.0,0.0,0.0,0.0,0.0,0.0,0.0,0.0,0.0,0.0,0.0,0.0,0.0,0.0,0.0,0.0,0.0,0.0,0.0,0.0,0.0,0.0,0.0,0.0,0.0,0.0,0.0,0.0,0.0,0.0,0.0,0.0,0.0,0.0,0.0,0.0,0.0,0.0,0.0,0.0,0.0,0.0
Fwd Blk Rate Avg,0.0,0.0,0.0,0.0,0.0,0.0,0.0,0.0,0.0,0.0,0.0,0.0,0.0,0.0,0.0,0.0,0.0,0.0,0.0,0.0,0.0,0.0,0.0,0.0,0.0,0.0,0.0,0.0,0.0,0.0,0.0,0.0,0.0,0.0,0.0,0.0,0.0,0.0,0.0,0.0,0.0,0.0,0.0,0.0,0.0,0.0,0.0,0.0,0.0,0.0,0.0,0.0,0.0,0.0,0.0,0.0,0.0,0.0,0.0,0.0,0.0,0.0,0.0,0.0,0.0,0.0,0.0,0.0,0.0,0.0,0.0,0.0,0.0,0.0,0.0,0.0,0.0,0.0
Bwd Byts/b Avg,0.0,0.0,0.0,0.0,0.0,0.0,0.0,0.0,0.0,0.0,0.0,0.0,0.0,0.0,0.0,0.0,0.0,0.0,0.0,0.0,0.0,0.0,0.0,0.0,0.0,0.0,0.0,0.0,0.0,0.0,0.0,0.0,0.0,0.0,0.0,0.0,0.0,0.0,0.0,0.0,0.0,0.0,0.0,0.0,0.0,0.0,0.0,0.0,0.0,0.0,0.0,0.0,0.0,0.0,0.0,0.0,0.0,0.0,0.0,0.0,0.0,0.0,0.0,0.0,0.0,0.0,0.0,0.0,0.0,0.0,0.0,0.0,0.0,0.0,0.0,0.0,0.0,0.0
Bwd Pkts/b Avg,0.0,0.0,0.0,0.0,0.0,0.0,0.0,0.0,0.0,0.0,0.0,0.0,0.0,0.0,0.0,0.0,0.0,0.0,0.0,0.0,0.0,0.0,0.0,0.0,0.0,0.0,0.0,0.0,0.0,0.0,0.0,0.0,0.0,0.0,0.0,0.0,0.0,0.0,0.0,0.0,0.0,0.0,0.0,0.0,0.0,0.0,0.0,0.0,0.0,0.0,0.0,0.0,0.0,0.0,0.0,0.0,0.0,0.0,0.0,0.0,0.0,0.0,0.0,0.0,0.0,0.0,0.0,0.0,0.0,0.0,0.0,0.0,0.0,0.0,0.0,0.0,0.0,0.0
Bwd Blk Rate Avg,0.0,0.0,0.0,0.0,0.0,0.0,0.0,0.0,0.0,0.0,0.0,0.0,0.0,0.0,0.0,0.0,0.0,0.0,0.0,0.0,0.0,0.0,0.0,0.0,0.0,0.0,0.0,0.0,0.0,0.0,0.0,0.0,0.0,0.0,0.0,0.0,0.0,0.0,0.0,0.0,0.0,0.0,0.0,0.0,0.0,0.0,0.0,0.0,0.0,0.0,0.0,0.0,0.0,0.0,0.0,0.0,0.0,0.0,0.0,0.0,0.0,0.0,0.0,0.0,0.0,0.0,0.0,0.0,0.0,0.0,0.0,0.0,0.0,0.0,0.0,0.0,0.0,0.0
Subflow Fwd Pkts,-0.006525980353650489,0.01891224550950106,0.0027034478456891475,1.0,0.031777536989919135,0.9841821573559221,0.03175754540046313,-0.004193739553043177,0.00976576588209314,-0.0025513814608507782,-0.005990287928418193,-0.005233469948838105,-0.007652459520524341,-0.0023149601893983542,-0.0057970078348657085,-0.0008462467377158041,-0.0027805763749796635,-0.00021230104837839398,2.8651886029189783e-05,-3.6171843273694002e-06,-0.00010948820333834442,0.0027029203626825946,-0.00022253808647629142,2.941488998521119e-05,-7.5363061066782736e-06,-0.00011107659865914459,0.0004328330488400736,-0.0017397727179589485,-0.001604099097198592,-0.0003190241336784057,-0.0010032516791637046,-0.0020670177506886015,0.0,0.0,0.0,0.9956687676723001,0.03173367789429632,-0.002407893062369721,-0.0023699551937559913,0.010538235544540933,-0.005046044754092864,0.0014396210520717181,-0.00515688664428898,-0.0005060577616751251,-0.0010349240075802153,-0.0020670177506886015,-0.005020966039669399,-0.008053549347764272,-0.009372319210542998,-0.00316698516087522,0.0,-0.005020992531139652,-0.005333562771141745,-0.0001437345166862614,-0.0025513814608507782,-0.0023149601893982393,0.0,0.0,0.0,0.0,0.0,0.0,1.0,0.9841821573559221,0.031777536989919135,0.03175647463304353,-0.006712953096310384,-0.004402318223736595,0.9992245767612085,-0.015494813868955444,0.001583356597658923,0.001305719390206089,0.001811019335726526,0.001243013235427668,-8.521949075703219e-05,6.479641762944499e-05,5.538115198195897e-06,-0.0005833807631672518
Subflow Fwd Byts,-0.006092315415276402,0.016814109337153254,0.0027651936727913825,0.9841821573559221,0.005757399352390547,0.9999999999999998,0.0025850702191362014,0.028065043222854497,0.010103512101100139,0.034470439323178385,0.014843120136473478,0.0005067276180682177,-0.00951890061948414,-0.0014509776857892518,-0.00032195596546201623,0.0002469428682499665,-0.003595562588187207,-0.0002705903195030285,-2.4843908481045447e-05,-8.255382549451882e-05,-6.178559301719156e-05,0.00277397629514275,-0.00027255959945924035,-1.7067799938661543e-05,-7.875600053949471e-05,-6.380068469456115e-05,0.002451244318453659,-0.0010127441366168327,0.00045045827508238524,0.0008400275553294792,-0.0011033632159961051,-0.002838239956859939,0.0,0.0,0.0,0.9772392015056407,0.006244659898567879,-0.0031395402595456954,-0.0030029010042913603,0.008941187034275792,0.014641758916283928,0.00876493199977182,0.005766108536831701,0.03398077391033045,-0.0013593085504345593,-0.002838239956859939,-0.001694058552376982,-0.003411615118347666,-0.01150729817074586,-0.004008366367911098,0.0,-0.0016941062057772443,-0.005690518546698268,0.006960177077486965,0.03447043932317837,-0.0014509776857892297,0.0,0.0,0.0,0.0,0.0,0.0,0.9841821573559221,0.9999999999999998,0.005757399352390547,0.0025851915073652515,-0.00502116310849198,0.0007019213605657385,0.9848413285554608,-0.01319908289554642,0.00010758996184006204,-3.173857056345019e-05,0.00033447334269478277,0.0001797925474219729,-0.00017634984482079206,-9.220895945145165e-06,-8.16184995977554e-05,-0.0006872939748570011
Subflow Bwd Pkts,-0.01422018537330575,-0.01762071604486293,0.0037137226629473745,0.031777536989919135,1.0,0.005757399352390547,0.9972958583571203,0.03854922003221931,-0.01493010556322543,0.008783318656968856,0.01767085936312066,0.063032442262036,-0.009893587166074589,0.15299711875500221,0.02623003539880808,-0.0007556385507036085,-0.006685791804688136,-0.0004816202323354789,8.189115463458195e-05,0.0007069219634993855,-0.00012363353458949133,0.0033390102896232892,-0.00040694106612181594,0.00015792870015584446,0.00045691450903427014,-0.00012571189858229397,0.07588466374339622,0.004151393036760119,0.017693711746607683,0.05502382513123359,-0.0016526760425176201,0.01726250726829165,0.0,0.0,0.0,0.09255036342612855,0.9997045651888623,-0.006080376334177639,-0.00500597140685643,-0.015882938948143053,0.0617741979756998,0.18350741517477837,0.07303071736697489,0.044594113318396376,-0.002481388738887209,0.01726250726829165,0.009461110336115155,0.029217403471916717,-0.01159914975222838,-0.006853607830986272,0.0,0.009461044754306083,0.12742335992551804,0.1739327112845185,0.008783318656968856,0.15299711875500302,0.0,0.0,0.0,0.0,0.0,0.0,0.031777536989919135,0.005757399352390547,1.0,0.9972967073372955,0.0009852072355571782,0.003446675316511964,-6.61201115652427e-05,0.012056593475503197,0.026589597773383912,0.015617561894656776,0.030854256658073974,0.02463988644329521,0.001559167877279019,0.0003090910995246914,0.0007152022076695887,0.005832836955750706
Subflow Bwd Byts,-0.009104619476550613,-0.011332747781882932,0.002842173569656904,0.03175647463304353,0.9972967073372955,0.0025851915073652515,0.9999998439731599,0.019172651521988868,-0.009537450950811092,-0.007211665907522602,0.0021380193692903046,0.04413730381893337,-0.004279714233722309,0.14101245658257436,0.009874925213917292,0.00016395240488528253,-0.0039046468414762696,-0.000288392404227009,1.2315056646979462e-05,0.0006247497809207676,-6.584420241687286e-05,0.0024736207493853027,-0.0002736292390175817,6.057395855535181e-05,0.00037449666069943027,-6.817331877461653e-05,0.056309155895706675,-0.0014471481994058125,0.005583880643058542,0.04267392343588469,-0.0015144710001087287,0.018933613135888826,0.0,0.0,0.0,0.09233010411653766,0.9969870659162966,-0.0034495450843203246,-0.0031654581634704363,-0.010122578109848483,0.04186727075063398,0.17006243782816785,0.05602026453596854,0.04037769328958493,-0.0014439778160922861,0.018933613135888826,0.0005590282738178986,0.013990035496303548,-0.002624609423205932,-0.0043110241318335425,0.0,0.000558993293987256,0.08317235277538555,0.16148072774245076,-0.007211665907522602,0.14101245658257514,0.0,0.0,0.0,0.0,0.0,0.0,0.03175647463304353,0.0025851915073652515,0.9972967073372955,1.0,-0.00013790197764699435,-0.00438181240867686,6.033657080025124e-05,0.006799467349263114,0.0249670359199134,0.01445567013760089,0.02853516330936675,0.023185180627800575,0.0013292708537351735,0.00028545470332768763,0.0006189468427284819,0.004928444547304082
Init Fwd Win Byts,0.22878484970714041,-0.31498713537430933,0.006271277248199147,-0.006712953096310384,0.0009852072355571782,-0.00502116310849198,-0.00013789720984764794,0.2686997438237987,-0.26245565725497133,0.20338779891295783,0.34884391088761896,0.09168581890703678,-0.2911218964074783,0.027393839104058213,0.16567916585063386,-0.013743914029361202,0.0338905398614367,0.0174772343794982,-0.0009298498467532035,0.004985051759055677,0.005760466509327153,0.006297553822046262,0.017212304028020837,-0.0009295906192440867,0.005002566108971127,0.0057019000629312195,-0.020154346112796505,-0.03439933165617322,-0.01609946138158161,-0.02709377732174231,-0.030898908446665277,-0.10375020208297035,0.0,0.0,0.0,-0.005650953951340685,0.002128000308956525,-0.0012665118996541863,0.10181825255415326,-0.27998275181763443,0.18034729975353092,0.07156176936986763,0.19835731532683376,0.06710184011449781,-0.0388550694541762,-0.10375020208297035,0.2777146429353628,0.29653468711328496,0.023613374582013225,-0.07870388075992703,0.0,0.27770924347441767,-0.10230190409578377,0.052118384778539216,0.20338779891295783,0.027393839104057925,0.0,0.0,0.0,0.0,0.0,0.0,-0.006712953096310384,-0.00502116310849198,0.0009852072355571782,-0.00013790197764699435,1.0,0.16056794152848045,-0.006834870532668965,0.31020156245049535,-0.0223734990302615,-0.022050830898780314,-0.025146442848097545,-0.015548978545187612,0.014411480263600703,-0.0005848882933650958,0.005777829669988147,0.06174118441738095
Init Bwd Win Byts,0.002655618724320458,-0.24478286291039786,-0.005773350886322277,-0.004402318223736595,0.003446675316511964,0.0007019213605657385,-0.004381653167550782,0.6429202291513594,-0.205261053753338,0.5360077002732059,0.5662985539434652,0.5473429651845398,-0.2234434637892876,0.22172162632335832,0.4898340796171023,-0.023744632901463194,-0.07867121241450574,-0.006041136472360902,-0.0008724458702898081,-0.0030953088284670967,-0.0013749673057730483,-0.005613231119870763,-0.006179814493173971,-0.0008002488467170127,-0.002916338675944017,-0.0014178517560308106,-0.04736252920762582,-0.016992321997398578,-0.03002275331607025,-0.03428247205945159,-0.007046760821389716,-0.08317963581557992,0.0,0.0,0.0,-0.002529978577929668,0.004146260602911111,-0.06999346518813736,-0.0626066301769224,-0.21806178619864353,0.556057414708142,0.2891193050180475,0.44173269944151444,0.12301852997400797,-0.027961419353129447,-0.08317963581557992,0.4408582611109461,0.4999442997435583,-0.2659943729774364,-0.04575287343048719,0.0,0.4408571190995746,-0.13372700791076225,0.26888913114482094,0.5360077002732059,0.22172162632335593,0.0,0.0,0.0,0.0,0.0,0.0,-0.004402318223736595,0.0007019213605657385,0.003446675316511964,-0.00438181240867686,0.16056794152848045,0.9999999999999999,-0.004616933668725005,0.14638475836523923,-0.015990978399355874,-0.019096073553189014,-0.020647078075464082,-0.009796023272412913,-0.006801938718460292,-0.0006396858914694305,-0.003135297152837103,-0.026152272506837795
Fwd Act Data Pkts,-0.006162050821908681,0.020042544164576643,0.0026064977544204126,0.9992245767612085,-6.61201115652427e-05,0.9848413285554608,6.030747968651414e-05,-0.005472338996232803,0.010572811896727909,-0.0026151560061443316,-0.006569880466086001,-0.00732321811512596,-0.007019343034737138,-0.0074936413966677435,-0.006736525258395256,-0.0008058096708345372,-0.0025188044680938926,-0.00020077068305941815,-3.8975183081114185e-05,-0.00010330732528869833,-4.328066980693226e-05,0.002617220134286751,-0.00021311809693761594,-4.097945084979262e-05,-9.970201313578611e-05,-4.472776748783731e-05,-0.002111505183289563,-0.0018725526137189522,-0.00227680892499253,-0.0022741546507599377,-0.000958153929547516,-0.0027511525172294565,0.0,0.0,0.0,0.9917117572641365,-0.00012377740026908756,-0.002194972773736459,-0.0021140458581137985,0.0113951118348307,-0.0070919352684797,-0.004192339444016423,-0.007911604794793952,-0.0022360062236236543,-0.0009508356205348963,-0.0027511525172294565,-0.0053876156258005235,-0.009001016181752478,-0.009110008075014683,-0.0028294867384813568,0.0,-0.0053876317504937925,-0.006238248409131446,-0.0054399508523486195,-0.0026151560061443316,-0.007493641396667679,0.0,0.0,0.0,0.0,0.0,0.0,0.9992245767612085,0.9848413285554608,-6.61201115652427e-05,6.033657080025124e-05,-0.006834870532668965,-0.004616933668725005,1.0,-0.015814023703010292,-0.0007811238747897659,-0.000618516417700949,-0.000834030633317302,-0.0006212923277346883,-0.0002150319487237866,-1.8688347663681574e-05,-9.865197199778005e-05,-0.0008314032335133422
Fwd Seg Size Min,0.21146522103605303,-0.7198741609771652,0.0031702214642455695,-0.015494813868955444,0.012056593475503197,-0.01319908289554642,0.006799209374831791,0.257233746918938,-0.6087008330656698,0.06795970458016677,0.30866557623071683,0.19621951429987172,-0.6665712368736737,0.0012416702763511534,0.2618049024174008,0.004821146715425981,0.2831373064573846,0.0006664583390834831,-0.0013057478911279099,-0.000531110839801561,0.0020070353048203394,0.0029243047787253103,0.001008450167779083,-0.0010934778044118113,-0.0006449237866621077,0.0019770515880395494,0.09573046084193237,0.057557013447193585,0.09475154817550983,0.08609180408085434,0.013751375192495259,0.07371407829513432,0.0,0.0,0.0,-0.012138468094921688,0.015993385227214968,0.19017288013145425,0.37238640556840014,-0.6553747538265348,0.2359465607657325,0.03853694482636551,0.22433950520561516,0.09109915440941194,0.023233771254769716,0.07371407829513432,0.16950459789173986,0.44058754773586023,0.3483918843190157,0.12822678174818938,0.0,0.1695009538155948,-0.17362262001137882,-0.03315065727907026,0.06795970458016677,0.001241670276351785,0.0,0.0,0.0,0.0,0.0,0.0,-0.015494813868955444,-0.01319908289554642,0.012056593475503197,0.006799467349263114,0.31020156245049535,0.14638475836523923,-0.015814023703010292,1.0,-0.08442083769961017,-0.08498675281631467,-0.09220512474222305,-0.056604754846279505,-0.0010024349720254239,-0.0019932340506538053,-0.0015601602869616388,0.0031794548416207813
Active Mean,-0.027644747500655216,-0.08652578177253692,0.010266605427145126,0.001583356597658923,0.026589597773383912,0.00010758996184006204,0.024965840792067394,-0.00035318240770921704,-0.024492242022862633,-0.010038740113776074,-0.002355552588661764,-0.00201363884579496,-0.03409202390719841,-0.000789527854320092,-0.005005633514952498,-0.004836846451338686,-0.012994800205588578,-0.0003671078886882815,0.0005090264758646422,0.0013649532392680359,-0.00018672725468711466,0.01005571641558932,-0.0003336533795752112,0.0005529660165591509,0.0012870674726744732,-0.0001908822586672344,0.03868160262011045,0.015155127541075373,0.03311271072250678,0.04189207145235425,0.004364304777805537,-0.005580264771559375,0.0,0.0,0.0,0.0016692627632330175,0.02655582502156225,-0.011435285365603922,-0.01064176726567199,-0.02594698967992235,-0.0034891175765210613,0.005087008520864322,-0.0025308801198851163,0.004314240515360691,-0.004690795444138629,-0.005580264771559375,-0.011508720251661681,-0.01304504884146007,-0.03610089728254593,-0.010723455653526842,0.0,-0.011516006747489939,-0.004734538284613689,-0.0012051297578926964,-0.010038740113776074,-0.0007895278543199198,0.0,0.0,0.0,0.0,0.0,0.0,0.001583356597658923,0.00010758996184006204,0.026589597773383912,0.0249670359199134,-0.0223734990302615,-0.015990978399355874,-0.0007811238747897659,-0.08442083769961017,1.0,0.5520907774384483,0.9480973743586424,0.9072725274779129,0.002979142277924642,0.0013225712330707227,0.0015580194540590823,0.009758597016112277
Active Std,-0.02625996940840988,-0.07664902835573652,0.010323523816259872,0.001305719390206089,0.015617561894656776,-3.173857056345019e-05,0.014455136702627547,-0.00161310313221733,-0.025648233824937597,-0.016103343240059464,-0.00457420433809942,0.002157433213456871,-0.027664796284623247,0.0058480413391806835,0.00045139503550774615,-0.004040328168061729,-0.010832600913491476,-0.00035521250250789276,0.00044752658478240865,0.0012160880776380014,-0.0001653080056112716,0.010308809256861676,-0.00022350722518752855,0.0005446922661519459,0.0012197013748686926,-0.00016896905145625813,0.05275963533027267,0.014998129372958477,0.03592223609091202,0.038632685594487945,0.0004000144069813897,-0.008490920160730695,0.0,0.0,0.0,0.0009684640078899088,0.015636106944412115,-0.009532503212351695,-0.008871254584015824,-0.02721089359718974,0.0001921689995171453,0.007645834649408945,0.0023231629954127246,0.006155125889538437,-0.003985219925922588,-0.008490920160730695,-0.01138145345671275,-0.014235474345404888,-0.033687992159930534,-0.01191153601728394,0.0,-0.01138155139503369,-0.011976473068182593,0.0019382038047131734,-0.01610334324005947,0.005848041339181135,0.0,0.0,0.0,0.0,0.0,0.0,0.001305719390206089,-3.173857056345019e-05,0.015617561894656776,0.01445567013760089,-0.022050830898780314,-0.019096073553189014,-0.000618516417700949,-0.08498675281631467,0.5520907774384483,0.9999999999999998,0.7738022302351876,0.15116999182635854,0.0024286620081503973,0.0016369631441525009,0.0013858579058276324,0.006806530548247836
Active Max,-0.03329844210467492,-0.09605687003503713,0.012681229709131143,0.001811019335726526,0.030854256658073974,0.00033447334269478277,0.028533819773142493,0.008346812791163696,-0.030472321325722557,-0.008751530073894254,0.004083040932194058,0.008623838649890457,-0.03844315982692813,0.012026213498624105,0.0046058210387371415,-0.005568425220561674,-0.01495401608981809,-0.00043532486016643266,0.0005907886770444165,0.001486965593189874,-0.0002209066131093442,0.01251429423504203,-0.00029786703011692615,0.0006634174419807548,0.001431601056590147,-0.0002253216897141682,0.07315420185939343,0.022902269409867587,0.043920935445263744,0.04977632364087598,0.0030408200315684085,-0.007793907537291195,0.0,0.0,0.0,0.0021655160528362004,0.0309852553438005,-0.013159357871381302,-0.012246257620727077,-0.032297931564285315,0.006770367562260528,0.018266811492745644,0.009138834553540927,0.010323516268505395,-0.005434163105500544,-0.007793907537291195,-0.010976627675500146,-0.008976044785185511,-0.04192664662197613,-0.01375301037051127,0.0,-0.010982171939103216,-0.00648601420852444,0.010502114736421545,-0.008751530073894254,0.012026213498624505,0.0,0.0,0.0,0.0,0.0,0.0,0.001811019335726526,0.00033447334269478277,0.030854256658073974,0.02853516330936675,-0.025146442848097545,-0.020647078075464082,-0.000834030633317302,-0.09220512474222305,0.9480973743586424,0.7738022302351876,1.0,0.7362669088997351,0.0031940564332463032,0.0015868621226294215,0.0017069778990063227,0.010040628925787163
Active Min,-0.020269004040901123,-0.06486088071259495,0.007252914377632032,0.001243013235427668,0.02463988644329521,0.0001797925474219729,0.023183991496897097,0.002503310306345677,-0.016896897243840987,-0.003020047240070538,0.0011328781235157945,-0.0009120067560924311,-0.02734619235788334,-0.0009831751441946135,-0.0038294607319680892,-0.0038122113932118405,-0.010253299781926902,-0.00026366722891875194,0.0003900559033941133,0.0010110393997538518,-0.00014315824205666264,0.007009117827233678,-0.00027381757360841243,0.00039483097692827703,0.000917379658757405,-0.00014634250108118245,0.025175486136761464,0.012097316387676346,0.02288974840136889,0.031430078346566685,0.004899275897724229,-0.0028235736056754315,0.0,0.0,0.0,0.0015774895408477885,0.024641227651119306,-0.00902283054382426,-0.008396597530340135,-0.017882549048547938,-0.0017528312434356426,0.0052021297930013735,-0.0014552321777793048,0.0033389306361541757,-0.0036655480452459496,-0.0028235736056754315,-0.007225985830028936,-0.006300258933738059,-0.026846516475461043,-0.007043132011852512,0.0,-0.007234586513141029,0.0005772244272475258,0.00038551085646118413,-0.003020047240070547,-0.0009831751441946293,0.0,0.0,0.0,0.0,0.0,0.0,0.001243013235427668,0.0001797925474219729,0.02463988644329521,0.023185180627800575,-0.015548978545187612,-0.009796023272412913,-0.0006212923277346883,-0.056604754846279505,0.9072725274779129,0.15116999182635854,0.7362669088997351,0.9999999999999999,0.00233357907029728,0.0007387057372111288,0.001157656626544508,0.008238991165564548
Idle Mean,0.0009191512185766431,-0.013433567950703383,-0.6654503770101208,-8.521949075703219e-05,0.001559167877279019,-0.00017634984482079206,0.0013292112029438502,-0.0013449086111241013,-0.007690870986683971,-0.005715465116601144,-0.0025175192859110086,0.004927535573254191,-0.007899107514721403,0.0056241114431839455,0.00445719586436746,-0.0013343954181663986,-0.0035721639919522362,-0.026574690682369534,0.9746306548111537,0.9309791396542088,-0.9371371291633455,-0.6654823210515604,-0.02643275582049575,0.9746611066711999,0.9309657528886346,-0.9371116616086,0.024083299131419895,0.020346436807037672,0.027773761286557716,0.032313064104496074,0.012786349172596663,0.0029148558203757505,0.0,0.0,0.0,-3.071244239315617e-05,0.0015859860057550695,-0.0031434356102738098,-0.002925407287091554,-0.00818280742100716,0.004128730663942495,0.0048870897076376705,0.004464753450147937,0.0035635904385796016,-0.0013049734770293347,0.0029148558203757505,-0.0007759468374857273,-0.0013863355665376781,0.0064812909668696215,-0.003673605442790344,0.0,-0.0007760472194429939,-0.004031076985578086,0.003262016502787163,-0.005715465116601144,0.005624111443183989,0.0,0.0,0.0,0.0,0.0,0.0,-8.521949075703219e-05,-0.00017634984482079206,0.001559167877279019,0.0013292708537351735,0.014411480263600703,-0.006801938718460292,-0.0002150319487237866,-0.0010024349720254239,0.002979142277924642,0.0024286620081503973,0.0031940564332463032,0.00233357907029728,1.0,0.9807400196968361,0.9818386756091954,0.44366670001095176
Idle Std,-0.0006880462012669674,-0.0019730982659445784,-0.6680210492746914,6.479641762944499e-05,0.0003090910995246914,-9.220895945145165e-06,0.0002854435997243497,-0.00013148682015263525,-0.0003742136246841929,-0.00027415683887156966,-0.0002573959207936786,0.00017553504392765805,-0.0008243453623450052,0.00035542333814303495,0.0001626294920984914,-0.00011915540512206096,-0.00031925714703100893,-0.027421304336020445,0.956775410873479,0.9409270813838689,-0.9236230108349561,-0.6680315667845979,-0.027414054988744548,0.9567641768971009,0.9409285777770859,-0.9236193082912288,0.001517532464842484,0.0011450847153499646,0.0021207334164757073,0.002623100741075207,0.0004255694642301494,0.00015921706287468185,0.0,0.0,0.0,1.2296918843304544e-05,0.00030979014078529656,-0.0002809409610999805,-0.00026145222714345125,-0.00039225623709861283,0.000130755247923436,0.0005142369251949228,0.00021579924258479071,0.0002550253052765166,-0.00011614336779321932,0.00015921706287468185,-0.00024070189375007594,-0.0002626648625404533,-0.0008342974876752194,-0.00023436422574025294,0.0,-0.0002407113569194001,-0.0002301376824102505,0.00036317238645035965,-0.00027415683887156966,0.0003554233381430317,0.0,0.0,0.0,0.0,0.0,0.0,6.479641762944499e-05,-9.220895945145165e-06,0.0003090910995246914,0.00028545470332768763,-0.0005848882933650958,-0.0006396858914694305,-1.8688347663681574e-05,-0.0019932340506538053,0.0013225712330707227,0.0016369631441525009,0.0015868621226294215,0.0007387057372111288,0.9807400196968361,1.0,0.992298721014067,0.3057342833394436
Idle Max,0.00010445223887871657,-0.006599389772523708,-0.6836670246403668,5.538115198195897e-06,0.0007152022076695887,-8.16184995977554e-05,0.0006189193684518331,-0.0007962822015262227,-0.003406129486678487,-0.0026801050527232527,-0.0013020275532108585,0.001874712675077354,-0.0036548978140448704,0.002215051182482077,0.0016923867207741436,-0.000609024471390733,-0.001630355394894179,-0.024543043612798264,0.9565428017938254,0.9482178095584228,-0.9277840051285942,-0.6836851830488333,-0.024481810467341526,0.9565474091885082,0.9482135227286678,-0.92777123215508,0.010389506042493156,0.008829528030267908,0.012120283290779636,0.01412974105362463,0.005502099835693884,0.00121035653428884,0.0,0.0,0.0,-1.604716438152897e-05,0.0007257728212062641,-0.0014346813727262233,-0.0013351720966756286,-0.0036217903921391572,0.0015206612037764703,0.0019468413728430014,0.0016820663731707804,0.001474087789929968,-0.0005955872168188825,0.00121035653428884,-0.0005358306080318376,-0.0008958705346556777,0.0023532026283516125,-0.0016461695355115108,0.0,-0.0005358750185967192,-0.001901312323856057,0.001207665168471306,-0.0026801050527232527,0.002215051182482098,0.0,0.0,0.0,0.0,0.0,0.0,5.538115198195897e-06,-8.16184995977554e-05,0.0007152022076695887,0.0006189468427284819,0.005777829669988147,-0.003135297152837103,-9.865197199778005e-05,-0.0015601602869616388,0.0015580194540590823,0.0013858579058276324,0.0017069778990063227,0.001157656626544508,0.9818386756091954,0.992298721014067,1.0,0.32925176851801413
Idle Min,0.0060381350649762,-0.048918129667789946,-0.1541801988876678,-0.0005833807631672518,0.005832836955750706,-0.0006872939748570011,0.004928221342520232,-0.0047942503382597534,-0.030392449261392725,-0.0220991566021264,-0.009312835442418227,0.020588436940973016,-0.030121600413342116,0.023145754632999553,0.018616869745808375,-0.00515751953975836,-0.013806400631582462,-0.008227923541216124,0.4854066252556989,0.31208268890048096,-0.42546573986143305,-0.1542798387483896,-0.0076610368432167425,0.48558334664027564,0.3120189608044303,-0.42537398997869175,0.0955595150577181,0.08141866511366952,0.11068059244739079,0.1286692858551286,0.05193328138941437,0.01182961639204183,0.0,0.0,0.0,-0.0001275811266840357,0.005934001664880908,-0.012149366403473916,-0.011306689871026591,-0.03235176182560183,0.017429927139964812,0.01979524230837002,0.01863172376390293,0.014347392947008977,-0.005043913610423766,0.01182961639204183,-0.0020932101137276903,-0.004312070801542696,0.029572158158985153,-0.014400484912462298,0.0,-0.002093605796864191,-0.015478273009789253,0.013524595734092282,-0.0220991566021264,0.023145754632999768,0.0,0.0,0.0,0.0,0.0,0.0,-0.0005833807631672518,-0.0006872939748570011,0.005832836955750706,0.004928444547304082,0.06174118441738095,-0.026152272506837795,-0.0008314032335133422,0.0031794548416207813,0.009758597016112277,0.006806530548247836,0.010040628925787163,0.008238991165564548,0.44366670001095176,0.3057342833394436,0.32925176851801413,1.0
