,dst_port,ip_prot,flow_duration,down_up_ratio,pkt_len_max,pkt_len_min,pkt_len_mean,pkt_len_var,pkt_len_std,bytes_per_s,pkt_per_s,fwd_pkt_per_s,bwd_pkt_per_s,fwd_pkt_cnt,fwd_pkt_len_tot,fwd_pkt_len_max,fwd_pkt_len_min,fwd_pkt_len_mean,fwd_pkt_len_std,fwd_pkt_hdr_len_tot,fwd_pkt_hdr_len_min,fwd_non_empty_pkt_cnt,bwd_pkt_cnt,bwd_pkt_len_tot,bwd_pkt_len_max,bwd_pkt_len_min,bwd_pkt_len_mean,bwd_pkt_len_std,bwd_pkt_hdr_len_tot,bwd_pkt_hdr_len_min,bwd_non_empty_pkt_cnt,iat_max,iat_min,iat_mean,iat_std,fwd_iat_tot,fwd_iat_max,fwd_iat_min,fwd_iat_mean,fwd_iat_std,bwd_iat_tot,bwd_iat_max,bwd_iat_min,bwd_iat_mean,bwd_iat_std,active_max,active_min,active_mean,active_std,idle_max,idle_min,idle_mean,idle_std,flag_SYN,flag_fin,flag_rst,flag_ack,flag_psh,fwd_flag_psh,bwd_flag_psh,flag_urg,fwd_flag_urg,bwd_flag_urg,flag_cwr,flag_ece,fwd_bulk_bytes_mean,fwd_bulk_pkt_mean,fwd_bulk_rate_mean,bwd_bulk_bytes_mean,bwd_bulk_pkt_mean,bwd_bulk_rate_mean,fwd_subflow_bytes_mean,fwd_subflow_pkt_mean,bwd_subflow_bytes_mean,bwd_subflow_pkt_mean,fwd_tcp_init_win_bytes,bwd_tcp_init_win_bytes
dst_port,1.0,-0.14185204140154375,-0.044882086857378246,-0.25919971430354893,0.03760242636905535,-0.008901324158294786,0.015275200544356573,0.024466037815002038,0.02959601999707398,0.13575273715871866,0.01760084975808837,0.06743095152241745,-0.03509239599491163,-0.0033356019192330223,-0.00429694444933671,-0.011791282210175622,-0.014435498081172065,-0.006186936930265262,-0.013099163126042253,-0.003248471695073019,0.027802539196655367,-0.0033276460417872465,-0.003103880672651512,-0.0016462112454791317,0.06862267576144607,0.02638110914757133,0.05064035499244561,0.06546447670938997,-0.0036855011445713283,-0.12762743428102596,-0.0023463073698085295,-0.032364498600006716,0.005371515037559838,-0.023126152197590646,-0.03536747882750104,-0.04436475884632585,-0.02885122539967081,-0.006932547543748617,-0.028380653979635368,-0.03027691417909281,-0.04463913356837744,-0.03107424090282389,-0.013757709074334127,-0.026051413069494895,-0.028695699531290298,0.0037994381362892907,0.015013539288442597,0.01250934921993954,-0.008971217071603404,-0.03779158214652378,-0.037099733001555474,-0.037870285057712595,-0.008397012884310136,0.07125677314542994,-0.10576665399677462,0.1591884413162822,-0.0014005414482427488,0.04465242190426555,0.07305679538992849,0.024356718414366138,0.0,0.0,0.0,0.08271619919672962,0.11583432149458275,-0.0012152110582569417,-0.003426569416022603,0.015923189675235917,-0.0020448683464807395,-0.0022436578685232555,-0.015498866623137137,-0.0010471599919054362,-0.0031852066738680593,0.003430154573462251,0.0009799002600619719,-0.07034588237554129,0.17036865367494924
ip_prot,-0.14185204140154375,1.0,-0.20904841273454886,0.007596603137216906,-0.12540442372094818,0.5262919256617717,-0.11629440503205832,-0.08096556330116782,-0.1342824848228153,0.009444599669684028,-0.0779568310108281,-0.07516842200778484,-0.07421782001863667,0.0180272364617954,-0.011426320673716206,-0.08469146206511897,0.43600622258598404,-0.06101920128076605,-0.08798960514020601,0.01385121487777051,-0.8036255863516418,0.01929537722976216,-0.023847035458982143,-0.015224343334618369,-0.11081663987325131,0.0858007878028172,-0.11804846586399738,-0.13026229340715859,-0.02924965223584743,-0.656124435564546,-0.01553799469270187,-0.1800951843340094,0.013565045046396532,-0.12503176133695107,-0.17259374534447997,-0.20462719407623323,-0.1756368434200278,-0.010884138246751166,-0.1396502886875269,-0.17376609827800302,-0.20252559806436274,-0.17042122228816847,-0.044643995160094235,-0.1129116350698196,-0.17058549199772502,-0.06320181523841432,-0.03677947730022123,-0.047069639086131265,-0.050972150407107175,-0.15861663735779688,-0.1532247657712949,-0.15749971902052326,-0.04946244046800048,-0.8067250722859393,-0.5743504255596471,-0.2934801089703743,-0.03479168582106024,-0.19183790326445033,-0.2948807530100686,-0.1120084143728198,0.0,0.0,0.0,-0.39840352127335227,-0.38255547206305657,0.004640781510027149,0.019826163904477005,-0.006852213167986048,-0.007614958436266675,-0.008114241337242508,-0.05670353635366985,0.0031162698504104734,0.018894327513453456,-0.01755955991175679,-0.0323171217231659,-0.4652120945651102,-0.5965894206442282
flow_duration,-0.044882086857378246,-0.20904841273454886,0.9999999999999999,0.06687038862818684,0.15899103194876538,-0.10530025904059587,0.18117597579664274,0.14772905522125532,0.16424724278782035,-0.026005452290817268,-0.04654658334653631,-0.044683540227053474,-0.044517680249179806,0.05201058798277079,0.08779781135145891,0.22931388001571615,-0.0893710780114368,0.16682125527868147,0.2105249729310664,0.05809911744744232,0.04705953033056667,0.049525592717147134,0.07032586822845338,0.051968009745654346,0.004171226835806471,-0.0036483140929207507,0.037511415074859084,0.002021997114666088,0.07412364986276741,0.09551430484733987,0.05809439688404217,0.7576918693244252,0.035647156998594276,0.544954049538966,0.704496038366648,0.9954412644692764,0.757347284870619,0.10908765539364199,0.6183858614874971,0.7176844303990877,0.9853208968842783,0.7561727370104646,0.18333052883851206,0.48339204815589326,0.7459653305667393,0.2485166916723922,0.0917304935072412,0.14584442088300115,0.25087423487051635,0.7572716190503752,0.7332838041159746,0.7535506841738165,0.21792887120039434,0.14060204722852473,-0.016853838201750116,-0.07699339205426753,0.08399564553609486,0.22395509414335496,0.29884113121343425,0.14837426079630764,0.0,0.0,0.0,0.16270454100929735,0.10789832765914109,0.019031684175456153,0.04786376172347207,0.0195193335220841,0.023444798993347962,0.025893864605003807,0.15308447457809385,0.02568281531936934,0.04802922120617332,0.02088406309452821,0.021699065509286134,-0.10386883178289977,0.14973822175868903
down_up_ratio,-0.25919971430354893,0.007596603137216906,0.06687038862818684,1.0,0.01214765611433033,-0.09284025193857476,0.09015792726782317,0.016554004085899125,0.03412608860635031,-0.014284342539718749,-0.004000036494354245,-0.00939139768444836,0.0018786429693668752,-0.025861614874465755,0.02278958041893262,0.0792090837279634,-0.048294574879403085,0.07901332381156762,0.08586068903837214,-0.020639389242823953,0.12654261907064807,-0.028578836393698518,0.20615669407898032,0.2003359737268618,-0.055074789447419815,-0.11795675751405639,0.004263315982550225,-0.04516829013469356,0.20801520690612732,0.36578875562476704,0.20138459978274273,0.03974662435695176,-0.05561197582727994,-0.07350786839327407,-0.028270685219776718,0.05490253018581452,0.021700787726862042,-0.013851021203923064,-0.050184776641322155,-0.026156839699435313,0.08552941728605133,0.07137829584817092,-0.06666028655815757,-0.05543172687088156,0.054486262089111046,0.06877689490603912,0.04717436071806211,0.05665535882611975,0.048529555008829495,0.03680007421883283,0.027416119402520034,0.0328137967846882,0.055026484470821944,0.2016427927816222,0.18279896029778644,-0.06855687184423236,0.17938952802562064,0.09002160206707525,0.03451828495867414,0.09284658684589893,0.0,0.0,0.0,0.14177941181002343,0.08130286819554192,0.0010156106295912562,-0.028595983933618077,0.010798997188242494,0.12152498766069535,0.1220297597719254,0.03967301415155632,0.0006436672403920595,-0.028196365272024876,0.1416165245809107,0.1573656802939634,0.2849348296074283,0.1076924831492747
pkt_len_max,0.03760242636905535,-0.12540442372094818,0.15899103194876538,0.01214765611433033,1.0,-0.06482329317633749,0.8040430435592981,0.8532802717293437,0.96270529175552,-0.0006262243399124044,-0.028494496865449182,-0.027371931142477348,-0.027234029729824763,-0.0011041990815215319,0.1767171931515855,0.7085245884152152,-0.05224789812592838,0.5385157667784997,0.6755416704222891,0.0012164102040485045,0.04514067112988972,-0.0018273780398990007,0.016362199838184616,0.02418555449314852,0.7109899966457478,-0.011329832741019312,0.707492406144354,0.709466620017099,0.01718159720158291,0.0745501557070457,0.00863309236328744,0.0685843111424815,-0.005268165773568943,0.02710087860733406,0.045920280278455995,0.15840999027850206,0.06947864232807029,-0.008692846580869702,0.04180961327252667,0.0562066875922806,0.16083874934112946,0.07012819435045461,-0.01591866718107743,0.018603370229283094,0.07607311867251126,0.13451953515274043,0.07470597377801413,0.09742703597372877,0.10733716154421317,0.05858433488232278,0.0480057233805144,0.05461923630690562,0.05451104671285337,0.11083770865135564,0.10846006190209034,-0.031587904001339616,0.023943672705750766,0.15795862085907153,0.2523693284696504,0.08851686138954973,0.0,0.0,0.0,0.14270494154961016,0.20452809271411893,0.02968046885820557,-0.0025493850957567657,0.06378401298795161,0.0032497579052518802,0.0030321552934561313,0.034888947559688514,0.04387415118897913,-0.0020781453749842637,0.06016343515207589,0.014337256955585638,-0.027119837906141107,0.18648849413117202
pkt_len_min,-0.008901324158294786,0.5262919256617717,-0.10530025904059587,-0.09284025193857476,-0.06482329317633749,1.0,-0.0236484786177576,-0.043639591424105575,-0.07322077893986997,0.011720719706640825,-0.04204151193623704,-0.040028423647434,-0.04054843757048935,0.004774348334068592,-0.007636235115379509,-0.04172478679025166,0.7977973297699262,-0.014806223784262666,-0.04742981306138804,0.0025544357798822264,-0.44263896302936906,0.005454516463472538,-0.013087571342255735,-0.008241891159786246,-0.05971523678742954,0.28297706431870917,-0.06349256868780272,-0.07021804363559296,-0.015858215323571234,-0.3792158709538037,-0.008609952231423523,-0.08625439224456728,0.05467395360695977,-0.02846932173034342,-0.08391872919541211,-0.10511330439593432,-0.08821255289478389,0.010689269944445386,-0.06034368238639171,-0.0907971058284635,-0.10443457394404017,-0.08427759482685539,-0.0076732371683552875,-0.045558084179157556,-0.09134064519776007,-0.02987278395017323,-0.015082967329465305,-0.020472056832009172,-0.026555292890464943,-0.07430025448226399,-0.07410015609554924,-0.07527135665384083,-0.01616613927036381,-0.43477697329189197,-0.3093702963057909,-0.1581709402200765,-0.01874388844206341,-0.10328845540859154,-0.15861658478369975,-0.060365889110999216,0.0,0.0,0.0,-0.21471921099917515,-0.20617794701121173,0.0006310602586756469,0.0057665142927900434,-0.002601926150828846,-0.004105445376235813,-0.0043795589674646,-0.03056404622491499,-0.00024674059249268215,0.005249693242272432,-0.009525219360749597,-0.018235492439600615,-0.25063549137585756,-0.3215314683005261
pkt_len_mean,0.015275200544356573,-0.11629440503205832,0.18117597579664274,0.09015792726782317,0.8040430435592981,-0.0236484786177576,1.0,0.9820036954191825,0.9245318042379363,0.038586987653220814,-0.03904520805609687,-0.0374759604250505,-0.037349907086427374,-0.0007830688831430428,0.3657157493368013,0.7084812470180505,-0.01579080687040482,0.8845256684739503,0.8104599821253501,0.002911869578985406,0.047585836169236305,-0.0021675018331655817,0.04215245349542575,0.03822976457964552,0.4343027905501021,-1.3122028342213746e-06,0.4552960201871246,0.4368866306262728,0.04288952261167016,0.08718645512809252,0.029702919141161292,0.0705686266550337,-0.003915000891963967,0.018771187909622247,0.04246770111341063,0.1802651225811367,0.0698869443627381,-0.010209679060919975,0.034240637102243225,0.056904168037527014,0.18297889892601354,0.06906519934811316,-0.017221497451459768,0.010010441395657304,0.0719721373150811,0.22816398288078202,0.14839431307648265,0.1827260164065938,0.15871396706625054,0.05585494119662867,0.04971285971792601,0.053792709165319585,0.03354469056974965,0.08547688276049602,0.08122684223316863,-0.02753337871378891,0.04988351631166836,0.20049530013677297,0.3217781197991053,0.11179179845852454,0.0,0.0,0.0,0.0987905411671672,0.13020911675697155,0.10120393087641258,-0.0029746789444300087,0.11254608941597573,0.015849191372323018,0.014073381145624255,0.046562984368185394,0.11587667605222852,-0.002561805322464169,0.05233495598767013,0.031056765717648448,-0.009241262402330261,0.13484701093962453
pkt_len_var,0.024466037815002038,-0.08096556330116782,0.14772905522125532,0.016554004085899125,0.8532802717293437,-0.043639591424105575,0.9820036954191825,1.0,0.9574495170679447,0.02936237091055,-0.017545772836292748,-0.016849120884828407,-0.01677519761584577,-0.00018767849619277577,0.34090945948567597,0.7133995578671396,-0.03048427696739308,0.8509256761761955,0.810756344140453,0.0019394073130021756,0.01895289977227971,-0.0007829521267052956,0.01620718444614124,0.01568578244064481,0.49638153084495773,-0.0077520029151970414,0.49729711733862486,0.49663053591692335,0.016598861492755777,0.037684456348795185,0.005084579815826556,0.03562827599881367,-0.0034048356431388553,0.0198802930165966,0.02840635925802157,0.14708483161223498,0.03501421712047917,-0.004944198041410619,0.03096824843747218,0.03285887632782257,0.14961554752250367,0.03416857930859064,-0.010404639336298704,0.012819421353486939,0.04501676770922249,0.20938015075480132,0.1389395418937547,0.16923434031654017,0.14099763472430848,0.02313833280578739,0.01883532000586707,0.02175109796760052,0.019180847488026054,0.03715584486349527,0.052400336267995555,-0.03099078771592009,0.023246508030164488,0.16544214588057748,0.27722457352245367,0.08770706814226807,0.0,0.0,0.0,0.06981168567119776,0.11487371316929966,0.08466829949606516,-0.0015002965703707191,0.09660962078025673,0.0017510225367229676,-5.425984357727928e-06,0.02195330501496295,0.10030169399769036,-0.0012671922630376193,0.04045740202262875,0.010985312937256976,-0.04504754376161716,0.08922515862440443
pkt_len_std,0.02959601999707398,-0.1342824848228153,0.16424724278782035,0.03412608860635031,0.96270529175552,-0.07322077893986997,0.9245318042379363,0.9574495170679447,1.0,0.010567556245020506,-0.031181716721959657,-0.029955698066328758,-0.029799900303918242,-0.0013024392114372248,0.25862753775476927,0.7242495224184349,-0.05729351670846134,0.7070593309124825,0.7634735012463514,0.0012018329275574012,0.05663980819647103,-0.0020725488092837134,0.01847608936611066,0.022567180973721367,0.642584328442536,-0.013828647676883776,0.6454349450824665,0.6434868463348327,0.019300503158907124,0.08833666218060607,0.008677591383802346,0.05961776524730639,-0.006032054844227332,0.023447361737869397,0.041742955923505534,0.16347337684409247,0.05969571634415035,-0.009463784352126808,0.03836051034391803,0.051606979217866285,0.16626976631818616,0.05971875518732866,-0.017173889622644538,0.015193512947408299,0.07089685847214278,0.1749414884845696,0.10797246609850275,0.13495114760324572,0.12663380300838498,0.04707642981833495,0.04043045855365612,0.044923679486576336,0.0341914067321515,0.10863712532652005,0.1112062464761414,-0.03190806778289536,0.02640559740744591,0.17148470466940324,0.27877328014595243,0.09423726142645511,0.0,0.0,0.0,0.1317659453227875,0.18543187205466682,0.053193352764396726,-0.002829673403321026,0.07625324641002369,0.003474829892057411,0.002552872635751781,0.038210771078105575,0.06896190913245723,-0.0024152973843515253,0.05439623021499813,0.01485937005569209,-0.013618213493639416,0.17342975455821655
bytes_per_s,0.13575273715871866,0.009444599669684028,-0.026005452290817268,-0.014284342539718749,-0.0006262243399124044,0.011720719706640825,0.038586987653220814,0.02936237091055,0.010567556245020506,1.0,0.24397060149592495,0.26797064467629284,0.19864148090184258,-0.0007720105002732428,0.042292433906776304,0.007388500461271594,0.0105325474051462,0.05398481817875298,0.0075283851497220345,-0.0008520533469398978,-0.04049802397564094,-0.0007566057076708717,0.002504505491752063,0.0017010375053897802,-0.009742593274844464,0.0006004320615398736,-0.01176429131686315,-0.009854530755148517,0.002177145417057709,-0.03936038962214542,0.0014758286241870074,-0.022977548487855378,-0.002052526073634761,-0.018413697870431688,-0.0222633809004849,-0.025314301334102295,-0.022101092855688963,-0.003740806061054789,-0.019067880321758924,-0.02154584927275364,-0.02496808214841266,-0.021677249924854855,-0.007159014221029934,-0.015536068631682621,-0.021220057652005492,-0.007695995830785983,-0.00443475983274503,-0.005699563608237079,-0.006271606587482253,-0.020274929139542843,-0.01960127998758466,-0.020136634360629888,-0.006283001833568536,-0.037748258190762385,0.030910406844003143,-0.03542845423235376,0.0017927095202971263,-0.007434969532923325,-0.0028382236987097883,-0.007673203972092377,0.0,0.0,0.0,-0.0008771896451140662,-0.003661644371252598,0.04988464472971871,-0.0006798649929096665,0.08932082132991624,0.0031024819920968927,0.0030570387808706613,-0.00593836953740564,0.05032474990022901,-0.0007135580177960808,0.004140689874639604,0.008098645354253184,0.013620283991962799,-0.038967638159776864
pkt_per_s,0.01760084975808837,-0.0779568310108281,-0.04654658334653631,-0.004000036494354245,-0.028494496865449182,-0.04204151193623704,-0.03904520805609687,-0.017545772836292748,-0.031181716721959657,0.24397060149592495,1.0,0.9593612620337265,0.9570416234355181,-0.0020865400307781873,-0.00450747066467189,-0.019147008310899386,-0.03467019293274704,-0.0171216331488967,-0.01890821597468675,-0.002632528452071505,0.2960707309360378,-0.0018980044866723192,-0.005272340081234659,-0.0033622192483078353,-0.02580742752812553,-0.007897766601418624,-0.04172314222797532,-0.027907834506200522,-0.005872491328750231,0.024219463491183212,-0.004237493501945278,-0.04107199250175494,-0.0036698348972090764,-0.03279841942388669,-0.03964904666929281,-0.04529973829627029,-0.03948609551666264,-0.006658274552029439,-0.03396346794139649,-0.038388835758294,-0.04466313362975781,-0.038717544316329885,-0.012722452809860878,-0.0276559117968844,-0.037823725416539014,-0.013970935793913704,-0.00806509068819321,-0.010356300766604,-0.01134984699775936,-0.03611014212832183,-0.034900527815358434,-0.03585882927214301,-0.011232296690668995,-0.048955148375382694,-0.10567488884162943,0.26054974685872845,-0.006814896609775743,-0.04023007889612914,-0.06140560857165968,-0.02365727435885177,0.0,0.0,0.0,-0.08334363142150358,-0.07988664075321707,-0.0012359983616029697,-0.0016710509579014753,-0.0012626149076539713,-0.0016175214251546537,-0.001722086677920888,-0.012256936496270328,-0.0019517599854301279,-0.0018814075735427889,-0.00400085551303358,-0.0072815505198946555,0.08118640144259298,-0.12707494840795372
fwd_pkt_per_s,0.06743095152241745,-0.07516842200778484,-0.044683540227053474,-0.00939139768444836,-0.027371931142477348,-0.040028423647434,-0.0374759604250505,-0.016849120884828407,-0.029955698066328758,0.26797064467629284,0.9593612620337265,1.0,0.8363301948347134,-0.001927920205988511,-0.004312079598233327,-0.018362979690474776,-0.03290830387676722,-0.016378809176134188,-0.01812570919019293,-0.002447991706035388,0.28550066947796127,-0.001747462721575033,-0.00513931724636432,-0.0032473725625921787,-0.024829416758782922,-0.007899580214044888,-0.040216865567326746,-0.026868760409576104,-0.005714357941518306,0.013539804135190276,-0.004116816577857293,-0.03943126190968748,-0.0035231804877098307,-0.03148790437538123,-0.0380648784274132,-0.043486437777949624,-0.03790862108283942,-0.006392260222768349,-0.03260645284860714,-0.03685503626246397,-0.0428789976205811,-0.037170907450219046,-0.012214106394173061,-0.026550968282028558,-0.03631265811412288,-0.013413004409875279,-0.00774296101389302,-0.009942675876913474,-0.010896600741086832,-0.03466752806542103,-0.03350621844767615,-0.03442624500399919,-0.010783647048418204,-0.04937959904504793,-0.09754025557823082,0.24538440197822584,-0.006552828499270755,-0.03842133450540579,-0.057233461827620145,-0.02314109946487963,0.0,0.0,0.0,-0.08046336830491843,-0.07714393200420963,-0.001170976485585603,-0.001534306744540431,-0.0010497640389748666,-0.0015738976243991954,-0.0016811839071992282,-0.011792758448262344,-0.0018523505857280013,-0.0017308520311789884,-0.003877873819722452,-0.0072262311015941555,0.0749579628348046,-0.12235229514960948
bwd_pkt_per_s,-0.03509239599491163,-0.07421782001863667,-0.044517680249179806,0.0018786429693668752,-0.027234029729824763,-0.04054843757048935,-0.037349907086427374,-0.01677519761584577,-0.029799900303918242,0.19864148090184258,0.9570416234355181,0.8363301948347134,1.0,-0.002072763909243978,-0.004326386477929883,-0.01833056524647658,-0.033543471974095865,-0.01643443275337557,-0.018110438726009453,-0.0025991288630822906,0.28184988083568757,-0.0018918998725181487,-0.004962373604028899,-0.0031953941295184904,-0.024626063161045993,-0.007226835069310677,-0.039736272248346055,-0.02661127655450492,-0.005537484348510069,0.033141408100306434,-0.004002509335946689,-0.03927844149893866,-0.0035096333278935273,-0.0313664652543972,-0.037917922296436465,-0.04332535078785141,-0.037761897608246164,-0.006367550518835032,-0.03248059582570786,-0.036712715892220006,-0.042712709233625704,-0.03702676838976984,-0.012166999932436993,-0.026448378882950842,-0.0361721213715412,-0.013360666594959252,-0.00771284715659516,-0.009903969384134625,-0.010854058592620092,-0.03453336808072612,-0.033376592812443324,-0.03429303950498336,-0.010741743507146635,-0.04437172125964977,-0.10508114430394626,0.25405991023819097,-0.0065068492891104555,-0.03868049157795198,-0.06049059145823233,-0.02218351008524468,0.0,0.0,0.0,-0.07924265501994762,-0.07593718519907793,-0.0011981016505259014,-0.0016699954950518345,-0.0013743628010827779,-0.0015253162983513942,-0.0016182272373320402,-0.011695535804362686,-0.0018885611232998978,-0.0018767231417564673,-0.0037882866253614806,-0.006721528595966204,0.08070854443882323,-0.12116234563816804
fwd_pkt_cnt,-0.0033356019192330223,0.0180272364617954,0.05201058798277079,-0.025861614874465755,-0.0011041990815215319,0.004774348334068592,-0.0007830688831430428,-0.00018767849619277577,-0.0013024392114372248,-0.0007720105002732428,-0.0020865400307781873,-0.001927920205988511,-0.002072763909243978,1.0,0.33623892324213095,-0.0002331535550975823,0.00441650809179809,9.282871113614426e-05,-0.00040139745299166507,0.9966923896332117,-0.01516075633364503,0.9993222960877784,0.02926856105095945,0.02952748103219295,-0.0016683222196661692,-0.0009605577841033524,-0.002260789924868382,-0.001963884860924482,0.029176743169689223,-0.022844376868366854,0.02935067276678114,-0.0005524208515804953,-0.00041325777854625095,-0.002396907178042193,-0.002467022552303586,0.05228237796252829,-0.0005615983557561192,-0.000698375400708609,-0.002277017732174962,-0.002120883426143715,-8.758878724325598e-05,-0.0011557343617288375,-0.0012681700932680529,-0.0020411816371996125,-0.0019050463900373374,0.001400334991188323,0.00031636495450689016,0.0006308126489181829,0.001346994537149205,-0.0012464052977581561,-0.0013379229850657064,-0.0013021021640368343,0.00013616723802208446,-0.014780669438823812,-0.011412220536957517,-0.005236488538318042,0.032279577859833465,0.010498253016456034,0.0014223539622756278,0.011837447530425494,0.0,0.0,0.0,-0.006774112302513835,-0.006598118126704079,0.3801318112791771,0.9971307306745466,0.0004222194925699235,0.016448205110471764,0.0164756343372023,-0.0007200670714265846,0.43553476233781196,0.9973572487979989,0.02047076797699414,0.0200568381038363,-0.009583606925603873,-0.010147090097828184
fwd_pkt_len_tot,-0.00429694444933671,-0.011426320673716206,0.08779781135145891,0.02278958041893262,0.1767171931515855,-0.007636235115379509,0.3657157493368013,0.34090945948567597,0.25862753775476927,0.042292433906776304,-0.00450747066467189,-0.004312079598233327,-0.004326386477929883,0.33623892324213095,0.9999999999999999,0.2512629971811598,-0.006028364355027837,0.45240544057602294,0.2916662886638056,0.33688892613636445,-0.0007430357492712844,0.3360959698951849,0.03421516485099022,0.002802853271471512,-0.00024338197210048933,-0.0019700509379704284,0.0003387379603227822,-0.001371776483429979,0.034241163112653454,0.0007322200221660037,0.0049728237452587075,0.011244324495928491,-0.0008752661839190818,0.004066879935730625,0.00679374101407939,0.08820992274705347,0.01145242975698588,-0.0011189916163526525,0.007967739428212155,0.008703036491843362,0.07213818768555223,0.011604840575075985,-0.0029241800468075446,0.001973890782406856,0.011424960078518592,0.13232375521936415,0.09620215866377484,0.11441612759880365,0.08327115525636847,0.007320758437389685,0.005322487074933331,0.006458159734420504,0.00895038313008802,-0.013357455366397578,-0.012365713508623056,-0.008522560032616689,0.039246507322545324,0.2116735790512553,0.5131244254886894,0.050761154270497655,0.0,0.0,0.0,-0.0034619397980364766,-0.005533651504446665,0.8896597240580658,0.3349181502262836,0.21208167627655491,0.00036396959955440765,0.0005138783675757114,0.004126519152823986,0.8668308451592931,0.33474061050572973,0.0007146378019191519,0.06487227388788526,-0.01613864590839235,-0.011020364104192425
fwd_pkt_len_max,-0.011791282210175622,-0.08469146206511897,0.22931388001571615,0.0792090837279634,0.7085245884152152,-0.04172478679025166,0.7084812470180505,0.7133995578671396,0.7242495224184349,0.007388500461271594,-0.019147008310899386,-0.018362979690474776,-0.01833056524647658,-0.0002331535550975823,0.2512629971811598,1.0,-0.032235978190789036,0.7628961961113557,0.9553707380162662,0.002013160154228051,0.02808573582618264,-0.0009194245400040933,0.019965278491885737,0.006535884950212611,0.008153215224802423,-0.008199726055511093,0.025490488702013592,0.008664146547068924,0.02098448166208581,0.04764979293923156,0.010140253825278143,0.10402916775684616,-0.003655403210117543,0.05094717236999446,0.07780541933858999,0.22760862903742868,0.1015697079960951,-0.005821793096434883,0.07057648779674734,0.0870478353915101,0.23022718732837547,0.10281204031984555,-0.011700136836389067,0.03543149390520408,0.10793371911638736,0.19520251088462962,0.10843762455435536,0.1411444865575234,0.1551821128529308,0.09555976064582927,0.07980340111739413,0.08968316800656141,0.08202012162688406,0.053430370634032075,0.02441247152675643,-0.008960329094508793,0.026507335992723608,0.1469588359346119,0.2230949183825695,0.08689122806415782,0.0,0.0,0.0,0.04562277255899464,0.03145432220273652,0.04296568176616634,-0.0016383122949142023,0.08762377165187026,0.003310238398736027,0.004133806306949676,0.04870551386546677,0.062419128516591114,-0.0015606919585722417,0.004331861630212945,0.010162552861467217,-0.02801775509592206,0.03393881092891422
fwd_pkt_len_min,-0.014435498081172065,0.43600622258598404,-0.0893710780114368,-0.048294574879403085,-0.05224789812592838,0.7977973297699262,-0.01579080687040482,-0.03048427696739308,-0.05729351670846134,0.0105325474051462,-0.03467019293274704,-0.03290830387676722,-0.033543471974095865,0.00441650809179809,-0.006028364355027837,-0.032235978190789036,1.0,-0.0017771237166074741,-0.039196673928698925,0.002577135601326797,-0.3537002920171006,0.004980421900654093,-0.010842347843064348,-0.006828964023076693,-0.04973150190504935,-0.01719213416418107,-0.054708376109031426,-0.05817083980898773,-0.013129445652895042,-0.3150408076353866,-0.00714736045864047,-0.07604745375820783,0.0024218364344703756,-0.04793685314837884,-0.07005317341675363,-0.08686657016311387,-0.07282387730558046,0.009224599818371582,-0.04950971375353165,-0.07502287244323452,-0.08890116547512683,-0.07484413234903513,-0.016590311227927614,-0.04749564661413876,-0.07649429401426251,-0.02428816224327244,-0.012174837716367046,-0.016572137693118764,-0.02165763538095057,-0.06625343894193537,-0.06599367396383418,-0.06701859934011029,-0.014519130495237273,-0.3602687087644984,-0.25629792475142354,-0.13090744220103892,-0.015506000565205003,-0.08546614148734642,-0.13109954448750394,-0.05000719462753828,0.0,0.0,0.0,-0.17792227136396563,-0.1708451059997295,0.0007070115647607452,0.005226874400781613,-0.0015053139852304568,-0.0034017074234651643,-0.003630866161107046,-0.025322987682311088,0.00013172830768630955,0.0048082859964205,-0.007893589786219797,-0.01506634407696762,-0.20727324861977925,-0.2662148933937789
fwd_pkt_len_mean,-0.006186936930265262,-0.06101920128076605,0.16682125527868147,0.07901332381156762,0.5385157667784997,-0.014806223784262666,0.8845256684739503,0.8509256761761955,0.7070593309124825,0.05398481817875298,-0.0171216331488967,-0.016378809176134188,-0.01643443275337557,9.282871113614426e-05,0.45240544057602294,0.7628961961113557,-0.0017771237166074741,1.0,0.8882423208507797,0.002215680331067186,0.02160975379992544,-0.00044505152680828,0.019942624739402757,0.002085015585424802,0.0026297224478236325,-0.006362564292696989,0.01085934307790203,0.0024861729779824928,0.02046485128135451,0.03825483954888169,0.00558502088419712,0.04321952466802743,-0.0030340428099936553,0.022317298440955837,0.03452428875051223,0.16572814760548252,0.040804204211767586,-0.004102904342207113,0.03501350752664152,0.039082977011368994,0.16868304555122043,0.040886640341707046,-0.009176788400700965,0.013690481693262892,0.05036913018247805,0.24713627242946098,0.16608462949197264,0.20179778093320166,0.1653475881456664,0.03194490195679046,0.027068234218322842,0.03031604656735046,0.02285359949525446,0.01023756585676439,0.005960286215254632,-0.008593987754967369,0.026042401403742924,0.16744190420075136,0.2864936356797069,0.08647159254291316,0.0,0.0,0.0,0.00899874674537557,0.001910790777778478,0.15500839557210924,-0.0011209350755131953,0.13991530556199505,2.644746481737707e-05,0.00028122281066860996,0.028274976493800938,0.166896447697937,-0.0011515371560793148,6.508055083842292e-05,0.013761744300032613,-0.022825573243441807,0.004958631216347857
fwd_pkt_len_std,-0.013099163126042253,-0.08798960514020601,0.2105249729310664,0.08586068903837214,0.6755416704222891,-0.04742981306138804,0.8104599821253501,0.810756344140453,0.7634735012463514,0.0075283851497220345,-0.01890821597468675,-0.01812570919019293,-0.018110438726009453,-0.00040139745299166507,0.2916662886638056,0.9553707380162662,-0.039196673928698925,0.8882423208507797,1.0,0.0016512627714769534,0.035981837112444334,-0.0009929130241561428,0.01744370613541372,0.0035723447579701314,0.005632701189086188,-0.008371357484148117,0.019980286641520274,0.006418689924548303,0.0183471948429576,0.054844772107427484,0.007114940301510078,0.07832508438578625,-0.003667853355502877,0.04176159217612909,0.06257640671507551,0.20857098867520366,0.07495320485681493,-0.005683891048941115,0.05913472989074715,0.0691901769247984,0.21183121895890822,0.07597735326485076,-0.011229982152716275,0.028261718605671542,0.08730371259433554,0.22330496443438258,0.13660093435116247,0.17094455588227175,0.16229821407758277,0.06762931186824599,0.05782621936539971,0.0643242931129383,0.05009334918452985,0.04476112167138499,0.027691723710955348,-0.009824116050819025,0.02368912598142551,0.14717997260334195,0.22357722477507289,0.08696511094514614,0.0,0.0,0.0,0.03380994613573293,0.021399583586815502,0.02954731750431875,-0.001704910237904577,0.07077470203807783,0.00130312714693438,0.0018529136433780178,0.04477509134870323,0.053335814337236026,-0.0016721559884470725,0.0015412080813415423,0.006004032633213062,-0.01856837869154344,0.025206338807325323
fwd_pkt_hdr_len_tot,-0.003248471695073019,0.01385121487777051,0.05809911744744232,-0.020639389242823953,0.0012164102040485045,0.0025544357798822264,0.002911869578985406,0.0019394073130021756,0.0012018329275574012,-0.0008520533469398978,-0.002632528452071505,-0.002447991706035388,-0.0025991288630822906,0.9966923896332117,0.33688892613636445,0.002013160154228051,0.002577135601326797,0.002215680331067186,0.0016512627714769534,1.0,-0.012262040576678216,0.9933583527217985,0.08288296848449632,0.08328532660281335,-0.00044530980696819915,-0.0013005870624506041,0.0005399298043913541,-0.0008774045944257027,0.08295867264802388,-0.019405770134580703,0.0828193767956883,0.003427296972209328,-0.0005330896941556627,-0.0015192238712601564,-0.0008120652252632262,0.05820612857821194,0.0030832625936221543,-0.0008927395008144992,-0.001069291208110463,-7.853977988751369e-05,0.006258632107511276,0.002690546626175061,-0.0014635352806138995,-0.0013057134913934375,0.0005348299487006488,0.00593012655284496,0.0021008049556998135,0.0033328546326518113,0.0054320066983366885,0.001974810766974067,0.0015424111735874446,0.0017817451391202509,0.002051790027792148,-0.011378451743913177,-0.010199705114566457,-0.0041121078636318425,0.0931961945139749,0.035418358509569495,0.015200394593444333,0.03590166288054206,0.0,0.0,0.0,-0.0048187083947199135,-0.004905095538069138,0.37955761088208506,0.9911443588416706,0.001082709668094024,0.043208393657587635,0.043282356192865044,-8.772536669504788e-05,0.4346050805895468,0.9918869128073909,0.056676472194143866,0.05648779755951019,-0.009124122265495518,-0.006669471896559312
fwd_pkt_hdr_len_min,0.027802539196655367,-0.8036255863516418,0.04705953033056667,0.12654261907064807,0.04514067112988972,-0.44263896302936906,0.047585836169236305,0.01895289977227971,0.05663980819647103,-0.04049802397564094,0.2960707309360378,0.28550066947796127,0.28184988083568757,-0.01516075633364503,-0.0007430357492712844,0.02808573582618264,-0.3537002920171006,0.02160975379992544,0.035981837112444334,-0.012262040576678216,1.0,-0.015800979953475815,0.009361002716362438,0.004082753992281099,0.04875986167487954,-0.12141512889246615,0.05011133554402242,0.06900024610637104,0.01549730397322116,0.7433195831958483,0.0035526123642075193,0.04174353585921438,-0.017489982132716,0.021277179658454937,0.040636493580794526,0.04587586849272187,0.04121277909533724,-0.010595281096416984,0.0262087291867036,0.044343117855682256,0.04562591686199059,0.03947595547071183,0.0015630673434118448,0.022444235553053127,0.0472774536008871,0.02647451138985124,0.02388368416281042,0.025540836391322118,0.012607365061500408,0.033112626523724716,0.03049131804954681,0.03204213516854711,0.015480904333520305,0.6692457090594838,0.5244252592909951,0.23003487340189227,0.015268521671675464,0.09745076449235088,0.15380195505219801,0.05534430010396401,0.0,0.0,0.0,0.10201158494554774,0.09613675427768303,-0.0053774026656126855,-0.015911543738317893,0.0015410373094144356,0.0017292275809375713,0.0018283405738633183,0.012862110504049989,-0.005039123659048667,-0.01534558503628366,0.006174843111683161,0.02067760262914867,0.4800513516864259,0.37480640209331967
fwd_non_empty_pkt_cnt,-0.0033276460417872465,0.01929537722976216,0.049525592717147134,-0.028578836393698518,-0.0018273780398990007,0.005454516463472538,-0.0021675018331655817,-0.0007829521267052956,-0.0020725488092837134,-0.0007566057076708717,-0.0018980044866723192,-0.001747462721575033,-0.0018918998725181487,0.9993222960877784,0.3360959698951849,-0.0009194245400040933,0.004980421900654093,-0.00044505152680828,-0.0009929130241561428,0.9933583527217985,-0.015800979953475815,1.0,-2.3746337209780887e-05,9.830834763741473e-05,-0.0020592572583175836,-0.0008656284709524205,-0.0035292220444718423,-0.0022731863802671784,-0.00016344123612301473,-0.023680921741881737,6.220156447018381e-05,-0.0022590859135147153,-0.00037766103444362824,-0.0025594845266579073,-0.0029629352308756713,0.049887912291411485,-0.002074838547707953,-0.0006218624374602236,-0.002525933686369664,-0.0027858550989035514,-0.0025671106333310634,-0.002735723205457438,-0.0011883149986198882,-0.0021580510366479323,-0.002651355706381612,-0.0005551107842790124,-0.00041409942634979024,-0.00048461783938846174,-0.0003941185783904408,-0.002536610308685569,-0.0024899215264073122,-0.0025343730268135274,-0.0006588347465715485,-0.015602369731401985,-0.011457039096484675,-0.005544137965599057,-0.00025640660800435377,-0.0022782484415082055,-0.003274836593395535,-0.0014183071930053042,0.0,0.0,0.0,-0.007409664495561613,-0.007087694317047558,0.380377753781564,0.9978192092807406,0.00033517417194458193,-9.48185043462864e-05,-0.00010160280305686425,-0.0009081283171719758,0.4357929685036237,0.9977713556759562,-5.052020662666069e-05,-0.0004436009036019841,-0.009580078441395858,-0.010977849324585787
bwd_pkt_cnt,-0.003103880672651512,-0.023847035458982143,0.07032586822845338,0.20615669407898032,0.016362199838184616,-0.013087571342255735,0.04215245349542575,0.01620718444614124,0.01847608936611066,0.002504505491752063,-0.005272340081234659,-0.00513931724636432,-0.004962373604028899,0.02926856105095945,0.03421516485099022,0.019965278491885737,-0.010842347843064348,0.019942624739402757,0.01744370613541372,0.08288296848449632,0.009361002716362438,-2.3746337209780887e-05,1.0,0.9972950615871929,0.004496976423334304,-0.001777122814056192,0.029850530036090093,0.0018262492279683656,0.9993551035295452,0.01570620936892746,0.9993383309737759,0.04470929820402012,-0.0010331725192375754,0.00287322149905748,0.009737462414119734,0.06669948437932502,0.03684270033125718,-0.0013857284495370345,0.005901925741802554,0.014104945837613138,0.06924208077650877,0.04097394391611113,-0.002687249151430995,0.00187969476202196,0.015611973399661855,0.051189225299511344,0.01753843871750496,0.027466402516480574,0.045790070307256785,0.03040467150505993,0.026438901859338854,0.028721646737958587,0.02101805426521991,0.012770997777254526,-0.005906030356556017,0.007174681590150183,0.9851164922866235,0.500489755516579,0.12997287243760103,0.5402208472185998,0.0,0.0,0.0,0.010878494632555571,0.0062624219194035245,0.02583392091535323,-0.0005174119924556841,0.008978564469129044,0.5736807983339686,0.5738251378850195,0.005166832709811431,0.0251172999722342,0.005599123224070239,0.7343001013747553,0.7394869268799344,-0.002626348025100774,0.013191720379566932
bwd_pkt_len_tot,-0.0016462112454791317,-0.015224343334618369,0.051968009745654346,0.2003359737268618,0.02418555449314852,-0.008241891159786246,0.03822976457964552,0.01568578244064481,0.022567180973721367,0.0017010375053897802,-0.0033622192483078353,-0.0032473725625921787,-0.0031953941295184904,0.02952748103219295,0.002802853271471512,0.006535884950212611,-0.006828964023076693,0.002085015585424802,0.0035723447579701314,0.08328532660281335,0.004082753992281099,9.830834763741473e-05,0.9972950615871929,1.0,0.028422549350403958,-0.001031202549706798,0.05438453246913599,0.02585813522726077,0.9966670243399318,0.00768577566037659,0.998090486543225,0.03384362553980284,-0.0006410487074941854,-0.0024711626690671774,0.0014182069009761118,0.048402265950506444,0.02593168286677059,-0.0011480887853172871,-0.0010842518420260332,0.004797914087443124,0.05058576301645854,0.02931921327311842,-0.0021140104894999657,-0.0024431400880106182,0.003851904412908873,0.04115916197521259,0.011847559017840454,0.019948438623085797,0.037498249265099294,0.019423140735421115,0.016277792380299316,0.018022891420634207,0.01564928265827904,0.00394131102779118,-0.006474963156617219,0.0026894439624852895,0.9835813907364613,0.4543503517354078,0.09890656857333367,0.4978214025310465,0.0,0.0,0.0,0.006113899806473328,0.00483531427341692,-4.505848251554277e-06,-0.0003024532998348338,0.0027598958765359134,0.579843864347003,0.5786183693691171,0.002359712105696287,0.00028804544435191606,0.005812483340611754,0.7369893359654917,0.7349117954104155,-0.004406484593882738,0.005995793153265576
bwd_pkt_len_max,0.06862267576144607,-0.11081663987325131,0.004171226835806471,-0.055074789447419815,0.7109899966457478,-0.05971523678742954,0.4343027905501021,0.49638153084495773,0.642584328442536,-0.009742593274844464,-0.02580742752812553,-0.024829416758782922,-0.024626063161045993,-0.0016683222196661692,-0.00024338197210048933,0.008153215224802423,-0.04973150190504935,0.0026297224478236325,0.005632701189086188,-0.00044530980696819915,0.04875986167487954,-0.0020592572583175836,0.004496976423334304,0.028422549350403958,1.0,-0.00962019825121998,0.9788347557898632,0.9976775008205421,0.004807950047180546,0.07534670182803253,0.0030630923102526564,-0.0021619068604441737,-0.004710580926225803,-0.011514483377721842,-0.009903762027847776,0.005035181185882811,0.001769219479433137,-0.007883045239871553,-0.009050578649386085,-0.00334011365053738,0.005984387174666484,0.0015451286978622539,-0.012892970073705547,-0.008365217483375337,0.005760586227923526,-0.0020892650294316363,-0.0017985638967178141,-0.001755949261142549,-0.00040682654508749646,-0.008720427411192921,-0.008202826287589667,-0.008512734585262487,-0.003074969097607963,0.12433019034752475,0.13635808157795357,-0.021797630403142403,0.009134556893834288,0.08725966338419137,0.14972325066759756,0.04489971366891487,0.0,0.0,0.0,0.17063385483662322,0.27325336929940236,-0.0008831903584219252,-0.0024050232173626904,0.0029290804164151638,0.001594791633342843,0.0004933439480513386,0.0024938962448798454,-0.00011777962827154283,-0.0017684394077519864,0.08141931408614368,0.011849834650929468,-0.00199874712247443,0.25860390651614357
bwd_pkt_len_min,0.02638110914757133,0.0858007878028172,-0.0036483140929207507,-0.11795675751405639,-0.011329832741019312,0.28297706431870917,-1.3122028342213746e-06,-0.0077520029151970414,-0.013828647676883776,0.0006004320615398736,-0.007897766601418624,-0.007899580214044888,-0.007226835069310677,-0.0009605577841033524,-0.0019700509379704284,-0.008199726055511093,-0.01719213416418107,-0.006362564292696989,-0.008371357484148117,-0.0013005870624506041,-0.12141512889246615,-0.0008656284709524205,-0.001777122814056192,-0.001031202549706798,-0.00962019825121998,1.0,-0.0032928519690296207,-0.012428147527655966,-0.0023071284714693487,-0.058864507256262445,-0.0009810855233208314,0.012350734743586922,0.1677395969802742,0.10699719110757021,0.00626375140877736,-0.012306696410096027,-0.005766186946279903,0.022552274845360463,0.013584338188955455,-0.007824871969354417,-0.005142527650265768,0.010512763097912077,0.049872091824012185,0.041399594549547045,-0.011608770327389162,-0.003528983491839652,-0.0015619340258523767,-0.0020588759257618165,-0.0029687352099692635,0.015017716874010455,0.01453123124149411,0.014646328647234544,0.003714923812771338,-0.07721413216139264,-0.05390831615261974,-0.027896005049302702,-0.0027639799427143256,-0.016835267195384283,-0.02747400495093145,-0.00921055659475687,0.0,0.0,0.0,-0.03812986419064172,-0.03661561686687079,-0.0005692597898568892,-0.0007704264015533659,-0.000645243137588526,-0.00034391932390219346,-0.0003795626691283173,-0.005401944620750786,-0.0008665917448207142,-0.000891906453498149,-0.000984860731554213,-0.002608694604601523,-0.043510163763083975,-0.05563780642820355
bwd_pkt_len_mean,0.05064035499244561,-0.11804846586399738,0.037511415074859084,0.004263315982550225,0.707492406144354,-0.06349256868780272,0.4552960201871246,0.49729711733862486,0.6454349450824665,-0.01176429131686315,-0.04172314222797532,-0.040216865567326746,-0.039736272248346055,-0.002260789924868382,0.0003387379603227822,0.025490488702013592,-0.054708376109031426,0.01085934307790203,0.019980286641520274,0.0005399298043913541,0.05011133554402242,-0.0035292220444718423,0.029850530036090093,0.05438453246913599,0.9788347557898632,-0.0032928519690296207,1.0,0.9855632737213637,0.030217876922928582,0.0961068086824097,0.02814658588617534,0.0380180417681884,-0.005425598713426347,-0.009636722358860199,0.00927398975009769,0.038027359618582314,0.04152390073001849,-0.01165583507318034,-0.0027259386625114687,0.025475686790433324,0.038300238368099045,0.039477154037461534,-0.014672323548164995,-0.007692230456305215,0.032095823974947195,0.009315088591840244,0.0018756902621294,0.004701171359155753,0.012477911763817065,0.029193708294421583,0.028134643002603,0.028985915284022,0.011467955347903023,0.14317923316642847,0.15316165370237153,-0.04137049947725062,0.03544796264836315,0.1084698341409083,0.17044421157133327,0.061892644263907226,0.0,0.0,0.0,0.18462322307187648,0.27726976570040307,-0.002266935974939933,-0.00393114372675246,0.01021521902725522,0.019370087208691003,0.015145956241003282,0.03510441245722297,-0.0009431410227006148,-0.003116057166602731,0.09952845198009033,0.029543941485578932,0.0061742169187385745,0.270290899746597
bwd_pkt_len_std,0.06546447670938997,-0.13026229340715859,0.002021997114666088,-0.04516829013469356,0.709466620017099,-0.07021804363559296,0.4368866306262728,0.49663053591692335,0.6434868463348327,-0.009854530755148517,-0.027907834506200522,-0.026868760409576104,-0.02661127655450492,-0.001963884860924482,-0.001371776483429979,0.008664146547068924,-0.05817083980898773,0.0024861729779824928,0.006418689924548303,-0.0008774045944257027,0.06900024610637104,-0.0022731863802671784,0.0018262492279683656,0.02585813522726077,0.9976775008205421,-0.012428147527655966,0.9855632737213637,1.0,0.002251327474023344,0.09664303697886828,0.00031417237515918463,-0.002828434450855537,-0.005453555485692882,-0.013978375502546929,-0.011212606680478389,0.002847893413300791,0.0009372778023954377,-0.008798688622015178,-0.011295851974813458,-0.00422134185179275,0.0037946288957694035,0.0006810256135652786,-0.015362482174158833,-0.011070511473411947,0.006338584012781981,-0.0035907996646597296,-0.002847443243872252,-0.003054976698373153,-0.0014925203783800447,-0.009632176374974719,-0.009050360168711202,-0.009388181841393088,-0.00340540655452783,0.1443255479107968,0.15872635748487945,-0.025351345182861872,0.006437943536412188,0.08522735540536783,0.14785616205109658,0.04322558633627231,0.0,0.0,0.0,0.1784870025631813,0.27841934306746596,-0.00156376548868317,-0.002605040326307076,0.0035460716427870107,0.0007876236993084318,-0.0007501535240740603,0.006781898887286529,-0.0007217202320037824,-0.0019784570117184477,0.08008555016959554,0.010485327251077418,0.0193048838048756,0.26881758203503897
bwd_pkt_hdr_len_tot,-0.0036855011445713283,-0.02924965223584743,0.07412364986276741,0.20801520690612732,0.01718159720158291,-0.015858215323571234,0.04288952261167016,0.016598861492755777,0.019300503158907124,0.002177145417057709,-0.005872491328750231,-0.005714357941518306,-0.005537484348510069,0.029176743169689223,0.034241163112653454,0.02098448166208581,-0.013129445652895042,0.02046485128135451,0.0183471948429576,0.08295867264802388,0.01549730397322116,-0.00016344123612301473,0.9993551035295452,0.9966670243399318,0.004807950047180546,-0.0023071284714693487,0.030217876922928582,0.002251327474023344,1.0,0.02225329014152744,0.9985253000990109,0.045228961454084116,-0.0012276703664659775,0.003997520417531561,0.010573207967802922,0.07051533602718726,0.03739752049884547,-0.0016365706396853988,0.007354328082527681,0.014847901724987187,0.07304979384219398,0.04160569886912367,-0.003034045235109642,0.0028024003476174145,0.016744999003064243,0.05153813562984033,0.01737507854401791,0.027284166016811814,0.04608442161717152,0.030943597566515376,0.026941354643332218,0.029282835433389314,0.021086458491560347,0.0183854782760695,-0.0005218989974002482,0.006809464092626509,0.9865435959138809,0.5045026118251003,0.1355338267731699,0.5427994212232511,0.0,0.0,0.0,0.011962759022491894,0.007017374472334536,0.02585783706635216,-0.0005724970296659646,0.00896407388903994,0.5742095956242494,0.574352416499087,0.00568292322587726,0.025153440241426243,0.005528577079830841,0.7329996368249239,0.7382926053767987,0.00019006697379156233,0.01700721413235678
bwd_pkt_hdr_len_min,-0.12762743428102596,-0.656124435564546,0.09551430484733987,0.36578875562476704,0.0745501557070457,-0.3792158709538037,0.08718645512809252,0.037684456348795185,0.08833666218060607,-0.03936038962214542,0.024219463491183212,0.013539804135190276,0.033141408100306434,-0.022844376868366854,0.0007322200221660037,0.04764979293923156,-0.3150408076353866,0.03825483954888169,0.054844772107427484,-0.019405770134580703,0.7433195831958483,-0.023680921741881737,0.01570620936892746,0.00768577566037659,0.07534670182803253,-0.058864507256262445,0.0961068086824097,0.09664303697886828,0.02225329014152744,0.9999999999999998,0.008274570870746954,0.08099625988690565,-0.03632702404372933,0.041184827054683834,0.08043864467461935,0.09294423867290288,0.07854008334947106,-0.013394483391271798,0.05617838915040774,0.08366646818986787,0.09600944489788706,0.08039436619743354,0.019048495648443922,0.05316871375003814,0.08302483736244207,0.016814539696499115,0.0023395789396469394,0.007129188669444372,0.02194139908401243,0.06716619844339657,0.06582055233557571,0.06736670521258374,0.017672127109956793,0.719186716467443,0.6018604316863772,0.14313837727236534,0.022476960320005145,0.13044296230796237,0.19228807807040219,0.07935038446897738,0.0,0.0,0.0,0.1833230127441327,0.17815215522115643,-0.007768246469267233,-0.023957777107748407,0.0030672697293787263,0.0034951531938955363,0.003719988716304894,0.026010031395285866,-0.007279138561152194,-0.02321112001587821,0.010420958474411107,0.030550711694331798,0.42728821199882244,0.5201970594455082
bwd_non_empty_pkt_cnt,-0.0023463073698085295,-0.01553799469270187,0.05809439688404217,0.20138459978274273,0.00863309236328744,-0.008609952231423523,0.029702919141161292,0.005084579815826556,0.008677591383802346,0.0014758286241870074,-0.004237493501945278,-0.004116816577857293,-0.004002509335946689,0.02935067276678114,0.0049728237452587075,0.010140253825278143,-0.00714736045864047,0.00558502088419712,0.007114940301510078,0.0828193767956883,0.0035526123642075193,6.220156447018381e-05,0.9993383309737759,0.998090486543225,0.0030630923102526564,-0.0009810855233208314,0.02814658588617534,0.00031417237515918463,0.9985253000990109,0.008274570870746954,0.9999999999999999,0.04033909974404534,-0.0006981733307914257,-0.00037464636240222896,0.0059479109942135915,0.05449647593520567,0.03246579382737921,-0.0011133139766414636,0.0016590965104994865,0.010201971564787122,0.056848666524611284,0.03618192718818191,-0.0018712796442024178,-0.0006511700373558413,0.010118077970624932,0.04440669436155717,0.01384047367371597,0.022689118095981238,0.040547022740312216,0.026124868280149812,0.0225692898516688,0.02455062530920859,0.018810907114282956,0.004531535091305133,-0.011967088655370191,0.0071520713646813245,0.9839652703112675,0.4890086279110672,0.10547650186051537,0.5361737940644977,0.0,0.0,0.0,0.005473907026512374,0.0016600420532306317,0.00012592949272855074,-0.00038712914111310183,0.0015871794701562082,0.5743328155859452,0.5744533769559375,0.003552020648525703,0.0005617671522402375,0.005728688682716203,0.734942065657106,0.7374701837290039,-0.00576878007572299,0.006394779257570324
iat_max,-0.032364498600006716,-0.1800951843340094,0.7576918693244252,0.03974662435695176,0.0685843111424815,-0.08625439224456728,0.0705686266550337,0.03562827599881367,0.05961776524730639,-0.022977548487855378,-0.04107199250175494,-0.03943126190968748,-0.03927844149893866,-0.0005524208515804953,0.011244324495928491,0.10402916775684616,-0.07604745375820783,0.04321952466802743,0.07832508438578625,0.003427296972209328,0.04174353585921438,-0.0022590859135147153,0.04470929820402012,0.03384362553980284,-0.0021619068604441737,0.012350734743586922,0.0380180417681884,-0.002828434450855537,0.045228961454084116,0.08099625988690565,0.04033909974404534,0.9999999999999998,0.0942208425684541,0.6581195212677378,0.9109656346890781,0.743616759372445,0.9810582440648444,0.20775445558200897,0.6884503929222789,0.915841696714333,0.719493510491785,0.9394241506287838,0.39719679216507225,0.6065957564091453,0.8027821075167506,0.15302905030751587,0.08658456905000197,0.12636946638090113,0.16414455705405295,0.9618392596473174,0.9385819618065678,0.9552819296031495,0.289033204502615,0.09461997911761752,-0.10674881280316749,-0.04505186513784285,0.05316379269094199,0.20555938143743538,0.2702635377234025,0.13775027194904424,0.0,0.0,0.0,0.121256080684595,0.08536938343573956,0.0004687865221503805,-0.0029945722167366495,0.026576957693054314,0.024979905281266816,0.02783602865215939,0.14845268453720994,0.001312483499326969,-0.00266561400965313,0.02748536034416512,0.03121633846566497,-0.10152241007264091,0.10629778144908429
iat_min,0.005371515037559838,0.013565045046396532,0.035647156998594276,-0.05561197582727994,-0.005268165773568943,0.05467395360695977,-0.003915000891963967,-0.0034048356431388553,-0.006032054844227332,-0.002052526073634761,-0.0036698348972090764,-0.0035231804877098307,-0.0035096333278935273,-0.00041325777854625095,-0.0008752661839190818,-0.003655403210117543,0.0024218364344703756,-0.0030340428099936553,-0.003667853355502877,-0.0005330896941556627,-0.017489982132716,-0.00037766103444362824,-0.0010331725192375754,-0.0006410487074941854,-0.004710580926225803,0.1677395969802742,-0.005425598713426347,-0.005453555485692882,-0.0012276703664659775,-0.03632702404372933,-0.0006981733307914257,0.0942208425684541,1.0,0.5520114225145268,0.00019300679503871167,0.006972826862955635,0.02635010650289204,0.13717144426091915,0.09761087162614235,-0.00150925384829379,0.021667187617074646,0.06529100525815444,0.16516896943947632,0.14835798350849247,-0.006451826466744658,0.010895322849638562,0.015923698831733352,0.014674123118551843,-0.0019991297212643352,0.09586914455831032,0.09853613391485436,0.09763436880781574,0.00667813090309448,-0.006465545058030773,-0.023864658230632628,-0.010780580379949372,-0.001436386498869453,-0.00793909424754774,-0.012146313366063907,-0.004657566423559367,0.0,0.0,0.0,-0.004992413278045588,-0.007041196080240702,-0.00025073685040176425,-0.0003387816199060524,-0.00028940544892195697,-0.0003207320289845424,-0.0003423245434082991,-0.0023873183812298834,-0.00038739390777914817,-0.0003869433482107749,-0.000760132848478888,-0.0017118456447192322,-0.009918755417687405,-0.024292626861632742
iat_mean,-0.023126152197590646,-0.12503176133695107,0.544954049538966,-0.07350786839327407,0.02710087860733406,-0.02846932173034342,0.018771187909622247,0.0198802930165966,0.023447361737869397,-0.018413697870431688,-0.03279841942388669,-0.03148790437538123,-0.0313664652543972,-0.002396907178042193,0.004066879935730625,0.05094717236999446,-0.04793685314837884,0.022317298440955837,0.04176159217612909,-0.0015192238712601564,0.021277179658454937,-0.0025594845266579073,0.00287322149905748,-0.0024711626690671774,-0.011514483377721842,0.10699719110757021,-0.009636722358860199,-0.013978375502546929,0.003997520417531561,0.041184827054683834,-0.00037464636240222896,0.6581195212677378,0.5520114225145268,1.0,0.7750903387376276,0.5139509787654621,0.596088728833157,0.49618555131372555,0.8040625956299489,0.5822050505039953,0.4958275702492115,0.5742748314660147,0.6516565057466251,0.7643796159755767,0.3714206067080409,0.09046489198911624,0.05251926595231005,0.06735399408038387,0.07439256725687168,0.6253997449974089,0.6174228942975544,0.6264483449350416,0.1366674432891037,0.011483907057426135,-0.03863992492404984,-0.03526636657868544,0.007068526101088908,0.05272266111953339,0.07788980804392344,0.03200584604702289,0.0,0.0,0.0,0.04185836239927399,0.02173998973963211,-0.0017189951397651824,-0.003006234323028825,0.004724796540745325,-8.470652126013664e-05,0.0006750756213059756,0.06004016450739127,-0.0016719338669222183,-0.0031432580379410647,-0.0035810240478227574,-0.006100178563721447,-0.09000335235775477,0.018174575143281167
iat_std,-0.03536747882750104,-0.17259374534447997,0.704496038366648,-0.028270685219776718,0.045920280278455995,-0.08391872919541211,0.04246770111341063,0.02840635925802157,0.041742955923505534,-0.0222633809004849,-0.03964904666929281,-0.0380648784274132,-0.037917922296436465,-0.002467022552303586,0.00679374101407939,0.07780541933858999,-0.07005317341675363,0.03452428875051223,0.06257640671507551,-0.0008120652252632262,0.040636493580794526,-0.0029629352308756713,0.009737462414119734,0.0014182069009761118,-0.009903762027847776,0.00626375140877736,0.00927398975009769,-0.011212606680478389,0.010573207967802922,0.08043864467461935,0.0059479109942135915,0.9109656346890781,0.00019300679503871167,0.7750903387376276,1.0,0.6895717070122556,0.8891025255497566,0.36703079954424933,0.8466169359096132,0.8836976181592141,0.6567728297515925,0.8290159766312455,0.5941384183337989,0.7739935270959669,0.659753621607925,0.1129857456778139,0.05818744470800948,0.08582489812076273,0.11901832671787642,0.8683489200532702,0.8607325504189922,0.8703464671923351,0.19268789563757616,0.04500927270118819,-0.07032078586309755,-0.04863558221139835,0.016243119552490207,0.12480712230604751,0.1754904357425193,0.07921515713779312,0.0,0.0,0.0,0.08366448945343337,0.0541688340748674,-0.001350682157387653,-0.0035583405620575256,0.014010788257457657,0.004029313206934359,0.005922604999569103,0.11834884199875563,-0.0009752404959297104,-0.0035837614484409246,-0.0003539720634347582,3.312673447293898e-05,-0.10602452774314096,0.06222366770115393
fwd_iat_tot,-0.04436475884632585,-0.20462719407623323,0.9954412644692764,0.05490253018581452,0.15840999027850206,-0.10511330439593432,0.1802651225811367,0.14708483161223498,0.16347337684409247,-0.025314301334102295,-0.04529973829627029,-0.043486437777949624,-0.04332535078785141,0.05228237796252829,0.08820992274705347,0.22760862903742868,-0.08686657016311387,0.16572814760548252,0.20857098867520366,0.05820612857821194,0.04587586849272187,0.049887912291411485,0.06669948437932502,0.048402265950506444,0.005035181185882811,-0.012306696410096027,0.038027359618582314,0.002847893413300791,0.07051533602718726,0.09294423867290288,0.05449647593520567,0.743616759372445,0.006972826862955635,0.5139509787654621,0.6895717070122556,1.0,0.7601085544181839,0.10927346127778878,0.6204327014888117,0.7204469671919241,0.9802102034771162,0.7408572667538323,0.16542619868991393,0.4639786967439952,0.7375261101044058,0.24245326133723955,0.08374045101573464,0.1381120354995827,0.25068453914280964,0.7512725560940445,0.728745733677087,0.7483159347639039,0.21027875396001453,0.13302619024641804,-0.021443847278324577,-0.0777542347749422,0.08059927644165367,0.22281000206440418,0.29988595727948747,0.14661763452990756,0.0,0.0,0.0,0.15967808439942574,0.10425273192115327,0.01914992328160442,0.048216964763515065,0.019298824152572377,0.022683767712086016,0.025130545728933508,0.14938137325349282,0.025796364759816642,0.04837195904703944,0.018497891534356863,0.019334966881696274,-0.1014203171543018,0.14903020400532468
fwd_iat_max,-0.02885122539967081,-0.1756368434200278,0.757347284870619,0.021700787726862042,0.06947864232807029,-0.08821255289478389,0.0698869443627381,0.03501421712047917,0.05969571634415035,-0.022101092855688963,-0.03948609551666264,-0.03790862108283942,-0.037761897608246164,-0.0005615983557561192,0.01145242975698588,0.1015697079960951,-0.07282387730558046,0.040804204211767586,0.07495320485681493,0.0030832625936221543,0.04121277909533724,-0.002074838547707953,0.03684270033125718,0.02593168286677059,0.001769219479433137,-0.005766186946279903,0.04152390073001849,0.0009372778023954377,0.03739752049884547,0.07854008334947106,0.03246579382737921,0.9810582440648444,0.02635010650289204,0.596088728833157,0.8891025255497566,0.7601085544181839,1.0,0.2112118392850976,0.7023855711858971,0.9337352032821716,0.7178749360133805,0.917419170580174,0.357870109819725,0.5693665799535965,0.7970075810564146,0.1484862361820964,0.07829212863104312,0.1191979061260099,0.16720401882171249,0.9613865289084114,0.9382703390525623,0.9550034389961881,0.2882949481454586,0.08584208343607061,-0.11826909023375286,-0.04265018310320352,0.04588240653899571,0.20661677051829083,0.2771258469798017,0.1363362579987153,0.0,0.0,0.0,0.11842799435500098,0.08096734503447021,0.00052495182889053,-0.002837719393720523,0.026314342231943354,0.023399551986153434,0.026279397758173503,0.14349755248341484,0.0012839211431161875,-0.002527351458483939,0.022316643000478975,0.026100512356080074,-0.09826499634065083,0.11105145777365992
fwd_iat_min,-0.006932547543748617,-0.010884138246751166,0.10908765539364199,-0.013851021203923064,-0.008692846580869702,0.010689269944445386,-0.010209679060919975,-0.004944198041410619,-0.009463784352126808,-0.003740806061054789,-0.006658274552029439,-0.006392260222768349,-0.006367550518835032,-0.000698375400708609,-0.0011189916163526525,-0.005821793096434883,0.009224599818371582,-0.004102904342207113,-0.005683891048941115,-0.0008927395008144992,-0.010595281096416984,-0.0006218624374602236,-0.0013857284495370345,-0.0011480887853172871,-0.007883045239871553,0.022552274845360463,-0.01165583507318034,-0.008798688622015178,-0.0016365706396853988,-0.013394483391271798,-0.0011133139766414636,0.20775445558200897,0.13717144426091915,0.49618555131372555,0.36703079954424933,0.10927346127778878,0.2112118392850976,1.0,0.7185124286695828,-0.002766742011284213,0.09456668278159508,0.17779877028587232,0.4253852603879162,0.3913259300266216,-0.0038035498502459885,0.004152899717658524,0.007631531503711709,0.0067179871457177685,-0.0025006588813908364,0.21003752634547904,0.21573549652543678,0.21468997983497018,0.013645835172331082,-0.04476206337449061,-0.03432117818185232,-0.017322783505104664,-0.0019649456191646363,-0.010921530164788763,-0.014409681826071491,-0.0072992412691367005,0.0,0.0,0.0,-0.02337217613381055,-0.02296885532708989,-0.0004544446475291254,-0.0006143888529794763,-0.0005246318356405517,-0.0005810166845955036,-0.000620223732669757,-0.004297464001181537,-0.0006678797432226543,-0.0006861785561613657,-0.001328253909933929,-0.002672059923017036,-0.028603279654452595,-0.04079299103690808
fwd_iat_mean,-0.028380653979635368,-0.1396502886875269,0.6183858614874971,-0.050184776641322155,0.04180961327252667,-0.06034368238639171,0.034240637102243225,0.03096824843747218,0.03836051034391803,-0.019067880321758924,-0.03396346794139649,-0.03260645284860714,-0.03248059582570786,-0.002277017732174962,0.007967739428212155,0.07057648779674734,-0.04950971375353165,0.03501350752664152,0.05913472989074715,-0.001069291208110463,0.0262087291867036,-0.002525933686369664,0.005901925741802554,-0.0010842518420260332,-0.009050578649386085,0.013584338188955455,-0.0027259386625114687,-0.011295851974813458,0.007354328082527681,0.05617838915040774,0.0016590965104994865,0.6884503929222789,0.09761087162614235,0.8040625956299489,0.8466169359096132,0.6204327014888117,0.7023855711858971,0.7185124286695828,1.0,0.6328367971967197,0.5789848269201905,0.6243195277263913,0.615303294012693,0.7578951354343462,0.44074561723470596,0.09090976768945414,0.03737549050904435,0.05704705364146155,0.09246172089418737,0.6849660515040701,0.6787809441209885,0.6880934642114104,0.14069774637778937,0.008198289016623497,-0.04738963489769131,-0.04580282323246975,0.011073707490392895,0.07357039881260873,0.1064678906405211,0.04552332272270817,0.0,0.0,0.0,0.05369899247346049,0.02836825454384973,-0.001653525296272067,-0.0031138765373291966,0.005973498235273368,0.0014519480505687146,0.0024771427153882273,0.0801743326131141,-0.0013309174175374105,-0.0032201341686606162,-0.0026691270214700496,-0.004402545698497915,-0.09445400464668693,0.03802182192278883
fwd_iat_std,-0.03027691417909281,-0.17376609827800302,0.7176844303990877,-0.026156839699435313,0.0562066875922806,-0.0907971058284635,0.056904168037527014,0.03285887632782257,0.051606979217866285,-0.02154584927275364,-0.038388835758294,-0.03685503626246397,-0.036712715892220006,-0.002120883426143715,0.008703036491843362,0.0870478353915101,-0.07502287244323452,0.039082977011368994,0.0691901769247984,-7.853977988751369e-05,0.044343117855682256,-0.0027858550989035514,0.014104945837613138,0.004797914087443124,-0.00334011365053738,-0.007824871969354417,0.025475686790433324,-0.00422134185179275,0.014847901724987187,0.08366646818986787,0.010201971564787122,0.915841696714333,-0.00150925384829379,0.5822050505039953,0.8836976181592141,0.7204469671919241,0.9337352032821716,-0.002766742011284213,0.6328367971967197,0.9999999999999998,0.6741309879203815,0.8418168281836497,0.40099955255582903,0.6121875160846999,0.751118151856976,0.11871976017640215,0.05536345153077794,0.08850158380439756,0.1376663786208132,0.8976294208841772,0.888595254287331,0.8987997344587775,0.20980254164928358,0.06232065879707872,-0.09251054265138758,-0.04840101737530642,0.02148149721896794,0.15794731737129727,0.21980416834647296,0.10113539346173712,0.0,0.0,0.0,0.10188122506428231,0.06698035916012332,-0.0009912885085904901,-0.0034452965050395,0.01692689999673066,0.007045314690369344,0.009385285546268525,0.13837347477890932,-0.00047016402995905056,-0.003382936227151209,0.002638874937761026,0.004548370398348278,-0.0987322118123597,0.09130140942394162
bwd_iat_tot,-0.04463913356837744,-0.20252559806436274,0.9853208968842783,0.08552941728605133,0.16083874934112946,-0.10443457394404017,0.18297889892601354,0.14961554752250367,0.16626976631818616,-0.02496808214841266,-0.04466313362975781,-0.0428789976205811,-0.042712709233625704,-8.758878724325598e-05,0.07213818768555223,0.23022718732837547,-0.08890116547512683,0.16868304555122043,0.21183121895890822,0.006258632107511276,0.04562591686199059,-0.0025671106333310634,0.06924208077650877,0.05058576301645854,0.005984387174666484,-0.005142527650265768,0.038300238368099045,0.0037946288957694035,0.07304979384219398,0.09600944489788706,0.056848666524611284,0.719493510491785,0.021667187617074646,0.4958275702492115,0.6567728297515925,0.9802102034771162,0.7178749360133805,0.09456668278159508,0.5789848269201905,0.6741309879203815,1.0,0.7692124897224666,0.18532874081858,0.48853978330349823,0.7583698604044938,0.2474276928111675,0.08689103371582815,0.14210097549354636,0.25502717168061134,0.7410479932816371,0.7177248857282983,0.7376786518220465,0.21246609038456174,0.1415739319668481,-0.028170331365191613,-0.07839673503994399,0.0828932986142251,0.22628520693509693,0.30119757610969056,0.15021001380920534,0.0,0.0,0.0,0.16618207502054952,0.11151858663950306,-0.0007851799706661903,-0.004067266180764571,0.01972714845186744,0.019785313837757546,0.022290840465739408,0.15196884249069922,0.0030195649619734993,-0.003920973896417783,0.017886341551696085,0.01914378714271339,-0.09891438640527128,0.15642887301986183
bwd_iat_max,-0.03107424090282389,-0.17042122228816847,0.7561727370104646,0.07137829584817092,0.07012819435045461,-0.08427759482685539,0.06906519934811316,0.03416857930859064,0.05971875518732866,-0.021677249924854855,-0.038717544316329885,-0.037170907450219046,-0.03702676838976984,-0.0011557343617288375,0.011604840575075985,0.10281204031984555,-0.07484413234903513,0.040886640341707046,0.07597735326485076,0.002690546626175061,0.03947595547071183,-0.002735723205457438,0.04097394391611113,0.02931921327311842,0.0015451286978622539,0.010512763097912077,0.039477154037461534,0.0006810256135652786,0.04160569886912367,0.08039436619743354,0.03618192718818191,0.9394241506287838,0.06529100525815444,0.5742748314660147,0.8290159766312455,0.7408572667538323,0.917419170580174,0.17779877028587232,0.6243195277263913,0.8418168281836497,0.7692124897224666,1.0,0.42444896911255725,0.6503763024229605,0.8577066600635703,0.1592437142892566,0.08526253618145287,0.12849419010190316,0.17755987715802993,0.9536032416343808,0.9262897362798895,0.9448489027811418,0.30225454225732284,0.1025258564715596,-0.13429080603481344,-0.039322552748170106,0.049596736687131944,0.2125130447229353,0.2792390064721716,0.1424748696910643,0.0,0.0,0.0,0.1312992380850817,0.095046918899339,0.00011746528068657738,-0.0034990378251991993,0.027334392993406984,0.016334957981880706,0.019372737669805476,0.1485130223008539,0.0008384648218975603,-0.0032272218066353906,0.020197410398056913,0.024809888303723077,-0.09488347391344241,0.12444174276106035
bwd_iat_min,-0.013757709074334127,-0.044643995160094235,0.18333052883851206,-0.06666028655815757,-0.01591866718107743,-0.0076732371683552875,-0.017221497451459768,-0.010404639336298704,-0.017173889622644538,-0.007159014221029934,-0.012722452809860878,-0.012214106394173061,-0.012166999932436993,-0.0012681700932680529,-0.0029241800468075446,-0.011700136836389067,-0.016590311227927614,-0.009176788400700965,-0.011229982152716275,-0.0014635352806138995,0.0015630673434118448,-0.0011883149986198882,-0.002687249151430995,-0.0021140104894999657,-0.012892970073705547,0.049872091824012185,-0.014672323548164995,-0.015362482174158833,-0.003034045235109642,0.019048495648443922,-0.0018712796442024178,0.39719679216507225,0.16516896943947632,0.6516565057466251,0.5941384183337989,0.16542619868991393,0.357870109819725,0.4253852603879162,0.615303294012693,0.40099955255582903,0.18532874081858,0.42444896911255725,1.0,0.920598376170527,0.004095058639735208,0.011146301071394983,0.012886188918868648,0.014158979337211611,0.005781046334348811,0.3817791077761461,0.3851076259053989,0.38511272978737093,0.046002146426221566,-0.08892909855046208,-0.07170574851503321,-0.010127461645556453,-0.0025305046818964467,-0.0031237170054616496,-0.001034458876744266,-0.003285091339716934,0.0,0.0,0.0,-0.051949745874708304,-0.048449209031130924,-0.0008502601230397346,-0.0011672371793637775,-0.0009493402751109642,-0.0011110947891191515,-0.0011861559712612374,-0.008270774272591198,-0.0012769862618179394,-0.0012675004286038202,-0.0023433401151788983,-0.004599298809066716,-0.056790618945296294,-0.05208320155266959
bwd_iat_mean,-0.026051413069494895,-0.1129116350698196,0.48339204815589326,-0.05543172687088156,0.018603370229283094,-0.045558084179157556,0.010010441395657304,0.012819421353486939,0.015193512947408299,-0.015536068631682621,-0.0276559117968844,-0.026550968282028558,-0.026448378882950842,-0.0020411816371996125,0.001973890782406856,0.03543149390520408,-0.04749564661413876,0.013690481693262892,0.028261718605671542,-0.0013057134913934375,0.022444235553053127,-0.0021580510366479323,0.00187969476202196,-0.0024431400880106182,-0.008365217483375337,0.041399594549547045,-0.007692230456305215,-0.011070511473411947,0.0028024003476174145,0.05316871375003814,-0.0006511700373558413,0.6065957564091453,0.14835798350849247,0.7643796159755767,0.7739935270959669,0.4639786967439952,0.5693665799535965,0.3913259300266216,0.7578951354343462,0.6121875160846999,0.48853978330349823,0.6503763024229605,0.920598376170527,0.9999999999999999,0.33977721302738123,0.07349713909439462,0.03569233780474488,0.05117937115836945,0.07229511975903907,0.5992829619449082,0.588266833745382,0.5975994890668704,0.13558939909343723,-0.02103105859277807,-0.06783942864197971,-0.026248584998143087,0.005574307750064529,0.047196065162591325,0.07169505356582263,0.02788672949817628,0.0,0.0,0.0,0.016947634590690645,0.004429797393723933,-0.0015092045738025058,-0.002533032864069608,0.0038742570415835793,-0.0005635702822195535,-1.0057363301756253e-06,0.04207004527935094,-0.0016404583246098108,-0.002656689780307805,-0.0031838205281251386,-0.005429935201992683,-0.08428948316314754,0.01536415710880036
bwd_iat_std,-0.028695699531290298,-0.17058549199772502,0.7459653305667393,0.054486262089111046,0.07607311867251126,-0.09134064519776007,0.0719721373150811,0.04501676770922249,0.07089685847214278,-0.021220057652005492,-0.037823725416539014,-0.03631265811412288,-0.0361721213715412,-0.0019050463900373374,0.011424960078518592,0.10793371911638736,-0.07649429401426251,0.05036913018247805,0.08730371259433554,0.0005348299487006488,0.0472774536008871,-0.002651355706381612,0.015611973399661855,0.003851904412908873,0.005760586227923526,-0.011608770327389162,0.032095823974947195,0.006338584012781981,0.016744999003064243,0.08302483736244207,0.010118077970624932,0.8027821075167506,-0.006451826466744658,0.3714206067080409,0.659753621607925,0.7375261101044058,0.7970075810564146,-0.0038035498502459885,0.44074561723470596,0.751118151856976,0.7583698604044938,0.8577066600635703,0.004095058639735208,0.33977721302738123,1.0,0.15116401704638666,0.07107781186792056,0.11306019924088906,0.17475518895471212,0.8233302786410542,0.7989337863564262,0.8158129105693747,0.25407163705516805,0.15388099816985648,-0.09111771434458754,-0.036609737582860395,0.024017644065831262,0.1839681101592597,0.25545243720089844,0.11801519108993003,0.0,0.0,0.0,0.1670429072441835,0.12878066213014666,-0.000967251724583035,-0.003437556008476159,0.021350672286056093,0.005974119684150698,0.008749724761229732,0.16658748897707004,-0.00018001652148735966,-0.0033516848229639875,0.001976835115261282,0.005947727424270027,-0.07819830959628865,0.15444095594832782
active_max,0.0037994381362892907,-0.06320181523841432,0.2485166916723922,0.06877689490603912,0.13451953515274043,-0.02987278395017323,0.22816398288078202,0.20938015075480132,0.1749414884845696,-0.007695995830785983,-0.013970935793913704,-0.013413004409875279,-0.013360666594959252,0.001400334991188323,0.13232375521936415,0.19520251088462962,-0.02428816224327244,0.24713627242946098,0.22330496443438258,0.00593012655284496,0.02647451138985124,-0.0005551107842790124,0.051189225299511344,0.04115916197521259,-0.0020892650294316363,-0.003528983491839652,0.009315088591840244,-0.0035907996646597296,0.05153813562984033,0.016814539696499115,0.04440669436155717,0.15302905030751587,0.010895322849638562,0.09046489198911624,0.1129857456778139,0.24245326133723955,0.1484862361820964,0.004152899717658524,0.09090976768945414,0.11871976017640215,0.2474276928111675,0.1592437142892566,0.011146301071394983,0.07349713909439462,0.15116401704638666,0.9999999999999999,0.7919867211108146,0.9118438446333039,0.6154924315549684,0.1587647649024902,0.13571686912225156,0.14737171936311122,0.1164000612465236,0.06996778618532548,-0.04072199034425419,0.005898615513459423,0.05799884135490568,0.146477696932684,0.1996778777620211,0.09540678676621867,0.0,0.0,0.0,0.0441225737437223,0.030740831719387317,0.00034291421260256147,-0.0012608076671889637,0.007874173405680756,0.009072373691846394,0.009164400535763126,0.023662481887768566,0.0071611502990113094,-0.0011493831515055721,0.012820470823504926,0.013158649871613968,-0.027530896063417982,0.039235357437688356
active_min,0.015013539288442597,-0.03677947730022123,0.0917304935072412,0.04717436071806211,0.07470597377801413,-0.015082967329465305,0.14839431307648265,0.1389395418937547,0.10797246609850275,-0.00443475983274503,-0.00806509068819321,-0.00774296101389302,-0.00771284715659516,0.00031636495450689016,0.09620215866377484,0.10843762455435536,-0.012174837716367046,0.16608462949197264,0.13660093435116247,0.0021008049556998135,0.02388368416281042,-0.00041409942634979024,0.01753843871750496,0.011847559017840454,-0.0017985638967178141,-0.0015619340258523767,0.0018756902621294,-0.002847443243872252,0.01737507854401791,0.0023395789396469394,0.01384047367371597,0.08658456905000197,0.015923698831733352,0.05251926595231005,0.05818744470800948,0.08374045101573464,0.07829212863104312,0.007631531503711709,0.03737549050904435,0.05536345153077794,0.08689103371582815,0.08526253618145287,0.012886188918868648,0.03569233780474488,0.07107781186792056,0.7919867211108146,1.0,0.9621921967386701,0.04254690534248003,0.08791312561857804,0.07816176015824439,0.08255770999468305,0.05356200170630829,0.06145009165810158,-0.035267101013622855,0.019650311096872975,0.020716077742182704,0.08589190817153627,0.11851637579376903,0.05539060092788475,0.0,0.0,0.0,0.03109665317538111,0.024555878406924532,-5.193794497358142e-05,-0.0007251414903368908,0.0036044464189771146,0.003277037290222484,0.0030171237506983685,0.010115353789273897,0.0049776459283952055,-0.000659620460355885,0.0071467537868939515,0.007403641134723444,-0.015154855956548861,0.017443096778936986
active_mean,0.01250934921993954,-0.047069639086131265,0.14584442088300115,0.05665535882611975,0.09742703597372877,-0.020472056832009172,0.1827260164065938,0.16923434031654017,0.13495114760324572,-0.005699563608237079,-0.010356300766604,-0.009942675876913474,-0.009903969384134625,0.0006308126489181829,0.11441612759880365,0.1411444865575234,-0.016572137693118764,0.20179778093320166,0.17094455588227175,0.0033328546326518113,0.025540836391322118,-0.00048461783938846174,0.027466402516480574,0.019948438623085797,-0.001755949261142549,-0.0020588759257618165,0.004701171359155753,-0.003054976698373153,0.027284166016811814,0.007129188669444372,0.022689118095981238,0.12636946638090113,0.014674123118551843,0.06735399408038387,0.08582489812076273,0.1381120354995827,0.1191979061260099,0.0067179871457177685,0.05704705364146155,0.08850158380439756,0.14210097549354636,0.12849419010190316,0.014158979337211611,0.05117937115836945,0.11306019924088906,0.9118438446333039,0.9621921967386701,1.0,0.30598044067928115,0.1296067676136552,0.11250512290738458,0.1205180881304255,0.09161671577285826,0.0660486148197867,-0.04458828249647314,0.01826889084838396,0.03195077194028994,0.11491253167488837,0.1577290907683961,0.074427919439244,0.0,0.0,0.0,0.03688599672857943,0.02819276205137131,0.00014042817868060797,-0.0009299527226493973,0.006188786312684087,0.005044968143082552,0.00495807203921437,0.014730673280837341,0.006064593571198716,-0.0008384876036667238,0.009363629035867427,0.009929643819742113,-0.019717795348950976,0.02560528907643622
active_std,-0.008971217071603404,-0.050972150407107175,0.25087423487051635,0.048529555008829495,0.10733716154421317,-0.026555292890464943,0.15871396706625054,0.14099763472430848,0.12663380300838498,-0.006271606587482253,-0.01134984699775936,-0.010896600741086832,-0.010854058592620092,0.001346994537149205,0.08327115525636847,0.1551821128529308,-0.02165763538095057,0.1653475881456664,0.16229821407758277,0.0054320066983366885,0.012607365061500408,-0.0003941185783904408,0.045790070307256785,0.037498249265099294,-0.00040682654508749646,-0.0029687352099692635,0.012477911763817065,-0.0014925203783800447,0.04608442161717152,0.02194139908401243,0.040547022740312216,0.16414455705405295,-0.0019991297212643352,0.07439256725687168,0.11901832671787642,0.25068453914280964,0.16720401882171249,-0.0025006588813908364,0.09246172089418737,0.1376663786208132,0.25502717168061134,0.17755987715802993,0.005781046334348811,0.07229511975903907,0.17475518895471212,0.6154924315549684,0.04254690534248003,0.30598044067928115,1.0,0.17195325444109916,0.14375918084980074,0.15808263045920207,0.14539359426822052,0.03629235501308443,-0.033136966398864334,-0.005991617758578164,0.05177544190923059,0.12543366303598033,0.16971879736237994,0.08219334002224411,0.0,0.0,0.0,0.03293486792490128,0.021318866034491988,0.0007521784134585805,-0.0010199044767866421,0.010084644064011885,0.008522380900115624,0.009108475758263936,0.023227682874254987,0.0048801437309156925,-0.0009170418611667163,0.01025160154256218,0.011176051254928139,-0.023419080217382468,0.040902144152584564
idle_max,-0.03779158214652378,-0.15861663735779688,0.7572716190503752,0.03680007421883283,0.05858433488232278,-0.07430025448226399,0.05585494119662867,0.02313833280578739,0.04707642981833495,-0.020274929139542843,-0.03611014212832183,-0.03466752806542103,-0.03453336808072612,-0.0012464052977581561,0.007320758437389685,0.09555976064582927,-0.06625343894193537,0.03194490195679046,0.06762931186824599,0.001974810766974067,0.033112626523724716,-0.002536610308685569,0.03040467150505993,0.019423140735421115,-0.008720427411192921,0.015017716874010455,0.029193708294421583,-0.009632176374974719,0.030943597566515376,0.06716619844339657,0.026124868280149812,0.9618392596473174,0.09586914455831032,0.6253997449974089,0.8683489200532702,0.7512725560940445,0.9613865289084114,0.21003752634547904,0.6849660515040701,0.8976294208841772,0.7410479932816371,0.9536032416343808,0.3817791077761461,0.5992829619449082,0.8233302786410542,0.1587647649024902,0.08791312561857804,0.1296067676136552,0.17195325444109916,1.0,0.975805763442894,0.9932302500201381,0.30016085287976935,0.06791591897234052,-0.11942827277101226,-0.07349056857465962,0.039020726691359066,0.19575409314253428,0.2609459559778305,0.1297931256975301,0.0,0.0,0.0,0.1083971131792288,0.06659705464039256,-0.0001623404578751479,-0.003262899812032655,0.02627377363527298,0.014124525552424338,0.017037641647846512,0.1463251045567077,0.0003676811523827304,-0.0030779139602077647,0.012878268241363292,0.016750457405100665,-0.09730072368873163,0.08304193732672333
idle_min,-0.037099733001555474,-0.1532247657712949,0.7332838041159746,0.027416119402520034,0.0480057233805144,-0.07410015609554924,0.04971285971792601,0.01883532000586707,0.04043045855365612,-0.01960127998758466,-0.034900527815358434,-0.03350621844767615,-0.033376592812443324,-0.0013379229850657064,0.005322487074933331,0.07980340111739413,-0.06599367396383418,0.027068234218322842,0.05782621936539971,0.0015424111735874446,0.03049131804954681,-0.0024899215264073122,0.026438901859338854,0.016277792380299316,-0.008202826287589667,0.01453123124149411,0.028134643002603,-0.009050360168711202,0.026941354643332218,0.06582055233557571,0.0225692898516688,0.9385819618065678,0.09853613391485436,0.6174228942975544,0.8607325504189922,0.728745733677087,0.9382703390525623,0.21573549652543678,0.6787809441209885,0.888595254287331,0.7177248857282983,0.9262897362798895,0.3851076259053989,0.588266833745382,0.7989337863564262,0.13571686912225156,0.07816176015824439,0.11250512290738458,0.14375918084980074,0.975805763442894,1.0,0.9940369689107585,0.08933378705173903,0.0632233820114722,-0.11574042597794076,-0.07376478904539636,0.034543389778878816,0.1815690638388105,0.24167582348085967,0.1205279178620951,0.0,0.0,0.0,0.10832687463695227,0.0671084690195486,-0.0005571834124080682,-0.003160205948440732,0.02117104134322126,0.012897214064619042,0.01570918002071917,0.13947773440652778,-5.7984422093662423e-05,-0.002985869803144519,0.011117036552956835,0.014794783911878218,-0.09517509299982216,0.08337533728803519
idle_mean,-0.037870285057712595,-0.15749971902052326,0.7535506841738165,0.0328137967846882,0.05461923630690562,-0.07527135665384083,0.053792709165319585,0.02175109796760052,0.044923679486576336,-0.020136634360629888,-0.03585882927214301,-0.03442624500399919,-0.03429303950498336,-0.0013021021640368343,0.006458159734420504,0.08968316800656141,-0.06701859934011029,0.03031604656735046,0.0643242931129383,0.0017817451391202509,0.03204213516854711,-0.0025343730268135274,0.028721646737958587,0.018022891420634207,-0.008512734585262487,0.014646328647234544,0.028985915284022,-0.009388181841393088,0.029282835433389314,0.06736670521258374,0.02455062530920859,0.9552819296031495,0.09763436880781574,0.6264483449350416,0.8703464671923351,0.7483159347639039,0.9550034389961881,0.21468997983497018,0.6880934642114104,0.8987997344587775,0.7376786518220465,0.9448489027811418,0.38511272978737093,0.5975994890668704,0.8158129105693747,0.14737171936311122,0.08255770999468305,0.1205180881304255,0.15808263045920207,0.9932302500201381,0.9940369689107585,1.0,0.1929257566320711,0.06605816298214175,-0.11711186424158554,-0.07495103472469367,0.037185374455021666,0.18966190592164608,0.25260302708454113,0.1258398117017883,0.0,0.0,0.0,0.10954327767089143,0.06757573036370139,-0.0003772543305776122,-0.0032444688458976682,0.023815798445794276,0.013683251048265092,0.016562687514227355,0.14465907832018243,0.00015394684691170504,-0.0030643794791164157,0.012054845148762037,0.015823427755164734,-0.09728672118916959,0.08388332496453335
idle_std,-0.008397012884310136,-0.04946244046800048,0.21792887120039434,0.055026484470821944,0.05451104671285337,-0.01616613927036381,0.03354469056974965,0.019180847488026054,0.0341914067321515,-0.006283001833568536,-0.011232296690668995,-0.010783647048418204,-0.010741743507146635,0.00013616723802208446,0.00895038313008802,0.08202012162688406,-0.014519130495237273,0.02285359949525446,0.05009334918452985,0.002051790027792148,0.015480904333520305,-0.0006588347465715485,0.02101805426521991,0.01564928265827904,-0.003074969097607963,0.003714923812771338,0.011467955347903023,-0.00340540655452783,0.021086458491560347,0.017672127109956793,0.018810907114282956,0.289033204502615,0.00667813090309448,0.1366674432891037,0.19268789563757616,0.21027875396001453,0.2882949481454586,0.013645835172331082,0.14069774637778937,0.20980254164928358,0.21246609038456174,0.30225454225732284,0.046002146426221566,0.13558939909343723,0.25407163705516805,0.1164000612465236,0.05356200170630829,0.09161671577285826,0.14539359426822052,0.30016085287976935,0.08933378705173903,0.1929257566320711,0.9999999999999998,0.033014556950708714,-0.041656276194942415,-0.013336694634585484,0.024627511619424922,0.09856790897393856,0.13062516557871415,0.0656528288009991,0.0,0.0,0.0,0.02463707518726403,0.014626498213915259,0.001993593414239902,-0.0009869324192973688,0.030311867696146633,0.007860715609093802,0.008925409373167091,0.059318283489882905,0.0021376370636412077,-0.0008731940584097292,0.010891755651016488,0.01305125469198025,-0.026389225468595366,0.018515082674171044
flag_SYN,0.07125677314542994,-0.8067250722859393,0.14060204722852473,0.2016427927816222,0.11083770865135564,-0.43477697329189197,0.08547688276049602,0.03715584486349527,0.10863712532652005,-0.037748258190762385,-0.048955148375382694,-0.04937959904504793,-0.04437172125964977,-0.014780669438823812,-0.013357455366397578,0.053430370634032075,-0.3602687087644984,0.01023756585676439,0.04476112167138499,-0.011378451743913177,0.6692457090594838,-0.015602369731401985,0.012770997777254526,0.00394131102779118,0.12433019034752475,-0.07721413216139264,0.14317923316642847,0.1443255479107968,0.0183854782760695,0.719186716467443,0.004531535091305133,0.09461997911761752,-0.006465545058030773,0.011483907057426135,0.04500927270118819,0.13302619024641804,0.08584208343607061,-0.04476206337449061,0.008198289016623497,0.06232065879707872,0.1415739319668481,0.1025258564715596,-0.08892909855046208,-0.02103105859277807,0.15388099816985648,0.06996778618532548,0.06145009165810158,0.0660486148197867,0.03629235501308443,0.06791591897234052,0.0632233820114722,0.06605816298214175,0.033014556950708714,1.0,0.5315638080070173,0.2688871891691869,0.021697481195003192,0.17886596097905783,0.2695617443872117,0.10652112215974087,0.0,0.0,0.0,0.46926620950235043,0.4539673750702035,-0.0029638667834483603,-0.01610164049460547,0.005441163553859903,0.006382412107619079,0.0068525304609192445,0.06094612248216367,-0.0026189499764336134,-0.015157193376913961,0.016410617122713207,0.03453657389760084,0.4603223766538602,0.6843246095744242
flag_fin,-0.10576665399677462,-0.5743504255596471,-0.016853838201750116,0.18279896029778644,0.10846006190209034,-0.3093702963057909,0.08122684223316863,0.052400336267995555,0.1112062464761414,0.030910406844003143,-0.10567488884162943,-0.09754025557823082,-0.10508114430394626,-0.011412220536957517,-0.012365713508623056,0.02441247152675643,-0.25629792475142354,0.005960286215254632,0.027691723710955348,-0.010199705114566457,0.5244252592909951,-0.011457039096484675,-0.005906030356556017,-0.006474963156617219,0.13635808157795357,-0.05390831615261974,0.15316165370237153,0.15872635748487945,-0.0005218989974002482,0.6018604316863772,-0.011967088655370191,-0.10674881280316749,-0.023864658230632628,-0.03863992492404984,-0.07032078586309755,-0.021443847278324577,-0.11826909023375286,-0.03432117818185232,-0.04738963489769131,-0.09251054265138758,-0.028170331365191613,-0.13429080603481344,-0.07170574851503321,-0.06783942864197971,-0.09111771434458754,-0.04072199034425419,-0.035267101013622855,-0.04458828249647314,-0.033136966398864334,-0.11942827277101226,-0.11574042597794076,-0.11711186424158554,-0.041656276194942415,0.5315638080070173,1.0,-0.4190888751844065,-0.002090713214557476,0.0011158392244698622,0.028378546587463728,-0.009691082561476492,0.0,0.0,0.0,0.26272249997827823,0.22326181452994998,-0.00026116199600708035,-0.011479316815890275,-0.0005948593968160205,-0.003785457693031576,-0.0042034691639299985,0.03653419630889989,-0.0009307248492456109,-0.011140622968560407,0.006174200201505344,0.008228680066333502,0.4840827014282633,0.2432124281965287
flag_rst,0.1591884413162822,-0.2934801089703743,-0.07699339205426753,-0.06855687184423236,-0.031587904001339616,-0.1581709402200765,-0.02753337871378891,-0.03099078771592009,-0.03190806778289536,-0.03542845423235376,0.26054974685872845,0.24538440197822584,0.25405991023819097,-0.005236488538318042,-0.008522560032616689,-0.008960329094508793,-0.13090744220103892,-0.008593987754967369,-0.009824116050819025,-0.0041121078636318425,0.23003487340189227,-0.005544137965599057,0.007174681590150183,0.0026894439624852895,-0.021797630403142403,-0.027896005049302702,-0.04137049947725062,-0.025351345182861872,0.006809464092626509,0.14313837727236534,0.0071520713646813245,-0.04505186513784285,-0.010780580379949372,-0.03526636657868544,-0.04863558221139835,-0.0777542347749422,-0.04265018310320352,-0.017322783505104664,-0.04580282323246975,-0.04840101737530642,-0.07839673503994399,-0.039322552748170106,-0.010127461645556453,-0.026248584998143087,-0.036609737582860395,0.005898615513459423,0.019650311096872975,0.01826889084838396,-0.005991617758578164,-0.07349056857465962,-0.07376478904539636,-0.07495103472469367,-0.013336694634585484,0.2688871891691869,-0.4190888751844065,1.0,0.010920001240822678,0.1342644625617992,0.19940990380905887,0.08109768121712836,0.0,0.0,0.0,0.1462961755055295,0.19923930058563408,-0.004138161533202356,-0.005868463427839065,-0.0034477462187968064,0.006231694084923657,0.005947923006698801,-0.02840982326483921,-0.0031735519258691614,-0.0051784088556934066,0.00516351485649758,0.02228104553754857,-0.03882854750637761,0.4565243290312336
flag_ack,-0.0014005414482427488,-0.03479168582106024,0.08399564553609486,0.17938952802562064,0.023943672705750766,-0.01874388844206341,0.04988351631166836,0.023246508030164488,0.02640559740744591,0.0017927095202971263,-0.006814896609775743,-0.006552828499270755,-0.0065068492891104555,0.032279577859833465,0.039246507322545324,0.026507335992723608,-0.015506000565205003,0.026042401403742924,0.02368912598142551,0.0931961945139749,0.015268521671675464,-0.00025640660800435377,0.9851164922866235,0.9835813907364613,0.009134556893834288,-0.0027639799427143256,0.03544796264836315,0.006437943536412188,0.9865435959138809,0.022476960320005145,0.9839652703112675,0.05316379269094199,-0.001436386498869453,0.007068526101088908,0.016243119552490207,0.08059927644165367,0.04588240653899571,-0.0019649456191646363,0.011073707490392895,0.02148149721896794,0.0828932986142251,0.049596736687131944,-0.0025305046818964467,0.005574307750064529,0.024017644065831262,0.05799884135490568,0.020716077742182704,0.03195077194028994,0.05177544190923059,0.039020726691359066,0.034543389778878816,0.037185374455021666,0.024627511619424922,0.021697481195003192,-0.002090713214557476,0.010920001240822678,1.0,0.49113524428917843,0.15439547462442524,0.5197080131731898,0.0,0.0,0.0,0.01812930013869578,0.013494773698856601,0.0281636759896313,-0.0006428414647858713,0.010139782342904998,0.5634412824449047,0.5638218485680991,0.007151823199150637,0.027424860014699765,0.006052749044705,0.7144081463734989,0.718997781930183,-0.002727179235666672,0.02480633158039751
flag_psh,0.04465242190426555,-0.19183790326445033,0.22395509414335496,0.09002160206707525,0.15795862085907153,-0.10328845540859154,0.20049530013677297,0.16544214588057748,0.17148470466940324,-0.007434969532923325,-0.04023007889612914,-0.03842133450540579,-0.03868049157795198,0.010498253016456034,0.2116735790512553,0.1469588359346119,-0.08546614148734642,0.16744190420075136,0.14717997260334195,0.035418358509569495,0.09745076449235088,-0.0022782484415082055,0.500489755516579,0.4543503517354078,0.08725966338419137,-0.016835267195384283,0.1084698341409083,0.08522735540536783,0.5045026118251003,0.13044296230796237,0.4890086279110672,0.20555938143743538,-0.00793909424754774,0.05272266111953339,0.12480712230604751,0.22281000206440418,0.20661677051829083,-0.010921530164788763,0.07357039881260873,0.15794731737129727,0.22628520693509693,0.2125130447229353,-0.0031237170054616496,0.047196065162591325,0.1839681101592597,0.146477696932684,0.08589190817153627,0.11491253167488837,0.12543366303598033,0.19575409314253428,0.1815690638388105,0.18966190592164608,0.09856790897393856,0.17886596097905783,0.0011158392244698622,0.1342644625617992,0.49113524428917843,1.0,0.5932559095077091,0.949996320684009,0.0,0.0,0.0,0.14627110616503902,0.15359421437308754,0.13837828310853978,-0.0036053858089258243,0.052076241446484386,0.20390596983099302,0.20722531148186543,0.0391718987010588,0.13468347598706104,7.151121244962769e-05,0.357025230854797,0.40214826918401697,-0.007489455005858959,0.26358571989234947
fwd_flag_psh,0.07305679538992849,-0.2948807530100686,0.29884113121343425,0.03451828495867414,0.2523693284696504,-0.15861658478369975,0.3217781197991053,0.27722457352245367,0.27877328014595243,-0.0028382236987097883,-0.06140560857165968,-0.057233461827620145,-0.06049059145823233,0.0014223539622756278,0.5131244254886894,0.2230949183825695,-0.13109954448750394,0.2864936356797069,0.22357722477507289,0.015200394593444333,0.15380195505219801,-0.003274836593395535,0.12997287243760103,0.09890656857333367,0.14972325066759756,-0.02747400495093145,0.17044421157133327,0.14785616205109658,0.1355338267731699,0.19228807807040219,0.10547650186051537,0.2702635377234025,-0.012146313366063907,0.07788980804392344,0.1754904357425193,0.29988595727948747,0.2771258469798017,-0.014409681826071491,0.1064678906405211,0.21980416834647296,0.30119757610969056,0.2792390064721716,-0.001034458876744266,0.07169505356582263,0.25545243720089844,0.1996778777620211,0.11851637579376903,0.1577290907683961,0.16971879736237994,0.2609459559778305,0.24167582348085967,0.25260302708454113,0.13062516557871415,0.2695617443872117,0.028378546587463728,0.19940990380905887,0.15439547462442524,0.5932559095077091,1.0,0.31221640129072703,0.0,0.0,0.0,0.22027907666450872,0.2399437633973395,0.4151839762509306,-0.005287800025298563,0.12501391721861557,0.018485948163185082,0.019611837592801214,0.058862550374718166,0.39519069798992706,-0.0035896344952065984,0.0571559267276506,0.10915493187401716,-0.01235710382304068,0.4029259866924526
bwd_flag_psh,0.024356718414366138,-0.1120084143728198,0.14837426079630764,0.09284658684589893,0.08851686138954973,-0.060365889110999216,0.11179179845852454,0.08770706814226807,0.09423726142645511,-0.007673203972092377,-0.02365727435885177,-0.02314109946487963,-0.02218351008524468,0.011837447530425494,0.050761154270497655,0.08689122806415782,-0.05000719462753828,0.08647159254291316,0.08696511094514614,0.03590166288054206,0.05534430010396401,-0.0014183071930053042,0.5402208472185998,0.4978214025310465,0.04489971366891487,-0.00921055659475687,0.061892644263907226,0.04322558633627231,0.5427994212232511,0.07935038446897738,0.5361737940644977,0.13775027194904424,-0.004657566423559367,0.03200584604702289,0.07921515713779312,0.14661763452990756,0.1363362579987153,-0.0072992412691367005,0.04552332272270817,0.10113539346173712,0.15021001380920534,0.1424748696910643,-0.003285091339716934,0.02788672949817628,0.11801519108993003,0.09540678676621867,0.05539060092788475,0.074427919439244,0.08219334002224411,0.1297931256975301,0.1205279178620951,0.1258398117017883,0.0656528288009991,0.10652112215974087,-0.009691082561476492,0.08109768121712836,0.5197080131731898,0.949996320684009,0.31221640129072703,1.0,0.0,0.0,0.0,0.08717187781913031,0.08818616689703922,0.002254731084680332,-0.002203666209601194,0.012963775930116408,0.23346238760576052,0.23694287353037363,0.023394937653899047,0.005649722643312825,0.0014767938666698246,0.39916120247586856,0.43224152075152084,-0.004045174673601959,0.1547690320972129
flag_urg,0.0,0.0,0.0,0.0,0.0,0.0,0.0,0.0,0.0,0.0,0.0,0.0,0.0,0.0,0.0,0.0,0.0,0.0,0.0,0.0,0.0,0.0,0.0,0.0,0.0,0.0,0.0,0.0,0.0,0.0,0.0,0.0,0.0,0.0,0.0,0.0,0.0,0.0,0.0,0.0,0.0,0.0,0.0,0.0,0.0,0.0,0.0,0.0,0.0,0.0,0.0,0.0,0.0,0.0,0.0,0.0,0.0,0.0,0.0,0.0,0.0,0.0,0.0,0.0,0.0,0.0,0.0,0.0,0.0,0.0,0.0,0.0,0.0,0.0,0.0,0.0,0.0
fwd_flag_urg,0.0,0.0,0.0,0.0,0.0,0.0,0.0,0.0,0.0,0.0,0.0,0.0,0.0,0.0,0.0,0.0,0.0,0.0,0.0,0.0,0.0,0.0,0.0,0.0,0.0,0.0,0.0,0.0,0.0,0.0,0.0,0.0,0.0,0.0,0.0,0.0,0.0,0.0,0.0,0.0,0.0,0.0,0.0,0.0,0.0,0.0,0.0,0.0,0.0,0.0,0.0,0.0,0.0,0.0,0.0,0.0,0.0,0.0,0.0,0.0,0.0,0.0,0.0,0.0,0.0,0.0,0.0,0.0,0.0,0.0,0.0,0.0,0.0,0.0,0.0,0.0,0.0
bwd_flag_urg,0.0,0.0,0.0,0.0,0.0,0.0,0.0,0.0,0.0,0.0,0.0,0.0,0.0,0.0,0.0,0.0,0.0,0.0,0.0,0.0,0.0,0.0,0.0,0.0,0.0,0.0,0.0,0.0,0.0,0.0,0.0,0.0,0.0,0.0,0.0,0.0,0.0,0.0,0.0,0.0,0.0,0.0,0.0,0.0,0.0,0.0,0.0,0.0,0.0,0.0,0.0,0.0,0.0,0.0,0.0,0.0,0.0,0.0,0.0,0.0,0.0,0.0,0.0,0.0,0.0,0.0,0.0,0.0,0.0,0.0,0.0,0.0,0.0,0.0,0.0,0.0,0.0
flag_cwr,0.08271619919672962,-0.39840352127335227,0.16270454100929735,0.14177941181002343,0.14270494154961016,-0.21471921099917515,0.0987905411671672,0.06981168567119776,0.1317659453227875,-0.0008771896451140662,-0.08334363142150358,-0.08046336830491843,-0.07924265501994762,-0.006774112302513835,-0.0034619397980364766,0.04562277255899464,-0.17792227136396563,0.00899874674537557,0.03380994613573293,-0.0048187083947199135,0.10201158494554774,-0.007409664495561613,0.010878494632555571,0.006113899806473328,0.17063385483662322,-0.03812986419064172,0.18462322307187648,0.1784870025631813,0.011962759022491894,0.1833230127441327,0.005473907026512374,0.121256080684595,-0.004992413278045588,0.04185836239927399,0.08366448945343337,0.15967808439942574,0.11842799435500098,-0.02337217613381055,0.05369899247346049,0.10188122506428231,0.16618207502054952,0.1312992380850817,-0.051949745874708304,0.016947634590690645,0.1670429072441835,0.0441225737437223,0.03109665317538111,0.03688599672857943,0.03293486792490128,0.1083971131792288,0.10832687463695227,0.10954327767089143,0.02463707518726403,0.46926620950235043,0.26272249997827823,0.1462961755055295,0.01812930013869578,0.14627110616503902,0.22027907666450872,0.08717187781913031,0.0,0.0,0.0,0.9999999999999998,0.9062994639079801,0.00029172417536226544,-0.007950197643350802,0.005378145465458576,0.005144255027442898,0.0055787976989244955,0.06321284997008851,0.0009556567016251,-0.0072905323643266025,0.018004340510567846,0.02234009471212542,0.29239472274289435,0.553192111937207
flag_ece,0.11583432149458275,-0.38255547206305657,0.10789832765914109,0.08130286819554192,0.20452809271411893,-0.20617794701121173,0.13020911675697155,0.11487371316929966,0.18543187205466682,-0.003661644371252598,-0.07988664075321707,-0.07714393200420963,-0.07593718519907793,-0.006598118126704079,-0.005533651504446665,0.03145432220273652,-0.1708451059997295,0.001910790777778478,0.021399583586815502,-0.004905095538069138,0.09613675427768303,-0.007087694317047558,0.0062624219194035245,0.00483531427341692,0.27325336929940236,-0.03661561686687079,0.27726976570040307,0.27841934306746596,0.007017374472334536,0.17815215522115643,0.0016600420532306317,0.08536938343573956,-0.007041196080240702,0.02173998973963211,0.0541688340748674,0.10425273192115327,0.08096734503447021,-0.02296885532708989,0.02836825454384973,0.06698035916012332,0.11151858663950306,0.095046918899339,-0.048449209031130924,0.004429797393723933,0.12878066213014666,0.030740831719387317,0.024555878406924532,0.02819276205137131,0.021318866034491988,0.06659705464039256,0.0671084690195486,0.06757573036370139,0.014626498213915259,0.4539673750702035,0.22326181452994998,0.19923930058563408,0.013494773698856601,0.15359421437308754,0.2399437633973395,0.08818616689703922,0.0,0.0,0.0,0.9062994639079801,1.0,-0.0008875562275391387,-0.007638421456604315,0.0036914921083866276,0.002631518309896824,0.002790688867399949,0.048357811268092445,-0.00011990568246832214,-0.006876125118939531,0.023617275405006348,0.0206694930036881,0.18918607660676773,0.5982738093920197
fwd_bulk_bytes_mean,-0.0012152110582569417,0.004640781510027149,0.019031684175456153,0.0010156106295912562,0.02968046885820557,0.0006310602586756469,0.10120393087641258,0.08466829949606516,0.053193352764396726,0.04988464472971871,-0.0012359983616029697,-0.001170976485585603,-0.0011981016505259014,0.3801318112791771,0.8896597240580658,0.04296568176616634,0.0007070115647607452,0.15500839557210924,0.02954731750431875,0.37955761088208506,-0.0053774026656126855,0.380377753781564,0.02583392091535323,-4.505848251554277e-06,-0.0008831903584219252,-0.0005692597898568892,-0.002266935974939933,-0.00156376548868317,0.02585783706635216,-0.007768246469267233,0.00012592949272855074,0.0004687865221503805,-0.00025073685040176425,-0.0017189951397651824,-0.001350682157387653,0.01914992328160442,0.00052495182889053,-0.0004544446475291254,-0.001653525296272067,-0.0009912885085904901,-0.0007851799706661903,0.00011746528068657738,-0.0008502601230397346,-0.0015092045738025058,-0.000967251724583035,0.00034291421260256147,-5.193794497358142e-05,0.00014042817868060797,0.0007521784134585805,-0.0001623404578751479,-0.0005571834124080682,-0.0003772543305776122,0.001993593414239902,-0.0029638667834483603,-0.00026116199600708035,-0.004138161533202356,0.0281636759896313,0.13837828310853978,0.4151839762509306,0.002254731084680332,0.0,0.0,0.0,0.00029172417536226544,-0.0008875562275391387,0.9999999999999998,0.38118644912978705,0.23376356122743747,4.6899722082927285e-05,0.0001554605071570514,0.0002303245281206296,0.9616368794073733,0.38096935862176273,2.1095853062175685e-05,0.07095782091091181,-0.004866035068921966,-0.006178137668326793
fwd_bulk_pkt_mean,-0.003426569416022603,0.019826163904477005,0.04786376172347207,-0.028595983933618077,-0.0025493850957567657,0.0057665142927900434,-0.0029746789444300087,-0.0015002965703707191,-0.002829673403321026,-0.0006798649929096665,-0.0016710509579014753,-0.001534306744540431,-0.0016699954950518345,0.9971307306745466,0.3349181502262836,-0.0016383122949142023,0.005226874400781613,-0.0011209350755131953,-0.001704910237904577,0.9911443588416706,-0.015911543738317893,0.9978192092807406,-0.0005174119924556841,-0.0003024532998348338,-0.0024050232173626904,-0.0007704264015533659,-0.00393114372675246,-0.002605040326307076,-0.0005724970296659646,-0.023957777107748407,-0.00038712914111310183,-0.0029945722167366495,-0.0003387816199060524,-0.003006234323028825,-0.0035583405620575256,0.048216964763515065,-0.002837719393720523,-0.0006143888529794763,-0.0031138765373291966,-0.0034452965050395,-0.004067266180764571,-0.0034990378251991993,-0.0011672371793637775,-0.002533032864069608,-0.003437556008476159,-0.0012608076671889637,-0.0007251414903368908,-0.0009299527226493973,-0.0010199044767866421,-0.003262899812032655,-0.003160205948440732,-0.0032444688458976682,-0.0009869324192973688,-0.01610164049460547,-0.011479316815890275,-0.005868463427839065,-0.0006428414647858713,-0.0036053858089258243,-0.005287800025298563,-0.002203666209601194,0.0,0.0,0.0,-0.007950197643350802,-0.007638421456604315,0.38118644912978705,1.0,0.0002993331590335322,-0.0001471554833566501,-0.00015689561213361574,-0.0011310160196036625,0.4366868478006481,0.9999444077875296,-0.00036363793978020097,-0.0008268192958807145,-0.009298674506240525,-0.011912591769633581
fwd_bulk_rate_mean,0.015923189675235917,-0.006852213167986048,0.0195193335220841,0.010798997188242494,0.06378401298795161,-0.002601926150828846,0.11254608941597573,0.09660962078025673,0.07625324641002369,0.08932082132991624,-0.0012626149076539713,-0.0010497640389748666,-0.0013743628010827779,0.0004222194925699235,0.21208167627655491,0.08762377165187026,-0.0015053139852304568,0.13991530556199505,0.07077470203807783,0.001082709668094024,0.0015410373094144356,0.00033517417194458193,0.008978564469129044,0.0027598958765359134,0.0029290804164151638,-0.000645243137588526,0.01021521902725522,0.0035460716427870107,0.00896407388903994,0.0030672697293787263,0.0015871794701562082,0.026576957693054314,-0.00028940544892195697,0.004724796540745325,0.014010788257457657,0.019298824152572377,0.026314342231943354,-0.0005246318356405517,0.005973498235273368,0.01692689999673066,0.01972714845186744,0.027334392993406984,-0.0009493402751109642,0.0038742570415835793,0.021350672286056093,0.007874173405680756,0.0036044464189771146,0.006188786312684087,0.010084644064011885,0.02627377363527298,0.02117104134322126,0.023815798445794276,0.030311867696146633,0.005441163553859903,-0.0005948593968160205,-0.0034477462187968064,0.010139782342904998,0.052076241446484386,0.12501391721861557,0.012963775930116408,0.0,0.0,0.0,0.005378145465458576,0.0036914921083866276,0.23376356122743747,0.0002993331590335322,0.9999999999999999,0.004223013734430402,0.001197398929645651,0.004810971247733135,0.22259245515700254,0.0002654625247041627,0.0036041536011414102,0.02177104137319517,-0.003463249860610189,0.0023733144009752613
bwd_bulk_bytes_mean,-0.0020448683464807395,-0.007614958436266675,0.023444798993347962,0.12152498766069535,0.0032497579052518802,-0.004105445376235813,0.015849191372323018,0.0017510225367229676,0.003474829892057411,0.0031024819920968927,-0.0016175214251546537,-0.0015738976243991954,-0.0015253162983513942,0.016448205110471764,0.00036396959955440765,0.003310238398736027,-0.0034017074234651643,2.644746481737707e-05,0.00130312714693438,0.043208393657587635,0.0017292275809375713,-9.48185043462864e-05,0.5736807983339686,0.579843864347003,0.001594791633342843,-0.00034391932390219346,0.019370087208691003,0.0007876236993084318,0.5742095956242494,0.0034951531938955363,0.5743328155859452,0.024979905281266816,-0.0003207320289845424,-8.470652126013664e-05,0.004029313206934359,0.022683767712086016,0.023399551986153434,-0.0005810166845955036,0.0014519480505687146,0.007045314690369344,0.019785313837757546,0.016334957981880706,-0.0011110947891191515,-0.0005635702822195535,0.005974119684150698,0.009072373691846394,0.003277037290222484,0.005044968143082552,0.008522380900115624,0.014124525552424338,0.012897214064619042,0.013683251048265092,0.007860715609093802,0.006382412107619079,-0.003785457693031576,0.006231694084923657,0.5634412824449047,0.20390596983099302,0.018485948163185082,0.23346238760576052,0.0,0.0,0.0,0.005144255027442898,0.002631518309896824,4.6899722082927285e-05,-0.0001471554833566501,0.004223013734430402,1.0,0.9987244768740299,0.004276418905918839,7.44676572821663e-05,0.00709695615532554,0.889145100505883,0.8813998032879415,-0.0033472849391070433,0.0036500303604092405
bwd_bulk_pkt_mean,-0.0022436578685232555,-0.008114241337242508,0.025893864605003807,0.1220297597719254,0.0030321552934561313,-0.0043795589674646,0.014073381145624255,-5.425984357727928e-06,0.002552872635751781,0.0030570387808706613,-0.001722086677920888,-0.0016811839071992282,-0.0016182272373320402,0.0164756343372023,0.0005138783675757114,0.004133806306949676,-0.003630866161107046,0.00028122281066860996,0.0018529136433780178,0.043282356192865044,0.0018283405738633183,-0.00010160280305686425,0.5738251378850195,0.5786183693691171,0.0004933439480513386,-0.0003795626691283173,0.015145956241003282,-0.0007501535240740603,0.574352416499087,0.003719988716304894,0.5744533769559375,0.02783602865215939,-0.0003423245434082991,0.0006750756213059756,0.005922604999569103,0.025130545728933508,0.026279397758173503,-0.000620223732669757,0.0024771427153882273,0.009385285546268525,0.022290840465739408,0.019372737669805476,-0.0011861559712612374,-1.0057363301756253e-06,0.008749724761229732,0.009164400535763126,0.0030171237506983685,0.00495807203921437,0.009108475758263936,0.017037641647846512,0.01570918002071917,0.016562687514227355,0.008925409373167091,0.0068525304609192445,-0.0042034691639299985,0.005947923006698801,0.5638218485680991,0.20722531148186543,0.019611837592801214,0.23694287353037363,0.0,0.0,0.0,0.0055787976989244955,0.002790688867399949,0.0001554605071570514,-0.00015689561213361574,0.001197398929645651,0.9987244768740299,1.0,0.004804591558544097,0.00018447600812679152,0.007113322871599115,0.8881747287302904,0.8822573078043435,-0.0036271842865200194,0.003952381084866597
bwd_bulk_rate_mean,-0.015498866623137137,-0.05670353635366985,0.15308447457809385,0.03967301415155632,0.034888947559688514,-0.03056404622491499,0.046562984368185394,0.02195330501496295,0.038210771078105575,-0.00593836953740564,-0.012256936496270328,-0.011792758448262344,-0.011695535804362686,-0.0007200670714265846,0.004126519152823986,0.04870551386546677,-0.025322987682311088,0.028274976493800938,0.04477509134870323,-8.772536669504788e-05,0.012862110504049989,-0.0009081283171719758,0.005166832709811431,0.002359712105696287,0.0024938962448798454,-0.005401944620750786,0.03510441245722297,0.006781898887286529,0.00568292322587726,0.026010031395285866,0.003552020648525703,0.14845268453720994,-0.0023873183812298834,0.06004016450739127,0.11834884199875563,0.14938137325349282,0.14349755248341484,-0.004297464001181537,0.0801743326131141,0.13837347477890932,0.15196884249069922,0.1485130223008539,-0.008270774272591198,0.04207004527935094,0.16658748897707004,0.023662481887768566,0.010115353789273897,0.014730673280837341,0.023227682874254987,0.1463251045567077,0.13947773440652778,0.14465907832018243,0.059318283489882905,0.06094612248216367,0.03653419630889989,-0.02840982326483921,0.007151823199150637,0.0391718987010588,0.058862550374718166,0.023394937653899047,0.0,0.0,0.0,0.06321284997008851,0.048357811268092445,0.0002303245281206296,-0.0011310160196036625,0.004810971247733135,0.004276418905918839,0.004804591558544097,0.9999999999999999,0.0009059896936050274,-0.001059090638039259,0.0022870163125783367,0.0036467875196627385,-0.026169366067809997,0.026358670072043427
fwd_subflow_bytes_mean,-0.0010471599919054362,0.0031162698504104734,0.02568281531936934,0.0006436672403920595,0.04387415118897913,-0.00024674059249268215,0.11587667605222852,0.10030169399769036,0.06896190913245723,0.05032474990022901,-0.0019517599854301279,-0.0018523505857280013,-0.0018885611232998978,0.43553476233781196,0.8668308451592931,0.062419128516591114,0.00013172830768630955,0.166896447697937,0.053335814337236026,0.4346050805895468,-0.005039123659048667,0.4357929685036237,0.0251172999722342,0.00028804544435191606,-0.00011777962827154283,-0.0008665917448207142,-0.0009431410227006148,-0.0007217202320037824,0.025153440241426243,-0.007279138561152194,0.0005617671522402375,0.001312483499326969,-0.00038739390777914817,-0.0016719338669222183,-0.0009752404959297104,0.025796364759816642,0.0012839211431161875,-0.0006678797432226543,-0.0013309174175374105,-0.00047016402995905056,0.0030195649619734993,0.0008384648218975603,-0.0012769862618179394,-0.0016404583246098108,-0.00018001652148735966,0.0071611502990113094,0.0049776459283952055,0.006064593571198716,0.0048801437309156925,0.0003676811523827304,-5.7984422093662423e-05,0.00015394684691170504,0.0021376370636412077,-0.0026189499764336134,-0.0009307248492456109,-0.0031735519258691614,0.027424860014699765,0.13468347598706104,0.39519069798992706,0.005649722643312825,0.0,0.0,0.0,0.0009556567016251,-0.00011990568246832214,0.9616368794073733,0.4366868478006481,0.22259245515700254,7.44676572821663e-05,0.00018447600812679152,0.0009059896936050274,1.0,0.4365760211779708,0.00040421409484103245,0.07344881137266474,-0.005837864351030177,-0.004622318642354775
fwd_subflow_pkt_mean,-0.0031852066738680593,0.018894327513453456,0.04802922120617332,-0.028196365272024876,-0.0020781453749842637,0.005249693242272432,-0.002561805322464169,-0.0012671922630376193,-0.0024152973843515253,-0.0007135580177960808,-0.0018814075735427889,-0.0017308520311789884,-0.0018767231417564673,0.9973572487979989,0.33474061050572973,-0.0015606919585722417,0.0048082859964205,-0.0011515371560793148,-0.0016721559884470725,0.9918869128073909,-0.01534558503628366,0.9977713556759562,0.005599123224070239,0.005812483340611754,-0.0017684394077519864,-0.000891906453498149,-0.003116057166602731,-0.0019784570117184477,0.005528577079830841,-0.02321112001587821,0.005728688682716203,-0.00266561400965313,-0.0003869433482107749,-0.0031432580379410647,-0.0035837614484409246,0.04837195904703944,-0.002527351458483939,-0.0006861785561613657,-0.0032201341686606162,-0.003382936227151209,-0.003920973896417783,-0.0032272218066353906,-0.0012675004286038202,-0.002656689780307805,-0.0033516848229639875,-0.0011493831515055721,-0.000659620460355885,-0.0008384876036667238,-0.0009170418611667163,-0.0030779139602077647,-0.002985869803144519,-0.0030643794791164157,-0.0008731940584097292,-0.015157193376913961,-0.011140622968560407,-0.0051784088556934066,0.006052749044705,7.151121244962769e-05,-0.0035896344952065984,0.0014767938666698246,0.0,0.0,0.0,-0.0072905323643266025,-0.006876125118939531,0.38096935862176273,0.9999444077875296,0.0002654625247041627,0.00709695615532554,0.007113322871599115,-0.001059090638039259,0.4365760211779708,1.0,0.007758041146004501,0.007341160564511377,-0.009162215009757106,-0.010568926862608572
bwd_subflow_bytes_mean,0.003430154573462251,-0.01755955991175679,0.02088406309452821,0.1416165245809107,0.06016343515207589,-0.009525219360749597,0.05233495598767013,0.04045740202262875,0.05439623021499813,0.004140689874639604,-0.00400085551303358,-0.003877873819722452,-0.0037882866253614806,0.02047076797699414,0.0007146378019191519,0.004331861630212945,-0.007893589786219797,6.508055083842292e-05,0.0015412080813415423,0.056676472194143866,0.006174843111683161,-5.052020662666069e-05,0.7343001013747553,0.7369893359654917,0.08141931408614368,-0.000984860731554213,0.09952845198009033,0.08008555016959554,0.7329996368249239,0.010420958474411107,0.734942065657106,0.02748536034416512,-0.000760132848478888,-0.0035810240478227574,-0.0003539720634347582,0.018497891534356863,0.022316643000478975,-0.001328253909933929,-0.0026691270214700496,0.002638874937761026,0.017886341551696085,0.020197410398056913,-0.0023433401151788983,-0.0031838205281251386,0.001976835115261282,0.012820470823504926,0.0071467537868939515,0.009363629035867427,0.01025160154256218,0.012878268241363292,0.011117036552956835,0.012054845148762037,0.010891755651016488,0.016410617122713207,0.006174200201505344,0.00516351485649758,0.7144081463734989,0.357025230854797,0.0571559267276506,0.39916120247586856,0.0,0.0,0.0,0.018004340510567846,0.023617275405006348,2.1095853062175685e-05,-0.00036363793978020097,0.0036041536011414102,0.889145100505883,0.8881747287302904,0.0022870163125783367,0.00040421409484103245,0.007758041146004501,1.0,0.9910283651040829,-0.0033766959702120226,0.024541516039311297
bwd_subflow_pkt_mean,0.0009799002600619719,-0.0323171217231659,0.021699065509286134,0.1573656802939634,0.014337256955585638,-0.018235492439600615,0.031056765717648448,0.010985312937256976,0.01485937005569209,0.008098645354253184,-0.0072815505198946555,-0.0072262311015941555,-0.006721528595966204,0.0200568381038363,0.06487227388788526,0.010162552861467217,-0.01506634407696762,0.013761744300032613,0.006004032633213062,0.05648779755951019,0.02067760262914867,-0.0004436009036019841,0.7394869268799344,0.7349117954104155,0.011849834650929468,-0.002608694604601523,0.029543941485578932,0.010485327251077418,0.7382926053767987,0.030550711694331798,0.7374701837290039,0.03121633846566497,-0.0017118456447192322,-0.006100178563721447,3.312673447293898e-05,0.019334966881696274,0.026100512356080074,-0.002672059923017036,-0.004402545698497915,0.004548370398348278,0.01914378714271339,0.024809888303723077,-0.004599298809066716,-0.005429935201992683,0.005947727424270027,0.013158649871613968,0.007403641134723444,0.009929643819742113,0.011176051254928139,0.016750457405100665,0.014794783911878218,0.015823427755164734,0.01305125469198025,0.03453657389760084,0.008228680066333502,0.02228104553754857,0.718997781930183,0.40214826918401697,0.10915493187401716,0.43224152075152084,0.0,0.0,0.0,0.02234009471212542,0.0206694930036881,0.07095782091091181,-0.0008268192958807145,0.02177104137319517,0.8813998032879415,0.8822573078043435,0.0036467875196627385,0.07344881137266474,0.007341160564511377,0.9910283651040829,1.0,0.009792664370141832,0.03829958906465815
fwd_tcp_init_win_bytes,-0.07034588237554129,-0.4652120945651102,-0.10386883178289977,0.2849348296074283,-0.027119837906141107,-0.25063549137585756,-0.009241262402330261,-0.04504754376161716,-0.013618213493639416,0.013620283991962799,0.08118640144259298,0.0749579628348046,0.08070854443882323,-0.009583606925603873,-0.01613864590839235,-0.02801775509592206,-0.20727324861977925,-0.022825573243441807,-0.01856837869154344,-0.009124122265495518,0.4800513516864259,-0.009580078441395858,-0.002626348025100774,-0.004406484593882738,-0.00199874712247443,-0.043510163763083975,0.0061742169187385745,0.0193048838048756,0.00019006697379156233,0.42728821199882244,-0.00576878007572299,-0.10152241007264091,-0.009918755417687405,-0.09000335235775477,-0.10602452774314096,-0.1014203171543018,-0.09826499634065083,-0.028603279654452595,-0.09445400464668693,-0.0987322118123597,-0.09891438640527128,-0.09488347391344241,-0.056790618945296294,-0.08428948316314754,-0.07819830959628865,-0.027530896063417982,-0.015154855956548861,-0.019717795348950976,-0.023419080217382468,-0.09730072368873163,-0.09517509299982216,-0.09728672118916959,-0.026389225468595366,0.4603223766538602,0.4840827014282633,-0.03882854750637761,-0.002727179235666672,-0.007489455005858959,-0.01235710382304068,-0.004045174673601959,0.0,0.0,0.0,0.29239472274289435,0.18918607660676773,-0.004866035068921966,-0.009298674506240525,-0.003463249860610189,-0.0033472849391070433,-0.0036271842865200194,-0.026169366067809997,-0.005837864351030177,-0.009162215009757106,-0.0033766959702120226,0.009792664370141832,1.0,0.22930408031074884
bwd_tcp_init_win_bytes,0.17036865367494924,-0.5965894206442282,0.14973822175868903,0.1076924831492747,0.18648849413117202,-0.3215314683005261,0.13484701093962453,0.08922515862440443,0.17342975455821655,-0.038967638159776864,-0.12707494840795372,-0.12235229514960948,-0.12116234563816804,-0.010147090097828184,-0.011020364104192425,0.03393881092891422,-0.2662148933937789,0.004958631216347857,0.025206338807325323,-0.006669471896559312,0.37480640209331967,-0.010977849324585787,0.013191720379566932,0.005995793153265576,0.25860390651614357,-0.05563780642820355,0.270290899746597,0.26881758203503897,0.01700721413235678,0.5201970594455082,0.006394779257570324,0.10629778144908429,-0.024292626861632742,0.018174575143281167,0.06222366770115393,0.14903020400532468,0.11105145777365992,-0.04079299103690808,0.03802182192278883,0.09130140942394162,0.15642887301986183,0.12444174276106035,-0.05208320155266959,0.01536415710880036,0.15444095594832782,0.039235357437688356,0.017443096778936986,0.02560528907643622,0.040902144152584564,0.08304193732672333,0.08337533728803519,0.08388332496453335,0.018515082674171044,0.6843246095744242,0.2432124281965287,0.4565243290312336,0.02480633158039751,0.26358571989234947,0.4029259866924526,0.1547690320972129,0.0,0.0,0.0,0.553192111937207,0.5982738093920197,-0.006178137668326793,-0.011912591769633581,0.0023733144009752613,0.0036500303604092405,0.003952381084866597,0.026358670072043427,-0.004622318642354775,-0.010568926862608572,0.024541516039311297,0.03829958906465815,0.22930408031074884,1.0
